outcome,n_players,rmse,cor,p_value
serve_efficiency,134,0.20746965021331498,0.4279145102688581,2.505011729479556e-7
win_percentage,134,0.06639213703208541,0.27307258625473996,0.0014113101930552435
