predictor,outcome,n,rmse,cor,p_value,serve_type
SQS_first,serve_efficiency,113,0.9535288341076428,0.5413323757382191,5.98955286195757e-10,first
avg_speed_first,serve_efficiency,113,0.9289563140120632,0.5646675840725656,7.305306486363333e-11,first
welo,serve_efficiency,113,1.2047879177024623,0.2677630637922887,0.004140380695123451,first
SQS_first,win_pct,113,1.125210698466188,0.3612982138324437,8.43777828119136e-5,first
avg_speed_first,win_pct,113,1.1310541084595687,0.3546472152779042,1.1616184461903885e-4,first
welo,win_pct,113,1.1392867545486036,0.3452183172894752,1.8059363638467648e-4,first
