predictor,outcome,n,rmse,cor,p_value
SQS_prob,serve_efficiency,133,0.9488878071432572,0.5422585177669483,1.5691817268839717e-11
SQS_prob,win_pct,133,1.293116377195255,0.15816230968157147,0.06902417018837903
welo,serve_efficiency,134,1.2776497282396277,0.1776687858590733,0.03999832954855709
welo,win_pct,134,1.1604401067088648,0.32162689350136625,1.510029912168417e-4
