outcome,n_players,rmse,cor,p_value
serve_efficiency,133,0.0704622722926018,0.5422585177669483,1.5691817268839717e-11
win_percentage,133,0.20300695973603464,0.15816230968157147,0.06902417018837903
