predictor,outcome,n,rmse,cor,p_value,serve_type
SQS_second,serve_efficiency,74,1.1843885247666068,0.28900385518963967,0.01251367560748855,second
welo,serve_efficiency,74,1.4308003399306846,-0.03761665303552348,0.7503375626974591,second
SQS_second,win_pct,74,1.411717722402979,-0.01012378529624976,0.9317783449147485,second
welo,win_pct,74,1.263005317678135,0.19148287668657327,0.10219244867331544,second
