predictor,outcome,n,rmse,cor,p_value,serve_type
SQS_first,serve_efficiency,92,1.2509545210423025,0.2089581117478665,0.04561077326240261,first
welo,serve_efficiency,92,1.4550244606871257,-0.07018048719891885,0.5062013049938067,first
SQS_first,win_pct,92,1.3542442390521952,0.0729344712716621,0.48961646219082633,first
welo,win_pct,92,1.3839510295534379,0.03181603515062683,0.7633592483265015,first
