predictor,outcome,n,rmse,cor,p_value,serve_type
SQS_second,serve_efficiency,63,1.2698645788161416,0.18071749147169752,0.1563727528513415,second
welo,serve_efficiency,63,1.5865022314651585,-0.27879296627393113,0.02692459384695474,second
SQS_second,win_pct,63,1.46892340671444,-0.09626908396769418,0.452919523364515,second
welo,win_pct,63,1.44950601909911,-0.06747794405231139,0.599260702952424,second
