"cor_metric_vs_winrate","avg_actual_win_rate","avg_metric_score","n_players","Method"
0.278239750639148,0.548552283706164,0.00455911669549148,56,"First Serve"
-0.0297157504422109,0.550111104384917,0.00546685509229203,53,"Second Serve"
0.208008189420659,0.548552283706164,0.00626837324542204,56,"Combined"
