"cor_metric_vs_winrate","avg_actual_win_rate","avg_metric_score","n_players","Method"
0.281567380021695,0.548552283706164,0.418928806330176,56,"First Serve"
0.308552672148796,0.550111104384917,0.308023026655015,53,"Second Serve"
0.280868153663822,0.548552283706164,0.440075959634122,56,"Combined"
