predictor,outcome,n,rmse,cor,p_value,serve_type
SQS_first,serve_efficiency,65,0.9255716886522174,0.5649656890293471,9.4547699272996e-7,first
welo,serve_efficiency,65,1.4732092142311526,-0.10212851779853101,0.41821040104398777,first
SQS_first,win_pct,65,1.0363152412969425,0.45463513158295205,1.42087501951969e-4,first
welo,win_pct,65,1.4868412110218276,-0.12261946204324661,0.3305104348871024,first
