predictor,outcome,n,rmse,cor,p_value,serve_type
SQS_second,serve_efficiency,45,1.1352437338862977,0.3409656239799471,0.021901942439174617,second
welo,serve_efficiency,45,1.3111177394418727,0.12095070794815352,0.4286860626992949,second
SQS_second,win_pct,45,1.2515672644963247,0.19898945693015233,0.19004412915709692,second
welo,win_pct,45,1.180428453923533,0.28746011286984524,0.05552984393994732,second
