"cluster","avg_overperf_lm","avg_overperf_rf","avg_overperf_xgb","avg_rf_weighted_baseline"
"1",0.00823957468144521,0.0103343677357003,0.00712067906935839,0.327636901907032
"2",0.0070052002876038,0.000279464264758315,0.00212704314293794,-0.481600093782763
"3",0.0023300071259594,-0.000441072836298311,0.00414868536120794,-0.124203018209474
"4",0.0141073957567151,0.0178610156569001,0.0205326223990089,0.0851326608150672
