"cluster","avg_overperf_lm","avg_overperf_rf","avg_overperf_xgb","avg_rf_weighted_baseline"
"1",0.224200390420576,0.247720381960721,0.0417739611251838,0.623764603704544
"2",0.214115910159816,0.178939430712728,0.00903697881365337,-0.228622053772848
"3",0.175920939987828,0.174010569151464,0.0222903409960238,0.147831939634157
"4",0.272138784235659,0.299206704551977,0.129699183951901,0.36832969330197
