"cluster","avg_overperf_lm","avg_overperf_rf","avg_overperf_xgb","avg_rf_weighted_baseline"
"1",-0.0698400126018868,-0.0392148504297405,-0.0642140398367836,-0.0689626492529992
"2",0.0776692599554543,0.118249273853064,0.0953039247892716,0.425150839848658
"3",0.00512515583972863,0.0214412331841042,0.0184197223890714,0.0454965800669229
"4",0.00331590595472727,-0.0839241562955369,-0.0667444238571359,-0.375702677282234
