"cluster","avg_overperf_lm","avg_overperf_rf","avg_overperf_xgb","avg_rf_weighted_baseline"
"1",-0.0100504311777319,-0.00468389645124086,-0.007495356863851,-0.107216362472035
"2",0.0111771106952316,0.0141239185689236,0.0111243106435427,0.660982822502591
"3",0.000737543195130395,0.00256098174341343,0.00215003436927623,0.07073361990195
"4",0.00047718039198803,-0.0100240611283303,-0.00779071487719722,-0.584105669743451
