"cluster","avg_overperf_lm","avg_overperf_rf","avg_overperf_xgb","avg_rf_weighted_baseline"
"1",0.0101805505595183,0.0448297536555317,-0.0334389503901117,0.0392958438585766
"2",0.170379871303716,0.216068039611112,0.131325063908308,0.59086350675179
"3",0.0915948837442524,0.110791723330343,0.0519123792411916,0.167064081328328
"4",0.0896299862323278,-0.00379049516363853,-0.0360525508700774,-0.303111081083874
