"cluster","avg_overperf_lm","avg_overperf_rf","avg_overperf_xgb","avg_rf_weighted_baseline"
"1",0.00716438640547982,0.00331539365192961,-0.000444163455577153,-0.171074898230248
"2",-0.00258497021220644,-0.00813736168264175,-0.00327052035120392,-0.409376807015732
"3",-0.00241243565813878,-0.0024576017503913,-0.00238160840776504,0.0388499472747929
"4",0.0326399235900817,0.0396467932436042,0.0200030285240525,0.515800406391603
