"cluster","avg_overperf_lm","avg_overperf_rf","avg_overperf_xgb","avg_rf_weighted_baseline"
"1",0.0830786335448477,0.168134561044651,0.00681901404644952,0.21334987300295
"2",0.0301015667781244,0.0982939338987432,-0.0116184098784325,0.0588422633665268
"3",0.0310391029611606,0.132929965501475,-0.00581969197467726,0.349458669812786
"4",0.221510253934902,0.389688908312657,0.140203990015058,0.658698640775293
