"cluster","avg_overperf_lm","avg_overperf_rf","avg_overperf_xgb","avg_rf_weighted_baseline"
"1",0.0372845471765849,0.0176125743949117,-0.00286956869225929,-0.083759147019724
"2",-0.0134525747736552,-0.0432286186982403,-0.0211295699575643,-0.200432982980043
"3",-0.0125546789376902,-0.0130556724799904,-0.0153866529052084,0.019021133311553
"4",0.169863084158012,0.210618155438722,0.129231848505862,0.252538522709751
