outcome,n_players,rmse,cor,p_value
serve_efficiency,99,0.2108014347373462,0.33518624210499937,6.954454750543927e-4
win_percentage,99,0.059815785988875804,0.242865574833425,0.015427922431276768
