outcome,n_players,rmse,cor,p_value
serve_efficiency,97,0.06662923219841276,0.5507275712392224,5.080438788819754e-9
win_percentage,97,0.19830567181665937,0.40167163430485353,4.545555029952665e-5
