predictor,outcome,n,rmse,cor,p_value,serve_type
SQS_first,serve_efficiency,79,1.1467248003585986,0.33408177145615414,0.002620947928117973,first
avg_speed_first,serve_efficiency,79,1.0794207144129244,0.4099565562974812,1.7540863596725138e-4,first
welo,serve_efficiency,79,1.3126744364375174,0.12739730826892454,0.26320428178845784,first
SQS_first,win_pct,79,1.269741521865099,0.18354333938772097,0.10541418953954704,first
avg_speed_first,win_pct,79,1.280186941254944,0.17005506563964448,0.13404821666821926,first
welo,win_pct,79,1.2582358627086299,0.19827281147253664,0.07983692605430545,first
