predictor,outcome,n,rmse,cor,p_value,serve_type
SQS_second,serve_efficiency,57,1.3079356562980191,0.1293780909116373,0.3374669644464702,second
avg_speed_second,serve_efficiency,57,1.1891418280442843,0.2803453359762801,0.03466686592122037,second
welo,serve_efficiency,57,1.1192472079072555,0.36245789457797606,0.0055923475991757655,second
SQS_second,win_pct,57,1.366869956005234,0.049151712786644965,0.716540949503671,second
avg_speed_second,win_pct,57,1.3412189721255017,0.0845045100196868,0.5319841961300144,second
welo,win_pct,57,1.197135701433411,0.2706372178942098,0.04173335498971773,second
