predictor,outcome,n,rmse,cor,p_value
SQS_prob,serve_efficiency,99,1.1472562637974244,0.33518624210499937,6.954454750543927e-4
SQS_prob,win_pct,99,1.2243256124823534,0.24286557483342502,0.015427922431276768
welo,serve_efficiency,99,1.130525385649236,0.3544353208564386,3.1896755160855926e-4
welo,win_pct,99,1.0607134970769554,0.4317030654834632,8.139446336645679e-6
