predictor,outcome,n,rmse,cor,p_value,serve_type
SQS_first,serve_efficiency,86,1.2267215833235674,0.2387250441335195,0.026859094968040027,first
welo,serve_efficiency,86,1.568905596227669,-0.24521158946592198,0.022870893840722464,first
SQS_first,win_pct,86,1.3361727293292387,0.0968191153889962,0.3751807191774076,first
welo,win_pct,86,1.3980277849576404,0.011262205140196229,0.9180293659655789,first
