predictor,outcome,n,rmse,cor,p_value,serve_type
SQS_first,serve_efficiency,86,1.1904707977865732,0.2830530473358614,0.008272166927377495,first
welo,serve_efficiency,86,1.568905596227669,-0.245211589465922,0.02287089384072243,first
SQS_first,win_pct,86,1.2855180544389881,0.1640007442775314,0.1313341685677742,first
welo,win_pct,86,1.3980277849576401,0.011262205140196236,0.9180293659655789,first
