predictor,outcome,n,rmse,cor,p_value,serve_type
SQS_second,serve_efficiency,82,1.5084862225208258,-0.15181182746840902,0.17335066555391412,second
welo,serve_efficiency,82,1.6154315372503885,-0.3209182853490042,0.003286356118789564,second
SQS_second,win_pct,82,1.5079066222624913,-0.15092688444427252,0.17590011143700737,second
welo,win_pct,82,1.2822952478965521,0.16770956526047753,0.13205456279535413,second
