predictor,outcome,n,rmse,cor,p_value,serve_type
SQS_second,serve_efficiency,82,1.4617047238733758,-0.081479119648684,0.46679173581796485,second
welo,serve_efficiency,82,1.6154315372503885,-0.3209182853490042,0.003286356118789564,second
SQS_second,win_pct,82,1.5001867241853117,-0.1391724506703225,0.2124006175610753,second
welo,win_pct,82,1.282295247896552,0.16770956526047753,0.13205456279535413,second
