predictor,outcome,n,rmse,cor,p_value,serve_type
SQS_first,serve_efficiency,62,0.7920963826211105,0.6811489006523787,1.1114195840936137e-9,first
welo,serve_efficiency,62,1.294923310128147,0.14784233192606028,0.2514908578165496,first
SQS_first,win_pct,62,1.1435866468467681,0.33538519697978253,0.007704733850726647,first
welo,win_pct,62,1.3041041642484212,0.13571610151619243,0.29291076139963595,first
