predictor,outcome,n,rmse,cor,p_value,serve_type
SQS_first,serve_efficiency,62,0.809960671357321,0.6666045087948584,3.3310881370427465e-9,first
welo,serve_efficiency,62,1.2949233101281468,0.14784233192606028,0.2514908578165496,first
SQS_first,win_pct,62,1.1523953558312765,0.32510710261661774,0.009930177270525904,first
welo,win_pct,62,1.3041041642484215,0.13571610151619246,0.2929107613996358,first
