predictor,outcome,n,rmse,cor,p_value,serve_type
SQS_second,serve_efficiency,60,1.2142517568557054,0.2503013581217797,0.053747374625133584,second
welo,serve_efficiency,60,1.3379156822457305,0.08982116637335998,0.4949244785758721,second
SQS_second,win_pct,60,1.5555576259854604,-0.2303862005567059,0.07657214506163745,second
welo,win_pct,60,1.3627668095205512,0.055694892984327754,0.6725404551994951,second
