"cluster","avg_overperf_lm","avg_overperf_rf","avg_overperf_xgb","avg_rf_weighted_baseline"
"1",0.00974923551073201,0.0532347067086181,0.0123578379532543,0.316825060249578
"2",-0.0258203202666579,-0.00947500476503539,-0.0163150375200067,-0.0879115627437867
"3",-0.00731855603290753,-0.0486125898080293,-0.0296075565361173,-0.0622317959609991
"4",0.0118595329652536,0.0187487630807087,0.0431829283638577,-0.163611884331237
