"cluster","avg_overperf_lm","avg_overperf_rf","avg_overperf_xgb","avg_rf_weighted_baseline"
"1",-0.171333271574912,-0.0163972106676401,-0.114169020904049,0.445032654483403
"2",-0.213407264982718,-0.0837190445743437,-0.146515179077717,0.000890410881279144
"3",-0.191522170007806,-0.125735088626482,-0.161510602994043,0.029070389134133
"4",-0.168837073934836,-0.0534194981965737,-0.0793949274906138,-0.0821801806124971
