"cluster","avg_overperf_lm","avg_overperf_rf","avg_overperf_xgb","avg_rf_weighted_baseline"
"1",0.00216352422126912,0.0111954994346698,0.00284771091409666,0.593114137059656
"2",-0.00572997628750962,-0.00199263632785778,-0.00375959861145327,-0.164575335780801
"3",-0.00162411434460485,-0.0102234473591176,-0.00682269521631264,-0.116501383855192
"4",0.00263183577779209,0.0039429496178073,0.00995097175327726,-0.306290548832792
