year,ServerName,avg_speed,sd_speed,location_entropy,modal_location,n_serves,avg_speed_z,sd_speed_z,location_entropy_z,SQS_FE_logodds,SQS_FE_centered,SQS_percentile,SQS_rank,tournament,gender
2016,Adrian Mannarino,110.86486486486487,9.958538124267115,2.421265260252627,WC_DNCTL,111,-1.207216115856264,1.6440808659954402,-2.0072788382709215,-0.13234516350203782,-0.017780181420847502,45.83333333333333,27,wimb,men
2016,Alexander Zverev,127.15555555555555,4.436597317236022,2.7569068874356555,WC_DNCTL,90,2.546946929115179,-2.410433359602443,0.03592050685957967,0.2294189855535366,0.34398396763472694,89.58333333333334,6,wimb,men
2016,Aljaz Bedene,113.95238095238095,5.765382150075182,2.5080508618438415,WC_DNCTL,63,-0.4957030795715974,-1.4347660723607774,-1.478976416946907,-0.15643259116535232,-0.04186760908416201,41.66666666666667,29,wimb,men
2016,Andreas Seppi,114.85106382978724,9.69306951743101,2.29453076020404,WW_DCTL,47,-0.28860307923611467,1.4491591382043478,-2.7787679103445404,0.11044358311902874,0.22500856520021906,81.25,10,wimb,men
2016,Andy Murray,117.44239631336406,9.397973075871262,2.5839985224952766,WC_DNCTL,217,0.3085652564586635,1.2324830161597502,-1.0166493456310877,0.04277512489005944,0.15734010697124975,79.16666666666666,11,wimb,men
2016,Benjamin Becker,116.6875,6.675315754743885,2.6047683510739583,WC_DNCTL,48,0.1346006348090721,-0.766642513379273,-0.8902141936310229,-0.06900774419390518,0.045557237887285135,56.25,22,wimb,men
2016,Bernard Tomic,110.46105919003115,8.46975561185862,2.608932650375586,WC_DNCTL,321,-1.3002724736616944,0.550934436809603,-0.8648642581137175,-0.28275077085317335,-0.16818578877198304,22.916666666666664,38,wimb,men
2016,Daniel Evans,116.46428571428571,7.340954324174098,2.5897298724071014,WW_DCTL,56,0.08316126747658957,-0.27789387532343074,-0.9817600785135485,-0.033334660146752654,0.08123032193443766,62.5,19,wimb,men
2016,David Ferrer,110.10810810810811,3.9354781142814135,2.6580039603881924,WW_DCTL,37,-1.3816094736450868,-2.778382783202321,-0.5661454450632164,-0.41868622731112615,-0.30412124522993583,6.25,46,wimb,men
2016,David Goffin,112.4625850340136,8.2148146402216,2.5853977445243443,WW_DCTL,147,-0.839024114110672,0.36374268081071964,-1.0081316609878643,-0.17432342253935953,-0.05975844045816922,37.5,31,wimb,men
2016,Denis Istomin,111.87323943661971,6.279057202808143,2.2171696664212344,WC_DNCTL,71,-0.9748378438328306,-1.0575974496930691,-3.2496991755818354,-0.0813848268113466,0.03318015526984372,54.166666666666664,23,wimb,men
2016,Dominic Thiem,119.00892857142857,6.569785515873537,2.7039973510551114,WC_DNCTL,112,0.6695700550668754,-0.8441286490846313,-0.2861632912413501,-0.02608221093228899,0.08848277114890132,64.58333333333334,18,wimb,men
2016,Dudi Sela,103.87755102040816,7.096456431033099,2.8761962143274187,WC_DNCTL,49,-2.817431171591545,-0.4574177457362834,0.7620875101359629,-0.7264709180532003,-0.61190593597201,0,49,wimb,men
2016,Dustin Brown,118.65934065934066,6.557810915609263,2.363337252757967,WC_DNCTL,91,0.5890080920753894,-0.8529210626243648,-2.359912294291149,0.13236337040809792,0.24692835248928824,85.41666666666666,8,wimb,men
2016,Feliciano Lopez,122.01388888888889,5.712583233419715,2.7960073138786217,WC_DNCTL,72,1.3620582490672544,-1.4735339560011034,0.27394213240433696,0.029490832610359036,0.14405581469154935,75,13,wimb,men
2016,Fernando Verdasco,114.96153846153847,8.69875906440926,2.9192691102071056,WC_DNCTL,104,-0.2631443809033115,0.719081432318019,1.0242913177889978,-0.24837353255040942,-0.1338085504692191,27.083333333333332,36,wimb,men
2016,Florian Mayer,113.77272727272727,7.2574533667554055,2.9020223497386364,WC_DNCTL,66,-0.5371039764307102,-0.3392048946798949,0.9193026428426007,-0.3258560581991101,-0.2112910761179198,12.5,43,wimb,men
2016,Gael Monfils,116.79787234042553,11.78533788114601,2.5167738839750315,WC_DNCTL,94,0.1600357602730469,2.9854182436350496,-1.4258755150844353,0.1116341977241276,0.2261991798053179,83.33333333333334,9,wimb,men
2016,Gilles Simon,109.6978417266187,8.118376610281283,2.723031356506567,WC_DNCTL,139,-1.4761546907402614,0.2929325475720981,-0.1702948639547147,-0.3813933548895232,-0.2668283728083329,10.416666666666668,44,wimb,men
2016,Grigor Dimitrov,117.08148148148148,6.7215979042076395,2.686744732787111,WC_DNCTL,135,0.2253930233126529,-0.7326596004959794,-0.3911876252097422,-0.09319417441647074,0.021370807664719577,50,25,wimb,men
2016,Guido Pella,116.16176470588235,5.994052510284604,2.7268974488294786,WC_DNCTL,68,0.013445795515391872,-1.2668636516645697,-0.14676024648582947,-0.1703812730324807,-0.0558162909512904,39.58333333333333,30,wimb,men
2016,Ivan Dodig,113.55208333333333,9.034285328874043,2.719243625875968,WW_DCTL,96,-0.5879510116545139,0.965443365535773,-0.19335245907163578,-0.17622343055077214,-0.06165844846958182,35.41666666666667,32,wimb,men
2016,Jack Sock,122.01612903225806,8.893711050251904,2.5668803158024467,WW_DCTL,62,1.362574486445502,0.862225958405857,-1.1208554567685658,0.24800823868686978,0.3625732207680601,93.75,4,wimb,men
2016,Janko Tipsarevic,114.94029850746269,5.435240222214613,2.42782200195367,WW_DCTL,67,-0.2680390936065461,-1.6771745279662036,-1.9673650455086917,-0.06306743938059553,0.051497542700594784,58.333333333333336,21,wimb,men
2016,Jeremy Chardy,121.45569620253164,6.76301682864035,2.8531206159162052,WC_DNCTL,79,1.2334236567787147,-0.7022475362979068,0.6216161152199341,0.00433886677669279,0.1189038488578831,70.83333333333334,15,wimb,men
2016,Jiri Vesely,121.46634615384616,6.300741626111878,2.8121046254341593,WC_DNCTL,208,1.2358779206533925,-1.041675547262146,0.3719336023679267,0.013755679135120241,0.12832066121631056,72.91666666666666,14,wimb,men
2016,Joao Sousa,115.12962962962963,6.835109959768342,2.7433093127031793,WBW_DNCTL,54,-0.2244080459365842,-0.6493127736952091,-0.046853957148152624,-0.38177415836828626,-0.26720917628709595,8.333333333333332,45,wimb,men
2016,John Millman,110.125,8.671244212365155,2.6482160468830416,WW_DCTL,64,-1.377716764765873,0.6988785067658301,-0.6257288126918471,-0.29130008720069844,-0.17673510511950813,18.75,40,wimb,men
2016,Kei Nishikori,107.76190476190476,9.676566782721071,3.0913507563868197,WW_DCTL,63,-1.9222882002590738,1.4370419180129406,2.0718285667716496,-0.58861570387592,-0.4740507217947297,4.166666666666666,47,wimb,men
2016,Kyle Edmund,110.64814814814815,8.806424343255728,2.6058175104454095,WC_DNCTL,54,-1.2571581290325606,0.7981352324113005,-0.8838274955367555,-0.2647697778077198,-0.1502047957265295,25,37,wimb,men
2016,Lucas Pouille,116.92105263157895,9.427679632629108,2.6425139477898947,WC_DNCTL,152,0.1884224570495834,1.2542952124829803,-0.6604400171117739,-0.00779726808074363,0.10676771400044668,66.66666666666666,17,wimb,men
2016,Marcel Granollers,115.84415584415585,7.011390985698943,2.9041798767707387,WW_DCTL,77,-0.059746647585282545,-0.5198774986142919,0.9324364661293322,-0.2273714267122207,-0.11280644463103037,33.33333333333333,33,wimb,men
2016,Marin Cilic,121.375,6.729211303578743,2.4252365990200597,WW_DCTL,152,1.2148273487911758,-0.727069421764619,-1.983103539047726,0.23786619967524003,0.35243118175643035,91.66666666666666,5,wimb,men
2016,Milos Raonic,124.16190476190476,10.040874298102816,2.697381035465534,WW_DCTL,525,1.8570649963929808,1.7045366368492458,-0.3264397366669628,0.2999554602554455,0.4145204423366358,100,1,wimb,men
2016,Nick Kyrgios,121.54,7.452529816706292,2.635643269695085,WC_DNCTL,300,1.2528513291233472,-0.19596898016268416,-0.7022648798433049,0.13613566226084178,0.2507006443420321,87.5,7,wimb,men
2016,Nicolas Mahut,117.88059701492537,7.2226965250326165,3.058429125462065,WC_DNCTL,67,0.4095478919599394,-0.36472528943357746,1.8714200080638639,-0.23623680781242526,-0.12167182573123494,31.25,34,wimb,men
2016,Novak Djokovic,112.9271523178808,8.13232179864057,2.752255619975581,WW_DCTL,151,-0.7319653428092419,0.3031718758367867,0.0076061803315751846,-0.24205944097219093,-0.1274944588910006,29.166666666666668,35,wimb,men
2016,Pablo Carreno Busta,116.61290322580645,7.018371299339988,2.811366647345422,WW_DCTL,62,0.11740993011344218,-0.5147521664266103,0.3674412026608842,-0.14817461309451938,-0.03360963101332906,43.75,28,wimb,men
2016,Radek Stepanek,119.58181818181818,4.790773961638678,2.7848582738209178,WC_DNCTL,55,0.8015915294787485,-2.1503772863325863,0.2060729841824082,-0.08920582888719861,0.025359153193991707,52.083333333333336,24,wimb,men
2016,Radu Albot,106.03703703703704,6.649143637425132,2.980981102678994,WW_DCTL,81,-2.319781148416438,-0.7858595288619061,1.3999595674739604,-0.6816989778194412,-0.5671339957382509,2.083333333333333,48,wimb,men
2016,Richard Gasquet,110.28682170542636,6.470116158213482,2.535813829535068,WW_DCTL,129,-1.3404252172237505,-0.9173114017817158,-1.3099709277241414,-0.28401462334398,-0.16944964126278966,20.833333333333336,39,wimb,men
2016,Roger Federer,118.11275964391692,8.04335631155036,2.7050309432443336,WW_DCTL,337,0.4630493903759359,0.23784849668444114,-0.2798713574848762,-0.005674642414572495,0.10889033966661782,68.75,16,wimb,men
2016,Sam Groth,120.86206896551724,10.948761487055213,2.5324685266436613,WW_DCTL,58,1.096623230203708,2.3711576042740496,-1.3303352691032213,0.27054938025496,0.3851143623361503,97.91666666666666,2,wimb,men
2016,Sam Querrey,121.72727272727273,7.791119040742181,2.477643478253317,WW_DCTL,220,1.2960080230540747,0.052641947310434554,-1.6640796377861165,0.2530909348674055,0.36765591694859584,95.83333333333334,3,wimb,men
2016,Sergiy Stakhovsky,119.80281690140845,4.562642462151133,2.8202568536462507,WC_DNCTL,71,0.8525203232189617,-2.317884045695431,0.4215598286620106,-0.10392067512666245,0.010644306954527866,47.91666666666667,26,wimb,men
2016,Stan Wawrinka,112.85714285714286,8.883956062738903,2.9461225677796024,WW_DCTL,56,-0.7480989086163031,0.8550633072612398,1.1877602158130671,-0.32422105307302007,-0.20965607099182976,14.583333333333334,42,wimb,men
2016,Steve Johnson,116.93243243243244,7.180531276804821,2.623981729845584,WW_DCTL,148,0.19104491355768716,-0.3956853458231316,-0.7732538414440668,-0.035495622436408,0.07906935964478232,60.416666666666664,20,wimb,men
2016,Taylor Fritz,112.20481927710843,8.527944075207563,2.8336757207985674,WW_DCTL,83,-0.8984258115098792,0.5936596235978359,0.5032464204239313,-0.30319463459580764,-0.18862965251461733,16.666666666666664,41,wimb,men
2016,Tomas Berdych,119.0603448275862,7.789324838325029,2.6372633098500033,WC_DNCTL,348,0.6814188472662196,0.051324544701792894,-0.6924029773987386,0.04132250195360895,0.15588748403479927,77.08333333333334,12,wimb,men
2017,Adrian Mannarino,110.38509316770187,7.664090056720076,2.8207800395721203,WW_DCTL,161,-1.3177787193523722,-0.040629755661294495,0.4247446932751696,-0.39416574139548044,-0.27989434684399994,14.545454545454545,48,wimb,men
2017,Alexander Zverev,123.85507246376811,6.190210002363756,2.696568790536267,WW_DCTL,207,1.7863559947589038,-1.1228339762504762,-0.33138423154828073,0.18870464043882682,0.3029760349903073,90.9090909090909,6,wimb,men
2017,Aljaz Bedene,112.70642201834862,10.532200134521483,2.6326520072579487,WC_DNCTL,218,-0.7828322795857604,2.065295229304047,-0.7204740200621889,-0.14886035504463282,-0.034588960493152354,41.81818181818181,33,wimb,men
2017,Andy Murray,112.92622950819673,9.016827462829392,2.6875905010182874,WC_DNCTL,244,-0.7321780027927414,0.9526248351131917,-0.3860390591317642,-0.20664275018650594,-0.09237135563502546,34.54545454545455,37,wimb,men
2017,Benoit Paire,118.27131782945736,6.361200675266247,2.752415180092206,WW_DCTL,129,0.49958886509408357,-0.9972831708443507,0.00857749348046412,-0.06643747523463342,0.04783391931684705,56.36363636363636,25,wimb,men
2017,Damir Dzumhur,106.80327868852459,8.477066458256944,2.4859513074050867,WW_DCTL,61,-2.143202012138547,0.556302464421457,-1.6135061996079738,-0.351281704306341,-0.2370103097548605,18.181818181818183,46,wimb,men
2017,Daniil Medvedev,118.28571428571429,7.501000623381315,2.632864223987574,WW_DCTL,70,0.5029065049096384,-0.16037903415314914,-0.7191821627719143,0.024242713954033407,0.13851410850551388,70.9090909090909,17,wimb,men
2017,David Ferrer,110.97777777777777,4.7386418273761945,3.0028161869939263,WC_DNCTL,135,-1.1811955196147592,-2.188655581476366,1.532879403274931,-0.5575397713029345,-0.44326837675145403,0,56,wimb,men
2017,Diego Schwartzman,107.47826086956522,9.934763052444309,2.3848581445693986,WC_DNCTL,46,-1.9876534716751881,1.6266238938385789,-2.2289050875129406,-0.25463138857049505,-0.14035999401901458,30.909090909090907,39,wimb,men
2017,Dominic Thiem,122.44915254237289,8.224610145454733,2.6964817149862115,WW_DCTL,236,1.462364046639279,0.37093508230551336,-0.3319142990144169,0.18283535798179995,0.29710675253328045,89.0909090909091,7,wimb,men
2017,Donald Young,110.44285714285714,8.126955888171263,3.0934472595593365,WW_DCTL,70,-1.3044671056844215,0.29923192771141277,2.0845909107785645,-0.5185292373305483,-0.40425784277906784,3.6363636363636362,54,wimb,men
2017,Dudi Sela,102.91071428571429,10.968877817091435,2.3824459456413782,WC_DNCTL,112,-3.0402371169516615,2.3859281259346283,-2.2435892115038185,-0.41590099696561966,-0.30162960241413916,10.909090909090908,50,wimb,men
2017,Dusan Lajovic,114.05454545454545,6.35498690682039,2.8955022284131524,WC_DNCTL,55,-0.4721594370203923,-1.0018456631706392,0.8796117745369966,-0.33406826784876187,-0.2197968732972814,20,45,wimb,men
2017,Dustin Brown,118.18367346938776,7.010924420109648,2.700164049969629,WC_DNCTL,49,0.4793913655576458,-0.5202200768644182,-0.30949829391452854,-0.046957008529612515,0.06731438602186796,58.18181818181818,24,wimb,men
2017,Evgeny Donskoy,114.76470588235294,8.252486256381449,2.6860770571911394,WW_DCTL,51,-0.3085041270831945,0.3914032641018123,-0.39525206248439776,-0.12925430370164323,-0.01498290915016276,47.27272727272727,30,wimb,men
2017,Fabio Fognini,114.19491525423729,6.392113830613939,2.929874754723158,WW_DCTL,118,-0.43981144609485806,-0.9745850231286524,1.0888525765093557,-0.3246228143763832,-0.2103514198249027,23.636363636363637,43,wimb,men
2017,Fernando Verdasco,113.20930232558139,10.478118689546793,2.3672239397835844,WC_DNCTL,86,-0.6669443346666419,2.025585642466106,-2.3362523077390693,0.0055356744285078585,0.11980706897998833,69.0909090909091,18,wimb,men
2017,Florian Mayer,115.27142857142857,5.743102803682396,2.875932007426813,WC_DNCTL,70,-0.19173071154818797,-1.451124800214498,0.7604791656322524,-0.2894696350905427,-0.17519824053906222,25.454545454545453,42,wimb,men
2017,Frances Tiafoe,120,6.317963807008288,2.4666518157778405,WW_DCTL,49,0.897960846023092,-1.0290300699054522,-1.7309907589133606,0.14931962101625024,0.2635910155677307,87.27272727272727,8,wimb,men
2017,Gael Monfils,113.96551724137932,10.282088670050271,2.617193867808929,WW_DCTL,174,-0.4926758432412239,1.881649564469607,-0.8145745661245216,-0.07514872847416418,0.03912266607731629,52.72727272727272,27,wimb,men
2017,Gilles Muller,115.74468085106383,7.1278723759758265,2.454140867118861,WW_DCTL,329,-0.08267049716633458,-0.43435042210277025,-1.807150448405776,3.476845462923317e-4,0.1146190790977728,67.27272727272727,19,wimb,men
2017,Gilles Simon,114.07608695652173,9.577025732578218,2.6857773676869328,WC_DNCTL,92,-0.4671952330963211,1.3639533757885725,-0.3970764053225513,-0.14372539142249516,-0.029453996871014687,43.63636363636363,32,wimb,men
2017,Grigor Dimitrov,118.9047619047619,6.871953455331129,2.522659125438247,WW_DCTL,147,0.6455650169783831,-0.6222602423298128,-1.3900494418869673,0.0897404419676239,0.20401183651910437,80,12,wimb,men
2017,Ivo Karlovic,119.98019801980197,6.721577490470227,2.6574324120947623,WC_DNCTL,101,0.8933975120498331,-0.7326745893905781,-0.5696247128425077,0.04170256303044173,0.1559739575819222,72.72727272727273,16,wimb,men
2017,Jared Donaldson,124.41025641025641,6.792867578020612,2.5488693401938542,WW_DCTL,39,1.9142972278619803,-0.6803294657794899,-1.2304962479823747,0.3022794533548289,0.41655084790630936,96.36363636363636,3,wimb,men
2017,Jeremy Chardy,119.20588235294117,7.2555872933227965,2.766128007774767,WW_DCTL,68,0.7149577321249468,-0.3405750689615333,0.09205355327687834,-0.011738358229128637,0.10253303632235183,65.45454545454545,20,wimb,men
2017,Jerzy Janowicz,119.75471698113208,12.101012410030364,2.7399071635800363,WW_DCTL,106,0.8414357752034,3.217203935069992,-0.06756434673475668,0.1488418311966081,0.2631132257480886,85.45454545454545,9,wimb,men
2017,Jiri Vesely,118.48,8.727650995078337,3.012079064837892,WBW_DNCTL,75,0.5476793302358295,0.7402954851295966,1.5892666461317115,-0.3311158984767836,-0.2168445039253031,21.818181818181817,44,wimb,men
2017,John Isner,116.2909090909091,10.937978155877287,2.4052781896222046,WW_DCTL,110,0.043206907977617795,2.363239886357812,-2.104599222863211,0.1457254401645416,0.2599968347160221,83.63636363636363,10,wimb,men
2017,Karen Khachanov,120.52380952380952,7.849095166379088,2.7227856112318456,WC_DNCTL,63,1.0186718946966464,0.09521122401122453,-0.17179082435925105,0.05995077029021639,0.17422216484169686,76.36363636363637,14,wimb,men
2017,Kei Nishikori,108.17543859649123,8.292710066539046,2.9039067309571167,WW_DCTL,171,-1.826990003937844,0.4209378093262135,0.930773706500255,-0.5117481686178472,-0.3974767740663667,5.454545454545454,53,wimb,men
2017,Kevin Anderson,125.29357798165138,8.49700706569884,2.5066967123490764,WC_DNCTL,218,2.1178572403329134,0.5709439608383118,-1.4872197250971326,0.3839266797566179,0.49819807430809837,100,1,wimb,men
2017,Kyle Edmund,116.13461538461539,6.686330351894127,2.828555865830428,WC_DNCTL,52,0.007189278800927048,-0.7585549872004296,0.47207959405063,-0.20540644265933253,-0.09113504810785206,36.36363636363637,36,wimb,men
2017,Lucas Pouille,120.56,9.216964382725607,2.9690178869459416,WC_DNCTL,75,1.0270119307868213,1.0995764264365389,1.3271341710635842,-0.02860498006638862,0.08566641448509185,61.81818181818181,22,wimb,men
2017,Marcos Baghdatis,120.39024390243902,7.0458429189859455,2.341185701706919,WC_DNCTL,41,0.9878919155448542,-0.49458098449127963,-2.4947586033767775,0.22782038818319633,0.3420917827346768,92.72727272727272,5,wimb,men
2017,Marin Cilic,119.24651162790698,7.302946649191457,2.573329244910033,WW_DCTL,430,0.7243206821383423,-0.30580121158150847,-1.0815979670465654,0.0891981321200344,0.20346952667151486,78.18181818181819,13,wimb,men
2017,Marton Fucsovics,113.30188679245283,6.7924870987685795,2.7191112542232525,WC_DNCTL,53,-0.6456083955915861,-0.6806088346814431,-0.1941582639904479,-0.26428647879765266,-0.1500150842461722,29.09090909090909,40,wimb,men
2017,Mikhail Youzhny,115.51162790697674,7.8000666453359635,2.6942458811308825,WW_DCTL,86,-0.13637716724101281,0.059211773278927696,-0.34552481064066903,-0.1141166090879919,1.5478546348857147e-4,50.90909090909091,28,wimb,men
2017,Milos Raonic,123.65079365079364,8.141005801694682,2.5864234122848737,WW_DCTL,252,1.7392802761721153,0.30954815098142446,-1.001887966741047,0.28639278233721216,0.4006641768886926,94.54545454545455,4,wimb,men
2017,Mischa Zverev,116.98245614035088,6.317467926511876,2.797175219026313,WC_DNCTL,57,0.20257279529122074,-1.0293941727810827,0.28105168866815483,-0.1638330290700488,-0.04956163451856832,40,34,wimb,men
2017,Nicolas Kicker,109.43636363636364,9.733035833283804,3.0179795826717974,WW_DCTL,55,-1.5364118892926981,1.4785046168743765,1.6251857133682448,-0.48054141527696803,-0.36627002072548753,7.2727272727272725,52,wimb,men
2017,Nikoloz Basilashvili,113.67164179104478,9.91538146961195,2.914918888040229,WC_DNCTL,67,-0.5603989604753338,1.6123928641961849,0.9978095873876393,-0.26828924043460745,-0.15401784588312697,27.27272727272727,41,wimb,men
2017,Novak Djokovic,110.375,5.100575753370693,2.3542791014928817,WC_DNCTL,64,-1.3201046733534942,-1.9229036831940338,-2.415053275724966,-0.24341107623973543,-0.12913968168825496,32.72727272727273,38,wimb,men
2017,Philipp Kohlschreiber,113.6774193548387,8.099330459169595,2.6188004635468567,WC_DNCTL,62,-0.5590675303415874,0.27894781044364175,-0.8047945058049082,-0.16414762172318412,-0.049876227171703647,38.18181818181819,35,wimb,men
2017,Radu Albot,109.23529411764706,8.823193270908119,2.9371937541886486,WW_DCTL,85,-1.5827480312628686,0.8104479061777542,1.1334065701257259,-0.4711684188248405,-0.35689702427336,9.090909090909092,51,wimb,men
2017,Rafael Nadal,116.15966386554622,6.700315747049954,2.711087894629368,WW_DCTL,238,0.012961660293440952,-0.7482861368828552,-0.24300000988936174,-0.12411907425357979,-0.009847679702099321,49.09090909090909,29,wimb,men
2017,Richard Gasquet,110.45714285714286,5.230029551516019,2.7327193931816756,WW_DCTL,70,-1.3011749861751414,-1.8278515476351775,-0.11131949085718276,-0.40896037802750407,-0.29468898347602357,12.727272727272727,49,wimb,men
2017,Roberto Bautista Agut,107.63829787234043,6.892311032431803,2.810228630851289,WW_DCTL,141,-1.9507732059421934,-0.6073125837369694,0.3605135918782895,-0.5223384894937805,-0.4080670949423,1.8181818181818181,55,wimb,men
2017,Roger Federer,115.57234726688102,7.683270931998987,2.5077609493146413,WW_DCTL,311,-0.12238448998778606,-0.02654609660092566,-1.4807412430049216,-0.01977785902036111,0.09449353553111936,63.63636363636363,21,wimb,men
2017,Ryan Harrison,121.57894736842105,8.93571583835675,2.787432038639116,WW_DCTL,76,1.2618266865223275,0.8930681961019705,0.22174063135477318,0.11884089181485484,0.2331122863663353,81.81818181818183,11,wimb,men
2017,Sam Querrey,122.684375,9.001762606049661,2.4180871361564207,WC_DNCTL,320,1.5165706775635106,0.9415633843924165,-2.026625488227934,0.3339489567873122,0.4482203513387927,98.18181818181819,2,wimb,men
2017,Sergiy Stakhovsky,115.53623188405797,5.413978938400024,3.0786569479554116,WC_DNCTL,69,-0.1307072209341658,-1.6927857379905782,1.9945557287987783,-0.39005158771524695,-0.27578019316376645,16.363636363636363,47,wimb,men
2017,Stan Wawrinka,113.4920634920635,8.541876004328504,2.393595832176213,WC_DNCTL,63,-0.6017824859816906,0.6038892161966832,-2.175714910400424,-0.045931154269001906,0.06834024028247856,60,23,wimb,men
2017,Steve Johnson,115.82178217821782,7.394223965489557,2.756709761616996,WW_DCTL,202,-0.06490262233429062,-0.2387803596133359,0.03472051463282956,-0.14347068264678356,-0.02919928809530309,45.45454545454545,31,wimb,men
2017,Tomas Berdych,119.94236311239193,6.750475740513378,2.6204655731845614,WC_DNCTL,347,0.8846785194726876,-0.7114558965451837,-0.7946582454432769,0.05967658973623098,0.17394798428771147,74.54545454545455,15,wimb,men
2017,Vasek Pospisil,118.94915254237289,5.832204672197178,2.744162072791231,WC_DNCTL,59,0.6557947668659752,-1.3857012822802715,-0.041662828538498654,-0.06793617527677526,0.046335219274705214,54.54545454545454,26,wimb,men
2018,Adrian Mannarino,111.1775147928994,9.310987670812901,2.9228783831990675,WW_DCTL,169,-1.1351664509202677,1.1686135227056653,1.0462625621649297,-0.3709547163984285,-0.2509265295376345,18.333333333333332,50,wimb,men
2018,Alex De Minaur,115.5111111111111,7.225655749487448,2.9488689138271402,WC_DNCTL,45,-0.136496262003623,-0.3625524632356629,1.2044784414185319,-0.27853437149111704,-0.15850618463032307,30,43,wimb,men
2018,Alexander Zverev,124.42514970059881,6.34870937043316,2.9067018797132405,WW_DCTL,167,1.91772936228053,-1.006454977444947,0.9477890158228383,0.10952442810215793,0.22955261496295187,83.33333333333334,11,wimb,men
2018,Andreas Seppi,117.08045977011494,8.81227789204463,2.776052151616888,WW_DCTL,87,0.22515757159806976,0.8024332315504105,0.1524662153455933,-0.06475923882722148,0.055268948033572476,55.00000000000001,28,wimb,men
2018,Benoit Paire,117.73846153846154,6.910763622506115,2.9023997338758405,WW_DCTL,65,0.3767930037080334,-0.5937636719376685,0.9215999473470197,-0.15063779277289444,-0.030609605912100477,40,37,wimb,men
2018,Bernard Tomic,114.82558139534883,9.712565373195229,2.7528775409638566,WW_DCTL,86,-0.29447546460521534,1.4634740733509872,0.01139208903018468,-0.12317796757995667,-0.0031497807191627064,45,34,wimb,men
2018,Borna Coric,114.4375,8.30510289174994,2.55512332660786,WC_DNCTL,48,-0.38390818790233766,0.43003730674366797,-1.1924254608371814,-0.09501618668257047,0.025012000178223484,50,31,wimb,men
2018,Bradley Klahn,122.1044776119403,5.957257677921768,2.815289887010128,WC_DNCTL,67,1.3829342722407285,-1.293880451818177,0.3913237013276709,0.029723784783179413,0.14975197164397336,71.66666666666667,18,wimb,men
2018,Damir Dzumhur,107.81927710843374,10.299354204610625,2.9573999805548308,WC_DNCTL,83,-1.909066836767993,1.8943268744832111,1.2564108256629236,-0.5222805661120276,-0.4022523792512336,6.666666666666667,57,wimb,men
2018,Daniil Medvedev,113.47863247863248,10.642787982704442,2.553912912066812,WW_DCTL,117,-0.6048776410758852,2.146494941380849,-1.199793790619045,-0.0538551041782305,0.06617308268256346,56.666666666666664,27,wimb,men
2018,David Goffin,108.77551020408163,6.89282630143606,2.5129254171890465,WW_DCTL,49,-1.6887044826959603,-0.6069342447469704,-1.4493028380981963,-0.3240728124315573,-0.2040446255707633,25,46,wimb,men
2018,Denis Istomin,114.16883116883118,9.082085601832638,2.4235923237663726,WW_DCTL,77,-0.4458224809461588,1.0005409686196942,-1.9931129712797893,8.729158565346229e-4,0.12090110271732858,65,22,wimb,men
2018,Denis Kudla,116.85,6.873740254384491,2.679185059675533,WC_DNCTL,60,0.17204849422711704,-0.6209482756801672,-0.43720670597934613,-0.09502217945448607,0.025006007406307887,48.333333333333336,32,wimb,men
2018,Denis Shapovalov,116.640625,8.40515183568699,2.4478685012246353,WW_DCTL,64,0.12379836766925106,0.5034987726710647,-1.8453331195930784,0.07345091131123946,0.1934790981720334,75,16,wimb,men
2018,Dudi Sela,104.32,7.528015701907327,2.6049378670686196,WW_DCTL,50,-2.7154695273613116,-0.14054306994833718,-0.8891822746399609,-0.5389717268055418,-0.41894353994474787,3.3333333333333335,59,wimb,men
2018,Dusan Lajovic,114.01666666666667,7.6789204455469875,3.0005939881927666,WW_DCTL,60,-0.4808885417798423,-0.029740464274233883,1.51935189426663,-0.3348907894506383,-0.21486260258984435,23.333333333333332,47,wimb,men
2018,Ernests Gulbis,121.6953125,9.823987125358812,2.926778314560133,WW_DCTL,256,1.2886428409132862,1.545286083833436,1.0700031728569348,0.07562939705692998,0.19565758391772392,78.33333333333333,14,wimb,men
2018,Fabio Fognini,108.73722627737226,7.619894696849106,2.9533174605669745,WW_DCTL,137,-1.69752695103678,-0.07308043225567246,1.2315587170741358,-0.530909654664274,-0.41088146780348,5,58,wimb,men
2018,Frances Tiafoe,119.20212765957447,8.967779585449524,2.625360886758778,WW_DCTL,94,0.7140924691750753,0.9166111718883269,-0.7648583020542712,0.1036893676227279,0.22371755448352187,81.66666666666667,12,wimb,men
2018,Gael Monfils,115.27848101265823,8.260345830587735,2.6909917372502155,WC_DNCTL,316,-0.19010548799297342,0.39717419800714365,-0.3653342267185908,-0.13044275068110664,-0.01041456382031268,43.333333333333336,35,wimb,men
2018,Gilles Simon,107.33707865168539,8.439549508960663,2.630538155750048,WW_DCTL,89,-2.0201886830443687,0.5287554460924812,-0.733341971075579,-0.40367121730288213,-0.28364303044208816,11.666666666666666,54,wimb,men
2018,Grigor Dimitrov,120.51948051948052,7.958131210162858,2.5929651587609817,WW_DCTL,77,1.01767428272414,0.17527151550534822,-0.962065456559064,0.14874606858006512,0.2687742554408591,88.33333333333333,8,wimb,men
2018,Guido Pella,112.98675496688742,9.061998863361135,2.6515310135722325,WC_DNCTL,151,-0.7182300097572845,0.9857921747219264,-0.6055491412210289,-0.18464027015728526,-0.0646120832964913,35,40,wimb,men
2018,Horacio Zeballos,111.16363636363636,5.550320766051328,2.7908098808239297,WC_DNCTL,55,-1.1383647122617186,-1.5926760303580103,0.2423030538346354,-0.42118145138858654,-0.30115326452779256,10,55,wimb,men
2018,Jack Sock,115.07,11.025457227285727,3.169318054816535,WC_DNCTL,100,-0.2381495966290207,2.4274718569388787,2.546450068371984,-0.3112363692453701,-0.19120818238457615,26.666666666666668,45,wimb,men
2018,Jared Donaldson,120.5421686746988,5.657503553600896,2.4612887319565795,WC_DNCTL,83,1.0229027310137944,-1.5139765020498448,-1.7636382271176103,0.137356825776232,0.25738501263702596,86.66666666666667,9,wimb,men
2018,Jiri Vesely,117.92307692307692,7.93199699832048,2.979118617669983,WC_DNCTL,143,0.41933731736640534,0.1560823323191057,1.388621795748012,-0.17592012659554399,-0.055891939734750026,36.666666666666664,39,wimb,men
2018,John Isner,123.8713768115942,8.420856890413594,2.6188463864478098,WC_DNCTL,552,1.7901133050684082,0.5150302921183089,-0.8045149527532164,0.26607002993205275,0.3860982167928467,95,4,wimb,men
2018,John Millman,117.96052631578948,7.825498134472436,2.8232701246454366,WW_DCTL,76,0.42796746871158164,0.07788497860388775,0.4399029447525546,-0.07769952166115526,0.042328665199638696,51.66666666666667,30,wimb,men
2018,Karen Khachanov,119.97510373443983,6.243613611258654,2.791723393042683,WW_DCTL,241,0.8922235423139738,-1.083622094137048,0.24786400758995655,-0.01891954015113048,0.10110864670966348,63.33333333333333,23,wimb,men
2018,Kei Nishikori,110.8841059602649,8.4466163601515,2.9685919625793638,WW_DCTL,302,-1.2027820368680198,0.5339443189335208,1.3245413806693451,-0.42855999045029003,-0.30853180358949606,8.333333333333332,56,wimb,men
2018,Kevin Anderson,124.87644151565074,7.605770468006709,2.5371474254940076,WC_DNCTL,607,2.021728823490251,-0.08345122194146222,-1.3018527380560625,0.32827038759434746,0.44829857445514143,98.33333333333333,2,wimb,men
2018,Kyle Edmund,117.92125984251969,6.903652471541352,2.4292584552568606,WC_DNCTL,127,0.41891857412173794,-0.5989850721218747,-1.9586207175985277,0.07717806483059522,0.19720625169138917,80,13,wimb,men
2018,Lucas Pouille,117.64935064935065,8.767112940394787,2.7820337060475535,WC_DNCTL,77,0.35625754495085493,0.7692706270672983,0.18887858826301432,-0.06557141440495362,0.05445677245584034,53.333333333333336,29,wimb,men
2018,Lukas Lacko,114.78846153846153,6.900800006084939,2.363537926539885,WW_DCTL,52,-0.3030296749580378,-0.6010795099608907,-2.358690704039545,0.0010005864209804705,0.12102877328177443,66.66666666666666,21,wimb,men
2018,Mackenzie Mcdonald,111.77241379310345,9.725928138790639,2.4635906221272617,WC_DNCTL,145,-0.9980729485967131,1.473285754622712,-1.749625601422838,-0.12227768269399661,-0.00224949583320265,46.666666666666664,33,wimb,men
2018,Marcos Baghdatis,120.03296703296704,5.850831943598656,2.577818695977892,WC_DNCTL,91,0.9055580448906593,-1.372024109793163,-1.0542686886169774,0.061991960350682856,0.1820201472114768,73.33333333333333,17,wimb,men
2018,Marin Cilic,115.06716417910448,9.241291581437267,2.3589879363065345,WW_DCTL,134,-0.23880310691966633,1.1174388006799896,-2.3863885112011762,0.0750020321663506,0.19503021902714457,76.66666666666667,15,wimb,men
2018,Matteo Berrettini,121.3157894736842,8.942205875098939,2.923273691972568,WC_DNCTL,95,1.2011823797724532,0.8978335398851479,1.0486689818749038,0.01888027803477907,0.13890846489557301,70,19,wimb,men
2018,Matthew Ebden,113.59689922480621,7.550371865681685,2.6293445877634016,WW_DCTL,129,-0.5776232627094627,-0.12412793852615427,-0.7406077484142009,-0.16679169338195302,-0.04676350652115906,38.333333333333336,38,wimb,men
2018,Mikhail Kukushkin,111.52307692307693,7.211335894590917,2.898024849999596,WW_DCTL,65,-1.0555322227904915,-0.37306689238574614,0.8949680901903673,-0.39797358841213837,-0.2779454015513444,15,52,wimb,men
2018,Milos Raonic,125.13392857142857,9.694430499178138,2.6289611935570347,WW_DCTL,224,2.0810662946701575,1.4501584462460935,-0.7429416388733499,0.36607988174906564,0.4861080686098596,100,1,wimb,men
2018,Nick Kyrgios,122.28415300546447,9.726824822074152,2.6587918254732075,WC_DNCTL,183,1.424340173025809,1.4739441490633458,-0.5613493610993041,0.21361849895696114,0.3336466858177551,93.33333333333333,5,wimb,men
2018,Novak Djokovic,114.58176100628931,6.048535087093371,2.860017827730976,WC_DNCTL,318,-0.3506634747760111,-1.2268595316571436,0.6636025004649347,-0.302076393825608,-0.18204820696481405,28.333333333333332,44,wimb,men
2018,Paolo Lorenzi,113.22857142857143,6.415948038595267,2.664096582212064,WW_DCTL,70,-0.6625038013750556,-0.9570846299348126,-0.529056955696925,-0.228864685031091,-0.10883649817029704,31.666666666666664,42,wimb,men
2018,Philipp Kohlschreiber,117.14754098360656,9.126584000551668,2.95153159781686,WW_DCTL,61,0.2406163276129996,1.0332141530900723,1.220687378998013,-0.14313540509040293,-0.02310721822960897,41.66666666666667,36,wimb,men
2018,Radu Albot,112.34545454545454,10.557107807184941,3.1012017999857386,WW_DCTL,55,-0.8660166437668356,2.0835838196148915,2.1317962352610755,-0.3812593780056758,-0.2612311911448818,16.666666666666664,51,wimb,men
2018,Rafael Nadal,114.75355450236967,6.733422265132848,2.9957159648343374,WC_DNCTL,211,-0.31107394437507696,-0.7239775009850942,1.4896572040843579,-0.34636536870230406,-0.22633718184151008,21.666666666666668,48,wimb,men
2018,Richard Gasquet,114.74137931034483,8.350985538703476,2.4194934027579476,WW_DCTL,58,-0.31387969747867067,0.4637268827971319,-2.0180649201499117,0.007868406382500553,0.1278965932432945,68.33333333333333,20,wimb,men
2018,Robin Haase,120.3157894736842,7.828879446220809,2.5892078463857033,WC_DNCTL,57,0.9707340141229378,0.08036772462816659,-0.9849378822741052,0.11874408875678975,0.2387722756175837,85,10,wimb,men
2018,Roger Federer,116.15953307392996,7.538043912788543,2.5552160098482615,WW_DCTL,257,0.012931519579233776,-0.1331798031013958,-1.191861256874513,-0.02333445480111901,0.09669373205967495,61.66666666666667,24,wimb,men
2018,Ruben Bemelmans,114.73148148148148,9.613664808787991,2.866607067622415,WC_DNCTL,108,-0.3161606359637071,1.3908558111634934,0.7037141241157002,-0.20760505671820093,-0.08757686985740697,33.33333333333333,41,wimb,men
2018,Sam Querrey,122.59154929577464,9.094075724320644,2.5423330010990544,WW_DCTL,71,1.4951791457345107,1.009344779434251,-1.270285841037718,0.2894593183366527,0.4094875051974467,96.66666666666667,3,wimb,men
2018,Stan Wawrinka,118.7972027972028,6.633843489599311,2.7759462179049263,WW_DCTL,143,0.6207781964306686,-0.7970937432769813,0.15182134988976875,-0.049627022487709976,0.07040116437308398,58.333333333333336,26,wimb,men
2018,Stefanos Tsitsipas,121.61578947368422,6.232256350207638,2.5590339838932716,WW_DCTL,190,1.2703168894673105,-1.0919612230962978,-1.1686195566898214,0.1670263407312223,0.2870545275920163,90,7,wimb,men
2018,Taro Daniel,112.59677419354838,5.363689938042118,2.8998895015496604,WW_DCTL,62,-0.8081004416079988,-1.7297107023224312,0.9063190506119442,-0.401960910859935,-0.28193272399914104,13.333333333333334,53,wimb,men
2018,Taylor Fritz,125.20689655172414,7.3486874813449745,2.829445384133747,WC_DNCTL,87,2.0978816464740184,-0.27221576379456774,0.47749448620830504,0.1867099701849854,0.30673815704577934,91.66666666666666,6,wimb,men
2018,Tennys Sandgren,116.29310344827586,7.971459222091121,2.615820765293919,WW_DCTL,58,0.043712594046438916,0.18505767871326856,-0.8229332497091872,-0.037483805000739195,0.08254438186005476,60,25,wimb,men
2018,Thomas Fabbiano,113.02,7.41003959967063,2.9182047991912956,WC_DNCTL,100,-0.7105687462105267,-0.22716764661714403,1.017812384920125,-0.3613223541561541,-0.24129416729536013,20,49,wimb,men
2018,Yannick Maden,107.1304347826087,11.872995859956202,3.0819277575917425,WBW_DNCTL,69,-2.0678094249445835,3.049781577921527,2.014466596717893,-0.7556119486420028,-0.6355837617812088,0,61,wimb,men
2018,Yoshihito Nishioka,104.62222222222222,10.109151769310296,2.7459667084932704,WC_DNCTL,45,-2.645822910187235,1.7546697309863812,-0.03067721118360697,-0.5519974353291845,-0.4319692484683906,1.6666666666666667,60,wimb,men
2019,Adrian Mannarino,115.64912280701755,8.007789127892416,2.570538738925707,WW_DCTL,57,-0.10469169224146543,0.2117331040815418,-1.098585013759483,-0.04018187487648986,0.046312579905300244,66.07142857142857,20,wimb,men
2019,Alex De Minaur,117.51851851851852,6.080935600528735,2.789554870320602,WC_DNCTL,81,0.3261074942261464,-1.203069283403651,0.23466324866490168,-0.14384677604444238,-0.05735232126265227,39.285714285714285,35,wimb,men
2019,Alexander Zverev,127.48684210526316,5.643860194471231,2.887688085907487,WC_DNCTL,76,2.623291373056966,-1.5239942106072655,0.8320436257816417,0.20765757507662047,0.2941520298584106,85.71428571428571,9,wimb,men
2019,Alexei Popyrin,121.10526315789474,8.79178244706335,2.484169401256196,WW_DCTL,76,1.152666934372557,0.7873843427374861,-1.624353452098835,0.24974168360197835,0.3362361383837684,87.5,8,wimb,men
2019,Andreas Seppi,113.14606741573034,5.426263074156,2.3273165002439566,WW_DCTL,89,-0.6815167162938103,-1.6837660463799107,-2.5791865796812634,-0.08646344914815426,3.100563363583886e-5,50,29,wimb,men
2019,Benoit Paire,115.66923076923077,7.202915496641557,2.5458957058511116,WW_DCTL,130,-0.10005784521288737,-0.37924961408884794,-1.2485980781776984,-0.047503964004302485,0.03899049077748762,62.5,22,wimb,men
2019,Cameron Norrie,109.98148148148148,7.807811136607597,2.8946684213099116,WC_DNCTL,54,-1.4107903727989055,0.06489820693118199,0.8745360211460809,-0.46491054472126925,-0.37841608993947917,3.571428571428571,55,wimb,men
2019,Casper Ruud,119.94736842105263,6.165633592258379,2.805467345133996,WC_DNCTL,57,0.8858319846731172,-1.1408793352770523,0.3315295354571627,-0.04921949425996103,0.037274960521829076,58.92857142857143,24,wimb,men
2019,Daniel Evans,114.72321428571429,6.4121658771734005,3.029611280238079,WW_DCTL,224,-0.3180657977167604,-0.9598617019506767,1.6959930117645872,-0.3529542732537526,-0.26645981847196254,17.857142857142858,47,wimb,men
2019,Daniil Medvedev,119.92792792792793,6.601255681806044,2.495855977110569,WW_DCTL,111,0.8813519548051083,-0.8210215134027701,-1.5532120852401519,0.1387666271704892,0.2252610819522793,82.14285714285714,11,wimb,men
2019,David Goffin,113.78709677419354,7.304141412670502,2.5210733816914614,WW_DCTL,155,-0.5337925483026084,-0.3049239501817046,-1.399702566894641,-0.11019110635840765,-0.023696651576617545,46.42857142857143,31,wimb,men
2019,Denis Kudla,117.27450980392157,6.627453300846559,2.833546836908538,WC_DNCTL,51,0.26987608474304153,-0.801785773146135,0.5024618470624092,-0.16227167924246247,-0.07577722446067237,33.92857142857143,38,wimb,men
2019,Diego Schwartzman,108.54901960784314,9.828859759800704,2.8630481415617965,WW_DCTL,102,-1.7408988704341049,1.5488638414283078,0.6820493638252312,-0.43602813320443834,-0.34953367842264826,7.142857142857142,53,wimb,men
2019,Fabio Fognini,112.17587939698493,7.422612264820675,2.931547128742994,WW_DCTL,199,-0.9050949595864333,-0.21793610077376455,1.0990330583846837,-0.3825670364176972,-0.2960725816359071,14.285714285714285,49,wimb,men
2019,Federico Delbonis,117.32075471698113,5.037450457498929,2.934561260355453,WC_DNCTL,53,0.28053314937721946,-1.9692537653574012,1.1173814134096554,-0.25258613370275973,-0.16609167892096963,21.428571428571427,45,wimb,men
2019,Feliciano Lopez,121.82558139534883,6.417241225956866,3.0669198624673983,WW_DCTL,86,1.3186630949413927,-0.9561351002789907,1.9231068874136417,-0.07779342569898692,0.00870102908280318,53.57142857142857,27,wimb,men
2019,Fernando Verdasco,116.78632478632478,9.278549779230001,2.744173660810495,WW_DCTL,234,0.15737464530328105,1.1447958293497704,-0.04159228712928613,-0.04874157540778265,0.03775287937400745,60.71428571428571,23,wimb,men
2019,Frances Tiafoe,118.34375,6.5354549231581105,2.9469493003466902,WW_DCTL,96,0.5162807404160821,-0.8693360682515786,1.1927929033668994,-0.1578807254966941,-0.071386270714904,35.714285714285715,37,wimb,men
2019,Guido Pella,112.1010101010101,7.319811783559271,2.891803365770662,WC_DNCTL,396,-0.9223484664811606,-0.2934178975257234,0.8570951582510712,-0.38825766720481814,-0.30176321242302806,8.928571428571429,52,wimb,men
2019,Hubert Hurkacz,121.78481012658227,6.541133921294258,2.8008227414764897,WW_DCTL,79,1.3092674226886813,-0.8651662338518988,0.30325577444886814,0.05901237642671839,0.1455068312085085,76.78571428571429,14,wimb,men
2019,Janko Tipsarevic,116.06666666666666,8.193996157779662,2.82809612312611,WC_DNCTL,90,-0.008469392198336275,0.34845660003478596,0.4692809364458674,-0.16923819463082243,-0.08274373984903233,32.142857142857146,39,wimb,men
2019,Jaume Munar,117.32758620689656,5.9423780786213944,2.9947565766214495,WW_DCTL,58,0.28210745506318086,-1.3048058762554948,1.4838169828199383,-0.2394966965251452,-0.15300224174335508,23.214285714285715,44,wimb,men
2019,Jeremy Chardy,121.17241379310344,5.715899435092181,2.7722559429862517,WC_DNCTL,58,1.1681416885087301,-1.4710990173942198,0.12935701088489313,0.00682078154520438,0.09331523632699448,69.64285714285714,18,wimb,men
2019,Jiri Vesely,124,7.351543901801376,3.0603473862200565,WC_DNCTL,178,1.8197543086211538,-0.2701184219759045,1.8830973114943483,0.019411162060399972,0.10590561684219008,73.21428571428571,16,wimb,men
2019,Joao Sousa,113.00469483568075,6.541231818518992,2.9598429079741835,WW_DCTL,213,-0.7140957963138937,-0.8650943522971699,1.2712820075997844,-0.38529820745937604,-0.29880375267758597,12.5,50,wimb,men
2019,John Isner,121.25287356321839,8.764376649442076,2.4831867154405436,WW_DCTL,174,1.186683511032254,0.7672614909717037,-1.6303354961970629,0.2556473598021982,0.3421418145839883,89.28571428571429,7,wimb,men
2019,Jordan Thompson,116.71910112359551,9.833833946733622,2.741263630429182,WC_DNCTL,89,0.14188306209434512,1.5525161644765046,-0.059306931821335236,-0.055932683887154666,0.030561770894635437,57.14285714285714,25,wimb,men
2019,Karen Khachanov,119.0079365079365,6.19741369507769,2.8395553783404703,WW_DCTL,126,0.6693414356565088,-1.1175446267977818,0.5390385018175083,-0.08446506265241402,0.002029392129376084,51.78571428571429,28,wimb,men
2019,Kei Nishikori,110.42063492063492,7.956408301577111,2.980105668243515,WW_DCTL,252,-1.3095881804766305,0.17400646076926377,1.3946304100619695,-0.46619841057612055,-0.37970395579433047,1.7857142857142856,56,wimb,men
2019,Kevin Anderson,124.50833333333334,7.788157173353832,2.471217877908172,WC_DNCTL,120,1.9368988944929924,0.050467180524614096,-1.7031951149915436,0.35124489866642483,0.4377393534482149,98.21428571428571,2,wimb,men
2019,Kyle Edmund,115.40229885057471,6.91142937144082,2.8332537913832323,WW_DCTL,174,-0.16157186960686482,-0.5932748422633264,0.5006779490685175,-0.21216540444574242,-0.12567094966395231,26.785714285714285,42,wimb,men
2019,Lloyd Harris,116.96153846153847,7.120700390924704,2.62390088512645,WC_DNCTL,52,0.19775235039571942,-0.43961649003644376,-0.7737459790808038,-0.05594633910444716,0.030548115677342946,55.35714285714286,26,wimb,men
2019,Lucas Pouille,119.60576923076923,8.029579139040353,2.7945881734847666,WW_DCTL,104,0.807111009565109,0.22773253494518916,0.26530319584659084,0.010234706021299944,0.09672916080309005,71.42857142857143,17,wimb,men
2019,Marin Cilic,118.55737704918033,8.440407710500063,2.447973709030893,WW_DCTL,122,0.5655107447582182,0.5293855851090918,-1.8446926730470043,0.15364723153249807,0.24014168631428817,83.92857142857143,10,wimb,men
2019,Marton Fucsovics,117.28048780487805,3.8241416054283297,2.731605598248021,WC_DNCTL,82,0.2712537052933124,-2.8601322033334537,-0.11809965426585253,-0.18223291470147598,-0.09573845991968588,30.357142857142854,40,wimb,men
2019,Matteo Berrettini,124.60958904109589,10.03948981233693,2.555334469852332,WC_DNCTL,146,1.9602331068595564,1.703520070857489,-1.191140138326816,0.3705229019221784,0.4570173567039685,100,1,wimb,men
2019,Mikhail Kukushkin,108.63829787234043,8.332464778190277,2.959312319909687,WW_DCTL,188,-1.720324840292678,0.4501279164927406,1.268052082888085,-0.5197400098846036,-0.4332455551028135,0,57,wimb,men
2019,Milos Raonic,122.796992481203,8.358260538089535,2.4214536499703603,WW_DCTL,266,1.5425231920503077,0.4690685895507491,-2.006132026562456,0.34051980598727616,0.42701426076906623,96.42857142857143,3,wimb,men
2019,Nick Kyrgios,122.48823529411764,10.831270877420097,2.5685563488167684,WW_DCTL,170,1.4713706029039444,2.2848895031141847,-1.1106527009720928,0.31649429808874446,0.4029887528705346,92.85714285714286,5,wimb,men
2019,Nikoloz Basilashvili,112.66666666666667,6.5623559892032874,2.811682128883459,WW_DCTL,63,-0.7919938354066868,-0.8495838183134703,0.36936167860818286,-0.323408707875088,-0.23691425309329792,19.642857142857142,46,wimb,men
2019,Novak Djokovic,117.40169133192389,5.36499929844532,2.795183418658285,WW_DCTL,473,0.2991848600119821,-1.7287492975253247,0.26892671703772686,-0.1497855689458458,-0.0632911141640557,37.5,36,wimb,men
2019,Paolo Lorenzi,115.98461538461538,5.624978632438048,3.0831550298284207,WC_DNCTL,65,-0.02737797604650158,-1.53785809733484,2.0219375467645935,-0.368355343162445,-0.28186088838065493,16.071428571428573,48,wimb,men
2019,Philipp Kohlschreiber,115,7.451805939817937,2.6741543092050493,WW_DCTL,52,-0.2542809822244852,-0.1965004905942487,-0.4678311137832148,-0.1340292381852207,-0.04753478340343059,42.857142857142854,33,wimb,men
2019,Prajnesh Gunneswaran,119.875,5.5368599568544425,3.0703121828221596,WW_DCTL,56,0.8691548003169026,-1.6025597006623602,1.9437574449308754,-0.18288841741664788,-0.09639396263485778,28.57142857142857,41,wimb,men
2019,Rafael Nadal,118.01680672268908,6.61220351543832,2.829670783976818,WC_DNCTL,238,0.4409371964996849,-0.812983008689894,0.47886659495304096,-0.12996534282550495,-0.04347088804371485,44.642857142857146,32,wimb,men
2019,Reilly Opelka,125.71428571428571,10.188136142082861,2.7829833015518903,WW_DCTL,168,2.2148086497346076,1.8126644241925316,0.1946591969702348,0.32447228825684715,0.41096674303863723,94.64285714285714,4,wimb,men
2019,Richard Gasquet,116.14754098360656,6.949426992142999,2.6191011450611965,WC_DNCTL,61,0.010167961963484138,-0.5653748884138233,-0.8029641241614032,-0.09160277062365954,-0.0051083158418694374,48.214285714285715,30,wimb,men
2019,Roberto Bautista Agut,109.78358208955224,7.276623018357382,2.817044163467532,WC_DNCTL,268,-1.4563959642320319,-0.32512947666364167,0.4020027596406357,-0.4472825023239926,-0.3607880475422025,5.357142857142857,54,wimb,men
2019,Robin Haase,119.1923076923077,7.200392652186014,2.58830685104195,WW_DCTL,78,0.7118294737677144,-0.3811020259656548,-0.9904226402636693,0.07670265471314106,0.16319710949493116,80.35714285714286,12,wimb,men
2019,Roger Federer,116.3069306930693,6.684291535767646,2.5366070421563647,WW_DCTL,404,0.046899060010524525,-0.7600519987181318,-1.3051422909367885,-0.029711894039338188,0.056782560742451915,67.85714285714286,19,wimb,men
2019,Sam Querrey,122.1969696969697,9.648470640184824,2.494285644844902,WW_DCTL,198,1.4042489220712713,1.4164121768442937,-1.5627713937317014,0.3118056731836194,0.3983001279654095,91.07142857142857,6,wimb,men
2019,Stan Wawrinka,122.46067415730337,8.68260562558488,2.916812278028404,WC_DNCTL,89,1.465019183969653,0.7072206844769022,1.0093354914192219,0.06288649975113592,0.14938095453292602,78.57142857142857,13,wimb,men
2019,Stefanos Tsitsipas,119.8586956521739,7.124607599357038,2.873644014980093,WW_DCTL,92,0.8653974900073982,-0.43674760159216697,0.7465511415428768,-0.04275293706447131,0.043741517717318795,64.28571428571429,21,wimb,men
2019,Steve Johnson,117.37106918238993,6.211008457956225,2.8154440926121174,WW_DCTL,159,0.29212803569920726,-1.1075626002946246,0.3922624191727862,-0.13961311073361013,-0.053118655951820026,41.07142857142857,34,wimb,men
2019,Tennys Sandgren,116.85227272727273,9.311394296283282,2.5631394910558316,WW_DCTL,88,0.17257224051268694,1.1689120896066454,-1.1436275149804156,0.04688769018319902,0.13338214496498912,75,15,wimb,men
2019,Thomas Fabbiano,111.54193548387097,8.176017121425113,2.8870820481150172,WC_DNCTL,155,-1.0511862982770022,0.3352553975573457,0.8283544051355277,-0.38699514057758955,-0.30050068579579947,10.714285714285714,51,wimb,men
2019,Ugo Humbert,113.84313725490196,7.63772884834126,2.746640885819722,WC_DNCTL,51,-0.5208781111131402,-0.0599856122542814,-0.026573194993871913,-0.23415737986887494,-0.14766292508708484,25,43,wimb,men
2021,Alexander Bublik,123.37647058823529,6.626024575918223,2.487986568546568,WW_DCTL,85,1.6760629747455733,-0.8028348219767619,-1.6011166629871896,0.28615679730929555,0.3870890896945284,94.11764705882352,4,wimb,men
2021,Alexander Zverev,125.86725663716814,6.181054615254875,2.6211837354117695,WC_DNCTL,113,2.250060548904762,-1.1295563676289833,-0.7902864736679931,0.28993752014728424,0.39086981253251707,96.07843137254902,3,wimb,men
2021,Aljaz Bedene,116.07272727272728,8.027394174889958,2.6053591817743187,WC_DNCTL,55,-0.007072735436822057,0.22612821346841472,-0.8866175452945488,-0.06000804338611607,0.04092424899911677,62.745098039215684,20,wimb,men
2021,Andrey Rublev,116.68379446640316,7.3248607867242015,2.6336185164202535,WC_DNCTL,253,0.1337467006478202,-0.2897106402637057,-0.7145904504225777,-0.06713795503963013,0.03379433734560271,58.82352941176471,22,wimb,men
2021,Andy Murray,115.04347826086956,8.571157115554287,2.6040944863085453,WW_DCTL,46,-0.2442614880658112,0.6253890268891639,-0.8943163071231838,-0.06783681715357351,0.03309547523165933,56.86274509803921,23,wimb,men
2021,Benoit Paire,113.86,9.032842570196781,2.8121833128487173,WW_DCTL,50,-0.5169921190649329,0.9643840123508174,0.37241260753556393,-0.21077384315425415,-0.10984155076902131,31.372549019607842,36,wimb,men
2021,Botic Van De Zandschulp,120.98039215686275,7.114745803128686,2.9568092967025312,WC_DNCTL,51,1.1238906162677158,-0.4439886776006034,1.2528150712556807,-0.059022148422497506,0.04191014396273533,64.70588235294117,19,wimb,men
2021,Cameron Norrie,110.35329341317366,7.863349361720769,2.7683497775794077,WC_DNCTL,167,-1.3251069208114536,0.10567744228609394,0.10557845079323068,-0.3838594980560921,-0.28292720567085927,11.76470588235294,46,wimb,men
2021,Carlos Alcaraz,114.4,7.790307368062501,2.510970732813841,WC_DNCTL,55,-0.3925500016141932,0.052045972355016075,-1.4612018682300538,-0.08734736308456106,0.013584929300671775,50.98039215686274,26,wimb,men
2021,Casper Ruud,115.04347826086956,7.160503763170532,2.7549027061733313,WC_DNCTL,92,-0.2442614880658112,-0.41039065357112203,0.023720167238205685,-0.2009352491620672,-0.10000295677683436,33.33333333333333,35,wimb,men
2021,Cristian Garin,113.63392857142857,7.748287268710137,2.8018831674291773,WW_DCTL,112,-0.5690899102992701,0.02119249229447993,0.3097110572166079,-0.2479076885679766,-0.14697539618274374,21.568627450980394,41,wimb,men
2021,Daniel Evans,113.8641975308642,6.9205842686238785,2.615375089759788,WC_DNCTL,162,-0.5160248049375138,-0.5865528106154441,-0.8256462742142832,-0.18496809394188876,-0.08403580155665592,39.21568627450981,32,wimb,men
2021,Daniil Medvedev,119.815,6.058407091176035,2.448004591538211,WC_DNCTL,200,0.8553278983779311,-1.2196109604777214,-1.8445046775374547,0.12431397009408562,0.22524626247931845,84.31372549019608,9,wimb,men
2021,Denis Kudla,118.55813953488372,7.908110139601398,2.281494247385867,WC_DNCTL,43,0.5656864583423955,0.13854328004276684,-2.8581269418104203,0.20449390573421886,0.3054261981194517,86.27450980392157,8,wimb,men
2021,Denis Shapovalov,118.29041916167665,9.164631934914492,2.7088949491510865,WC_DNCTL,334,0.503990735885748,1.0611510500108536,-0.2563494409558729,0.008372638362131063,0.1093049307473639,72.54901960784314,15,wimb,men
2021,Diego Schwartzman,104.33333333333333,6.75251739931636,2.864796372864607,WW_DCTL,39,-2.7123968824859843,-0.7099567977772353,0.6926916226028972,-0.6904873506733445,-0.5895550582881117,0,52,wimb,men
2021,Dominik Koepfer,110.77049180327869,6.2965425502756425,2.997949693257555,WW_DCTL,61,-1.228964233660141,-1.0447587408904992,1.5032548990121952,-0.5034485066614737,-0.40251621427624085,3.9215686274509802,50,wimb,men
2021,Dusan Lajovic,113.0754716981132,6.641504279916195,2.7392733772354263,WC_DNCTL,53,-0.6977853840405345,-0.7914687674931808,-0.07142248511624417,-0.28779155364848485,-0.18685926126325203,15.686274509803921,44,wimb,men
2021,Fabio Fognini,112.9,5.931251708993899,2.7813574348074903,WC_DNCTL,80,-0.7382225500884664,-1.3129754719665716,0.18476182549307868,-0.3347083629367643,-0.2337760705515315,13.725490196078432,45,wimb,men
2021,Federico Delbonis,114.33333333333333,6.552517368993977,2.7862776747239093,WC_DNCTL,63,-0.4079132259908299,-0.8568078772074216,0.21471350657472896,-0.2619110089293679,-0.1609787165441351,17.647058823529413,43,wimb,men
2021,Feliciano Lopez,119.84313725490196,7.6009803289302305,2.7894289012460307,WC_DNCTL,51,0.8618120827839525,-0.08696840687822276,0.23389641907695355,-0.008490047555776287,0.09244224482945655,68.62745098039215,17,wimb,men
2021,Frances Tiafoe,116.56637168141593,6.0354253403708755,2.8569313402263656,WC_DNCTL,113,0.10668681175749936,-1.2364854324840162,0.6448136830554242,-0.21869110983585074,-0.1177588174506179,25.49019607843137,39,wimb,men
2021,Grigor Dimitrov,116.76923076923077,6.5354065261113226,2.6508519468909384,WW_DCTL,65,0.1534353570015816,-0.8693716040390013,-0.6096829210807109,-0.07249453652490193,0.028437755860330913,54.90196078431373,24,wimb,men
2021,Guido Pella,115.06849315068493,7.500608803296658,2.7673751009249337,WC_DNCTL,73,-0.2384968475909572,-0.16066673012140228,0.09964516200885298,-0.19750118808031256,-0.09656889569507972,35.294117647058826,34,wimb,men
2021,Hubert Hurkacz,120.46861924686192,8.60806604451237,2.744841517944002,WC_DNCTL,239,1.0059533855743281,0.652489603070926,-0.03752674475519396,0.06595646921624233,0.16688876160147517,76.47058823529412,13,wimb,men
2021,Ilya Ivashka,117.64583333333333,7.398934895554392,2.6756137404764777,WC_DNCTL,48,0.35544698522318996,-0.23532133431205957,-0.4589469087962704,-0.046765175707971424,0.054167116677261415,66.66666666666666,18,wimb,men
2021,James Duckworth,118.65151515151516,8.13632391807055,2.7088170944137038,WC_DNCTL,66,0.5872047165866252,0.306110453182769,-0.25682337724849197,-0.003067889325955725,0.09786440305927711,70.58823529411765,16,wimb,men
2021,Jannik Sinner,116.76712328767124,4.270442820992551,2.766449417093125,WW_DCTL,73,0.15294969132055045,-2.53243317673348,0.09401011425025717,-0.18957254055076037,-0.08864024816552753,37.254901960784316,33,wimb,men
2021,John Isner,118.60240963855422,10.86720256937398,2.712608299842213,WC_DNCTL,83,0.5758884313803966,2.311272537860105,-0.23374462949661803,0.06315550198885887,0.1640877943740917,74.50980392156863,14,wimb,men
2021,John Millman,113.78787878787878,6.011566163565676,2.6525130026217756,WC_DNCTL,66,-0.5336123345269296,-1.2540041591687647,-0.5995713386469232,-0.23037367932675698,-0.12944138694152413,23.52941176470588,40,wimb,men
2021,Jordan Thompson,114.69333333333333,8.465442318422141,2.6990283072970156,WW_DCTL,150,-0.3249518143570045,0.5477673783045367,-0.31641206293774576,-0.13332143087347767,-0.03238913848824483,45.09803921568628,29,wimb,men
2021,Karen Khachanov,117.13836477987421,5.559207196255919,2.6433129918643523,WC_DNCTL,159,0.2385016864600121,-1.5861511220081383,-0.65557588168446,-0.09862819324072566,0.002304099144507174,49.01960784313725,27,wimb,men
2021,Kei Nishikori,108.80898876404494,7.98987484896635,2.8111291008921317,WW_DCTL,89,-1.6809894032681154,0.19857945008826164,0.36599515211621675,-0.4461282287343572,-0.3451959363491244,5.88235294117647,49,wimb,men
2021,Kevin Anderson,120.64444444444445,7.34276253300906,2.2197626720742702,WC_DNCTL,45,1.0464720149972244,-0.2765661884284775,-3.2339144009200393,0.3077170535494521,0.40864934593468494,98.0392156862745,2,wimb,men
2021,Lloyd Harris,117.83673469387755,7.489845733768237,2.3900936540530835,WC_DNCTL,49,0.39943989176087363,-0.16856957081439142,-2.197034220844021,0.10865956205185948,0.20959185443709233,82.35294117647058,10,wimb,men
2021,Lorenzo Sonego,119.5,7.480322444961649,3.0432649411685557,WC_DNCTL,68,0.7827366631983342,-0.17556209595910569,1.7791088973176368,-0.154869847857283,-0.05393755547205016,43.13725490196079,30,wimb,men
2021,Lucas Pouille,114,8.662838802575227,2.7325540065740155,WW_DCTL,68,-0.4847293478740006,0.692706790198016,-0.11232627243937358,-0.17399647485577815,-0.07306418247054532,41.17647058823529,31,wimb,men
2021,Marin Cilic,120.09160305343511,6.857281791227359,2.3309153983457978,WC_DNCTL,131,0.9190706199757179,-0.6330329892499147,-2.557278491859775,0.2158345526598731,0.31676684504510594,88.23529411764706,7,wimb,men
2021,Marton Fucsovics,117.35265700483092,5.510473716111708,2.8913095243027573,WC_DNCTL,207,0.2878849794726837,-1.6219339374008719,0.8540889263593664,-0.21711542673459358,-0.11618313434936074,27.450980392156865,38,wimb,men
2021,Matteo Berrettini,124.04430379746836,8.100436936448697,2.4793473888301625,WC_DNCTL,316,1.8299640463398044,0.2797602472344719,-1.6537071789108853,0.33592824852104314,0.43686054090627596,100,1,wimb,men
2021,Novak Djokovic,115.60194174757281,7.856678612160323,2.563620128324765,WC_DNCTL,309,-0.11556449028011818,0.1007794091608942,-1.1407016629001128,-0.06265940467942746,0.03827288770580538,60.78431372549019,21,wimb,men
2021,Pedro Martinez,108.51851851851852,5.133495668428851,2.763388157900495,WW_DCTL,81,-1.7479277966194926,-1.8987320615535372,0.07537487275726432,-0.5072854104058643,-0.40635311802063145,1.9607843137254901,51,wimb,men
2021,Philipp Kohlschreiber,108.57831325301204,11.054323160412048,2.5680611313232022,WW_DCTL,83,-1.7341481977810138,2.4486668209172686,-1.1136673093418699,-0.25332108781086227,-0.15238879542562944,19.607843137254903,42,wimb,men
2021,Richard Gasquet,110.66666666666667,5.968169536721256,2.364724755528191,WC_DNCTL,57,-1.2528905667057177,-1.285868361816432,-2.3514659499706263,-0.21435187712360368,-0.11341958473837084,29.411764705882355,37,wimb,men
2021,Roberto Bautista Agut,109.13095238095238,8.50329948205702,2.7463370487806236,WC_DNCTL,168,-1.6067934139531892,0.575564200809943,-0.02842278571515098,-0.4068179741876239,-0.30588568180239106,7.8431372549019605,48,wimb,men
2021,Roger Federer,113,7.567610089517057,2.4215784667363183,WW_DCTL,228,-0.7151777135235161,-0.11147068155672728,-2.005372211587755,-0.0854088912500596,0.01552340113517324,52.94117647058824,25,wimb,men
2021,Salvatore Caruso,117,6.180889080909678,2.8921109650371792,WBW_DNCTL,60,0.2066157490745457,-1.1296779120969307,0.8589676513181117,-0.3968290697002492,-0.2958967773150164,9.803921568627452,47,wimb,men
2021,Sam Querrey,119.9,10.158383415838783,2.4337826884423177,WC_DNCTL,70,0.8749160094581417,1.7908183276799914,-1.9310797050032606,0.24043422932207878,0.34136652170731163,92.15686274509804,5,wimb,men
2021,Sebastian Korda,112.98591549295774,6.538879234998869,2.462449075968395,WW_DCTL,71,-0.718423465152383,-0.8668217491821747,-1.7565746988390551,-0.13321299323005178,-0.032280700844818946,47.05882352941176,28,wimb,men
2021,Stefanos Tsitsipas,117.14814814814815,5.126355899450085,2.26359342813401,WC_DNCTL,54,0.2407562476892897,-1.9039744746657943,-2.9670971624581357,0.08373854160414498,0.18467083398937784,78.43137254901961,12,wimb,men
2021,Taylor Fritz,120.70786516853933,6.892357835100296,2.377433446496481,WC_DNCTL,89,1.061087217213199,-0.6072782186302377,-2.2741025153996324,0.2185918462782396,0.31952413866347246,90.19607843137256,6,wimb,men
2021,Tennys Sandgren,117.30909090909091,9.82791324686369,2.4876961162832116,WC_DNCTL,55,0.27784524391166937,1.5481688593011993,-1.6028847746462285,0.09727591953942072,0.19820821192465354,80.3921568627451,11,wimb,men
2022,Adrian Mannarino,111.32786885245902,11.429087615196893,2.689713622918534,WC_DNCTL,61,-1.1005176036259838,2.723839602783895,-0.3731146751314143,-0.21189092360728182,-0.06464487415328032,37.735849056603776,34,wimb,men
2022,Alejandro Davidovich Fokina,116.33720930232558,7.19903664325799,2.860226667856005,WC_DNCTL,86,0.05387671602777252,-0.3820976826886878,0.6648738028664816,-0.19994796747016022,-0.05270191801615873,43.39622641509434,31,wimb,men
2022,Alex De Minaur,118.3622641509434,6.716449346485044,3.0087372943616066,WC_DNCTL,265,0.5205472962423777,-0.7364399562181912,1.5689238081290846,-0.20404074186372587,-0.05679469240972437,41.509433962264154,32,wimb,men
2022,Alex Molcan,112.59322033898304,7.9483649241749745,2.5599370323801858,WC_DNCTL,59,-0.8089194215843373,0.16810056839582654,-1.1631223003078592,-0.18297590107613695,-0.03572985162213546,47.16981132075472,29,wimb,men
2022,Alexander Bublik,125.78947368421052,8.162215041639426,2.8882904754524232,WC_DNCTL,76,2.2321355945202854,0.32512114751926996,0.8357106379280691,0.20181092032952774,0.34905696978352924,94.33962264150944,4,wimb,men
2022,Andy Murray,115.70542635658914,10.041634500897372,2.5940019222914508,WC_DNCTL,129,-0.09171663126242487,1.7050948197694507,-0.9557542174428427,-0.01767106802116461,0.12957498143283688,67.9245283018868,18,wimb,men
2022,Botic Van De Zandschulp,119.6694214876033,7.617292202342495,2.6634918428038463,WC_DNCTL,121,0.8217795681224248,-0.07499132760349288,-0.5327382725026365,0.04877678380633563,0.19602283326033712,79.24528301886792,12,wimb,men
2022,Brandon Nakashima,116.07801418439716,6.49513105771856,2.5137865829983963,WW_DCTL,141,-0.005854375283163852,-0.8989440795956289,-1.4440605401374824,-0.03244519078372621,0.11480085867027529,64.15094339622641,20,wimb,men
2022,Cameron Norrie,113.08068459657702,6.929324127468144,2.8709300981565375,WC_DNCTL,409,-0.6965840801092524,-0.5801355230616423,0.7300303269968224,-0.3471257477816808,-0.19987969832767932,16.9811320754717,45,wimb,men
2022,Carlos Alcaraz,118.87951807228916,7.528366703401445,3.0219650479341973,WC_DNCTL,166,0.6397476170423101,-0.14028534524594719,1.6494470068273401,-0.1684889625953869,-0.021242913141385406,49.056603773584904,28,wimb,men
2022,Casper Ruud,114.16455696202532,7.186936831442838,2.755032861421083,WC_DNCTL,79,-0.4468074649190173,-0.3909820334715004,0.024512479917664125,-0.23670494877997292,-0.08945889932597142,30.18867924528302,38,wimb,men
2022,Cristian Garin,115.02272727272727,7.889412368148253,2.989964840693799,WC_DNCTL,264,-0.24904351936881589,0.12481434252007143,1.4546475624724595,-0.3025894746475335,-0.155343425193532,22.641509433962266,42,wimb,men
2022,Daniel Evans,113.71428571428571,4.8099780146838675,2.630711781841095,WC_DNCTL,42,-0.5505717380595779,-2.1362766088748137,-0.7322850321061711,-0.2532151769247418,-0.10596912747074033,28.30188679245283,39,wimb,men
2022,David Goffin,110.72084805653711,8.319196589957665,2.7580553796523333,WW_DCTL,283,-1.2404045539614565,0.44038567914957016,0.042911888008271074,-0.3315356123867713,-0.18428956293276982,20.754716981132077,43,wimb,men
2022,Denis Shapovalov,116.80952380952381,11.06794557629857,2.971728067475235,WC_DNCTL,42,0.16272082228416193,2.458669151787709,1.3436322411304948,-0.13766319322250317,0.009582856231498321,52.83018867924528,26,wimb,men
2022,Diego Schwartzman,101.60958904109589,7.337549424302774,2.9843149325681417,WC_DNCTL,146,-3.340079303079299,-0.28039394105166904,1.4202540676033157,-0.8691348260994055,-0.7218887766454041,0,54,wimb,men
2022,Elias Ymer,116.73469387755102,5.540665988113409,2.761273799260755,WBW_DNCTL,49,0.14547638675936891,-1.5997651020924337,0.06250383460760202,-0.35773495411472866,-0.21048890466072717,15.09433962264151,46,wimb,men
2022,Frances Tiafoe,121.31360946745562,7.4842607462597845,2.783331855813877,WC_DNCTL,169,1.20068000089997,-0.17267037741376212,0.19678100124645306,0.05248060456996009,0.1997266540239616,81.13207547169812,11,wimb,men
2022,Francisco Cerundolo,112.6547619047619,4.934496343042026,2.947848890502326,WBW_DNCTL,84,-0.7947372683310885,-2.0448483680952347,1.1982691073535963,-0.6370747087448537,-0.48982865929085223,1.8867924528301887,53,wimb,men
2022,Hubert Hurkacz,120.54081632653062,6.778024477794866,2.830641179156907,WC_DNCTL,98,1.0225910845886474,-0.6912280905783347,0.4847738205052366,-0.021716069437636848,0.12552998001636465,66.0377358490566,19,wimb,men
2022,Hugo Dellien,114.41935483870968,6.910548807645096,2.7435844835662535,WC_DNCTL,62,-0.3880897106661388,-0.5939214008848467,-0.045178870145533824,-0.2274393653044551,-0.08019331585045361,32.075471698113205,37,wimb,men
2022,Jack Draper,119.79746835443038,6.798151609332709,2.5715705748104334,WC_DNCTL,79,0.8512877593092658,-0.6764496378580966,-1.0923037714068895,0.07976690087222303,0.22701295032622454,84.90566037735849,9,wimb,men
2022,Jack Sock,118.67032967032966,9.80365806691191,2.757407405482691,WC_DNCTL,182,0.5915404916979108,1.5303593652128693,0.038967382047595575,0.015853626800399118,0.1630996762544006,73.58490566037736,15,wimb,men
2022,James Duckworth,119.1891891891892,7.0218361484175915,2.645531210579914,WW_DCTL,74,0.7111108198207831,-0.5122080826767796,-0.6420726012212163,0.04288625103687843,0.19013230049087992,77.35849056603774,13,wimb,men
2022,Jannik Sinner,117.95795795795796,6.852449085407834,2.9442933234580453,WW_DCTL,333,0.42737559484690446,-0.6365814290427579,1.1766247948843307,-0.16435319936882273,-0.017107149914821235,50.943396226415096,27,wimb,men
2022,Jason Kubler,116.35121951219512,7.625650790331799,2.5763566457868903,WC_DNCTL,205,0.05710534599461458,-0.06885399019027845,-1.0631688361281009,-0.044057054127420336,0.10318899532658116,58.490566037735846,23,wimb,men
2022,Jaume Munar,116.09756097560975,9.782334488852424,2.9379664176194176,WC_DNCTL,82,-0.0013498491945300333,1.5147024153099031,1.1381101148826835,-0.18300749915395362,-0.035761449699952125,45.28301886792453,30,wimb,men
2022,Jenson Brooksby,104.82758620689656,7.83186906292194,2.697475352006467,WC_DNCTL,58,-2.5984971155557623,0.08256286649357457,-0.32586559008006205,-0.5773651796634882,-0.4301191302094867,3.7735849056603774,52,wimb,men
2022,Jiri Vesely,121.81632653061224,8.508998837965004,2.5958832042557947,WC_DNCTL,49,1.3165303264885382,0.5797489830112014,-0.9443020203187441,0.1949434102823794,0.34218945973638093,92.45283018867924,5,wimb,men
2022,John Isner,123.58783783783784,7.783576861741663,2.29392016253264,WC_DNCTL,148,1.724772211968313,0.04710406251263486,-2.7824848889946954,0.40317865113090573,0.5504247005849072,100,1,wimb,men
2022,Jordan Thompson,112.18571428571428,9.10692180952052,2.6357080580439334,WC_DNCTL,70,-0.9028285255524078,1.0187770853944702,-0.7018704844488768,-0.20859881640147868,-0.06135276694747718,39.62264150943396,33,wimb,men
2022,Liam Broady,108.43396226415095,8.134570936913693,2.7217462599395223,WC_DNCTL,159,-1.7674136472439437,0.3048233175023881,-0.17811781632880605,-0.43264184110763426,-0.28539579165363277,13.20754716981132,47,wimb,men
2022,Lorenzo Musetti,118.50943396226415,6.228417015550068,2.7425480365549935,WC_DNCTL,53,0.5544623387341924,-1.094780274862685,-0.0514881824690443,-0.07513483823066366,0.07211121122333783,54.71698113207547,25,wimb,men
2022,Lorenzo Sonego,117.54166666666667,8.230607984919367,2.775750211311671,WW_DCTL,48,0.331441947134701,0.3753390276359749,0.15062817088410932,-0.06046308457662555,0.08678296487737594,56.60377358490566,24,wimb,men
2022,Maxime Cressy,118.96,10.227731248252786,2.5662846538385846,WW_DCTL,75,0.6582945457475945,1.8417373401907624,-1.1244815151472496,0.15608749596519142,0.3033335454191929,90.56603773584906,6,wimb,men
2022,Mikael Ymer,114.35227272727273,7.9871157349725035,3.0985170156662822,WBW_DNCTL,88,-0.4035486736111017,0.19655355605407485,2.115452763179352,-0.5649679575085303,-0.41772190805452886,7.547169811320755,50,wimb,men
2022,Miomir Kecmanovic,114.05172413793103,7.284741115204265,2.813291804105638,WBW_DNCTL,58,-0.4728096048231642,-0.31916872114294537,0.3791604851133008,-0.45042421418443335,-0.30317816473043185,11.320754716981133,48,wimb,men
2022,Nick Kyrgios,120.82582582582583,8.0995124607659,2.386899423086213,WC_DNCTL,333,1.0882710578958161,0.2790814460777587,-2.216478920461529,0.2496854232570479,0.3969314727110494,96.22641509433963,3,wimb,men
2022,Nikoloz Basilashvili,114.09803921568627,10.350371784551093,2.5657051848888335,WW_DCTL,51,-0.46213637084953924,1.9317868022247082,-1.1280089994720988,-0.04172629417486265,0.10551975527913884,60.37735849056604,22,wimb,men
2022,Novak Djokovic,115.69637883008356,7.236604904072845,2.4263182205079237,WC_DNCTL,359,-0.09380161895880712,-0.3545129886059754,-1.9765192296632481,-0.0048686184870505855,0.1423774309669509,69.81132075471697,17,wimb,men
2022,Oscar Otte,116.95652173913044,8.09377407295023,3.0001228248697194,WC_DNCTL,46,0.19659625491587165,0.2748680044919656,1.5164837142939038,-0.22245344649426305,-0.07520739704026155,35.84905660377358,35,wimb,men
2022,Pablo Andujar,110.078125,4.350897325803327,2.7772223713371447,WC_DNCTL,64,-1.3885190319056941,-2.4733590313074063,0.15958986143846488,-0.49003220444232953,-0.34278615498832804,9.433962264150944,49,wimb,men
2022,Rafael Nadal,113.02240896358543,7.494533724897587,2.786972750456524,WC_DNCTL,357,-0.7100136044893534,-0.16512738854774647,0.21894474062520652,-0.29232008249408836,-0.14507403304008687,24.528301886792452,41,wimb,men
2022,Ricardas Berankis,110.58426966292134,8.640298012489927,2.7415171087069767,WC_DNCTL,89,-1.2718788215532455,0.6761560959311209,-0.05776389719973215,-0.3406862648765058,-0.19344021542250428,18.867924528301888,44,wimb,men
2022,Richard Gasquet,112.0886075949367,8.162123079478583,2.683062444884882,WC_DNCTL,79,-0.9252066037357338,0.3250536238165748,-0.4136033437055705,-0.260979524827353,-0.11373347537335149,26.41509433962264,40,wimb,men
2022,Stan Wawrinka,118.07042253521126,6.516624769797787,2.6513562775223507,WC_DNCTL,71,0.4532928728683925,-0.8831622078893687,-0.6066128370018103,-0.03952999764499013,0.10771605180901137,62.264150943396224,21,wimb,men
2022,Stefan Kozlov,103.63492063492063,8.634704147763607,2.673221225369685,WW_DCTL,63,-2.873344947384058,0.6720487711876076,-0.47351120864322604,-0.5736103308763877,-0.4263642814223862,5.660377358490567,51,wimb,men
2022,Stefanos Tsitsipas,120.59541984732824,6.561869604540132,2.662129084391283,WC_DNCTL,131,1.03517437671517,-0.849940948823338,-0.5410339869510772,0.06067684776423693,0.20792289721823842,83.01886792452831,10,wimb,men
2022,Steve Johnson,117.20754716981132,8.445204580493362,2.234519387002768,WBW_DNCTL,53,0.25444465515274695,0.5329077122571069,-3.144083736794034,0.004338559232728134,0.15158460868672963,71.69811320754717,16,wimb,men
2022,Tallon Griekspoor,118.39583333333333,7.1778014275496185,2.6367378224440077,WW_DCTL,48,0.5282832594603266,-0.39768975206828067,-0.6956018521414689,0.018525108420913372,0.16577115787491487,75.47169811320755,14,wimb,men
2022,Taylor Fritz,120.36575875486382,9.150567493724006,2.6160389219906452,WC_DNCTL,257,0.9822493533034609,1.050824159724507,-0.8216052332065038,0.1411366007407279,0.2883826501947294,88.67924528301887,7,wimb,men
2022,Thanasi Kokkinakis,120.91071428571429,7.563733531468763,2.693204132188896,WC_DNCTL,56,1.1078334647396164,-0.11431706479451026,-0.35186639816639187,0.0836748999297385,0.23092094938374,86.79245283018868,8,wimb,men
2022,Tim Van Rijthoven,122.84677419354838,8.518792573360763,2.4998373619039196,WC_DNCTL,124,1.5539953062995346,0.5869400849935484,-1.5289756314046734,0.2866893556948788,0.4339354051488803,98.11320754716981,2,wimb,men
2022,Ugo Humbert,114.00653594771242,8.265731995497836,2.7740335581499598,WC_DNCTL,153,-0.4832231494057024,0.4011290180627326,0.14017814224712993,-0.2251828288474053,-0.0779367793934038,33.9622641509434,36,wimb,men
2023,Adrian Mannarino,108.40677966101696,12.098900839315082,2.436794682990809,WW_DCTL,59,-1.773677833710272,3.215653503110894,-1.9127443592338325,-0.16682738919875298,-0.12713145965310058,24.528301886792452,41,wimb,men
2023,Alejandro Davidovich Fokina,110.97196261682242,7.727014537256072,2.8977631263535226,WW_DCTL,107,-1.1825356139529086,0.005572876780310106,0.8933748623576031,-0.4074008124668559,-0.3677048829212035,3.7735849056603774,52,wimb,men
2023,Alex De Minaur,120.23728813559322,7.534607472216058,2.698128690722932,WBW_DNCTL,59,0.9526435090585696,-0.13570302775618037,-0.3218884277452438,-0.129391839461685,-0.08969590991603262,28.30188679245283,39,wimb,men
2023,Alexander Bublik,126.50714285714285,5.696769788451213,2.781627506524231,WW_DCTL,140,2.397521282499581,-1.485145061556393,0.1864058717319608,0.24255326059290477,0.28224919013855715,92.45283018867924,5,wimb,men
2023,Alexander Zverev,124.54040404040404,6.877158827706864,2.7942369807596776,WC_DNCTL,198,1.9442895365226598,-0.6184381701482208,0.2631653300760703,0.16490559288091555,0.20460152242656793,84.90566037735849,9,wimb,men
2023,Alexandre Muller,113.20253164556962,9.564061666461752,2.9256100329700736,WC_DNCTL,79,-0.6685046268096899,1.3544344417167202,1.0628913250215768,-0.30217337586621873,-0.26247744632056635,7.547169811320755,50,wimb,men
2023,Andrey Rublev,120.29076086956522,7.964821939021455,2.8000673819800594,WC_DNCTL,368,0.9649662132092286,0.18018421853582248,0.2986575664095454,0.013980426391618422,0.05367635593727081,56.60377358490566,24,wimb,men
2023,Andy Murray,116.02083333333333,7.908661696175997,2.3375231080071712,WC_DNCTL,96,-0.019031608957272617,0.1389482633731003,-2.5170544345333914,0.07098609114006307,0.11068202068571546,73.58490566037736,15,wimb,men
2023,Aslan Karatsev,119.31168831168831,5.934421756648464,2.604106386701185,WW_DCTL,77,0.7393405423942054,-1.3106478477198769,-0.8942438641587862,0.04107478228064507,0.08077071182629746,67.9245283018868,18,wimb,men
2023,Cameron Norrie,114.20270270270271,7.074902060854096,2.732319021745693,WC_DNCTL,74,-0.4380168413234218,-0.4732441559729331,-0.1137567292375165,-0.22645530874809214,-0.18675937920243973,16.9811320754717,45,wimb,men
2023,Carlos Alcaraz,119.41247002398082,7.90037960928803,2.9720510225786683,WC_DNCTL,417,0.7625655232793721,0.13286709729791452,1.345598211982739,-0.11148558821923468,-0.0717896586735823,33.9622641509434,36,wimb,men
2023,Christopher Eubanks,119.64539007092199,5.489082988415177,2.531291070926573,WC_DNCTL,282,0.8162415674239742,-1.63764019227978,-1.3375029639158882,0.06031039825746111,0.1000063278031135,69.81132075471697,17,wimb,men
2023,Daniel Evans,117.49152542372882,7.321138222595069,2.5123400717651285,WC_DNCTL,59,0.31988697964803703,-0.29244395265235895,-1.452866095125824,0.027871977629159356,0.06756790717481174,64.15094339622641,20,wimb,men
2023,Daniil Medvedev,117.37412587412588,7.678854202600923,2.4187121679218704,WC_DNCTL,286,0.29283244531405117,-0.029789103507530633,-2.022820642849932,0.0798150473938056,0.11951097693945799,75.47169811320755,14,wimb,men
2023,David Goffin,111.44776119402985,8.20193188702424,2.587862684965602,WC_DNCTL,134,-1.0728886094570922,0.35428345117952664,-0.9931264760302286,-0.23807544995315585,-0.19837952040750345,15.09433962264151,46,wimb,men
2023,Denis Shapovalov,117.75833333333334,7.286450915691309,2.815048272279627,WC_DNCTL,120,0.38137242635876306,-0.3179132910976204,0.389852885376512,-0.11590108068357205,-0.07620515113791966,32.075471698113205,37,wimb,men
2023,Diego Schwartzman,106.56666666666666,9.829679489691232,3.0009524949546518,WW_DCTL,60,-2.197728865868733,1.5494657324333803,1.5215342838207995,-0.5881902324322151,-0.5484943028865628,0,54,wimb,men
2023,Dominic Stricker,115.4375,6.825815359292173,2.7825902597505885,WC_DNCTL,48,-0.1534598222528222,-0.6561373832245057,0.19226657732478505,-0.2073053223657372,-0.1676093928200848,22.641509433962266,42,wimb,men
2023,Dominic Thiem,119.40425531914893,6.514366503725737,2.4924603999242887,WC_DNCTL,94,0.7606724579765709,-0.88482035168958,-1.57388246853431,0.09642382884990028,0.13611975839555268,79.24528301886792,12,wimb,men
2023,Emil Ruusuvuori,122.47540983606558,6.249284112005816,3.043328356585415,WC_DNCTL,61,1.4684149970571398,-1.079458498990147,1.7794949350665448,-0.06337317491192893,-0.023677245366276536,41.509433962264154,32,wimb,men
2023,Fabian Marozsan,114.23728813559322,7.166346116182624,2.8934810201353125,WC_DNCTL,59,-0.430046684838523,-0.4061008749903141,0.8673077839255969,-0.3046238441789755,-0.2649279146333231,5.660377358490567,51,wimb,men
2023,Frances Tiafoe,120.77514792899409,7.360389329320646,2.8218466564235785,WC_DNCTL,169,1.076592419396386,-0.26362362006446266,0.4312376627876075,0.007422895202452651,0.04711882474810504,54.71698113207547,25,wimb,men
2023,Gijs Brouwer,113.1044776119403,8.998542522320285,2.5281734576968944,WC_DNCTL,67,-0.6911010186049104,0.9391990208933099,-1.356481257409192,-0.11867109941476464,-0.07897516986911225,30.18867924528302,38,wimb,men
2023,Grigor Dimitrov,123.55882352941177,8.212384847285012,2.656818604664194,WC_DNCTL,170,1.7180859120110743,0.3619585925035593,-0.573361230719324,0.2284654222579572,0.2681613518036096,86.79245283018868,8,wimb,men
2023,Holger Rune,119.98965517241379,7.736796759779579,2.7545682159184266,WC_DNCTL,290,0.8955768974129241,0.012755525375351188,0.021683976806435443,0.018792082629368212,0.0584880121750206,62.264150943396224,21,wimb,men
2023,Hubert Hurkacz,122.48765432098766,8.923580078653213,2.4918777851714786,WC_DNCTL,162,1.471236718595653,0.8841574503920974,-1.5774291027566372,0.28627413541444996,0.32597006496010233,96.22641509433963,3,wimb,men
2023,Ilya Ivashka,115.15873015873017,7.808610526943647,2.6295427067726833,WW_DCTL,63,-0.21770187656583045,0.065485163510867,-0.7394017101959393,-0.09560385268567181,-0.055907923140019425,39.62264150943396,33,wimb,men
2023,Jannik Sinner,120.06666666666666,7.297836613955279,2.71694481792988,WC_DNCTL,195,0.9133240703997255,-0.3095532819644455,-0.20734632189922364,0.02983000198647276,0.06952593153212515,66.0377358490566,19,wimb,men
2023,Jiri Lehecka,115.89887640449439,8.839535343377687,2.7998196498650185,WC_DNCTL,89,-0.04713638388784079,0.8224471592699364,0.297149511227393,-0.14521492697922125,-0.10551899743356886,26.41509433962264,40,wimb,men
2023,Jordan Thompson,121.65625,8.472586513115239,2.3580687541770637,WC_DNCTL,64,1.279640951630102,0.5530130410209356,-2.3919839802160077,0.3083090848588586,0.348005014404511,98.11320754716981,2,wimb,men
2023,Laslo Djere,115.40860215053763,8.709360979828075,2.662151254484348,WC_DNCTL,93,-0.16011928443221057,0.7268659447541973,-0.540899027768535,-0.0988513692667983,-0.05915543972114591,35.84905660377358,35,wimb,men
2023,Lorenzo Musetti,113.18032786885246,7.921507004607376,2.8014908806510554,WC_DNCTL,61,-0.6736214508654068,0.14837999898694493,0.3073230337318902,-0.2821921992573977,-0.24249626971174532,9.433962264150944,49,wimb,men
2023,Lorenzo Sonego,118.13333333333334,8.637337761347741,2.7970771270357155,WW_DCTL,75,0.4677905634773314,0.6739825158825893,0.2804545592458212,-0.03636276554109194,0.003333164004560449,45.28301886792453,30,wimb,men
2023,Marco Cecchinato,115.39393939393939,6.6939309916679095,2.428069985187624,WC_DNCTL,33,-0.16349829272619193,-0.7529741772708471,-1.9658554616544157,-0.03222561907827853,0.007470310467373856,47.16981132075472,29,wimb,men
2023,Marton Fucsovics,115.71428571428571,7.929294168092188,2.284707590998865,WW_DCTL,70,-0.08967500676054702,0.15409776493728328,-2.8385658950449755,0.10584235708253198,0.14553828662818435,81.13207547169812,11,wimb,men
2023,Matteo Berrettini,123.20938628158845,6.7178799913742715,2.548333473200888,WC_DNCTL,277,1.637558669353126,-0.7353894976461317,-1.2337583078713532,0.23075585875019894,0.2704517882958513,88.67924528301887,7,wimb,men
2023,Max Purcell,116.47727272727273,7.453697806703563,2.680912450716138,WC_DNCTL,44,0.08615410339411864,-0.1951113773333928,-0.4266913111143823,-0.09642457403586899,-0.0567286444902166,37.735849056603776,34,wimb,men
2023,Maxime Cressy,122.47222222222223,10.232961060391663,2.4864983643832073,WC_DNCTL,36,1.4676804166566177,1.845577357397626,-1.610176021319822,0.32202199753232996,0.36171792707798234,100,1,wimb,men
2023,Maximilian Marterer,120.38095238095238,6.302658352167557,2.6224991761181693,WC_DNCTL,63,0.9857506996038595,-1.0402681810242773,-0.7822788030687549,0.06528890062814616,0.10498483017379855,71.69811320754717,16,wimb,men
2023,Mikael Ymer,113.75555555555556,8.389816072646287,2.7346855993226407,WC_DNCTL,90,-0.5410611705883256,0.4922384075962063,-0.09935032263055883,-0.2123748568178743,-0.1726789272722219,20.754716981132077,43,wimb,men
2023,Nicolas Jarry,122.4469696969697,7.500956065209587,2.7974613601356113,WC_DNCTL,132,1.46186101348365,-0.16041175122626755,0.28279355642168813,0.09264019272915244,0.13233612227480485,77.35849056603774,13,wimb,men
2023,Novak Djokovic,118.71848739495799,6.404649184841697,2.667427431457056,WC_DNCTL,476,0.6026383606319077,-0.9653808730271811,-0.5087806000696048,-0.023753337741703906,0.015942591803948483,49.056603773584904,28,wimb,men
2023,Pedro Cachin,117.27692307692308,6.201077759923301,2.514311773475929,WC_DNCTL,65,0.2704322195621052,-1.1148542678172713,-1.4408634729299097,-0.010799760317232399,0.02889616922841999,52.83018867924528,26,wimb,men
2023,Quentin Halys,122,7.624239782303841,2.4391756756740004,WC_DNCTL,125,1.358857577322123,-0.06989003029315446,-1.898250201486218,0.2594933712831174,0.29918930082876977,94.33962264150944,4,wimb,men
2023,Radu Albot,108.58536585365853,8.757291451596341,2.8854626370186334,WW_DCTL,82,-1.7325229374884517,0.7620591470023284,0.818496332049068,-0.47346071763590447,-0.4337647880902521,1.8867924528301887,53,wimb,men
2023,Roberto Carballes Baena,117.30188679245283,6.052923342232048,2.9717768488700274,WC_DNCTL,53,0.27618506700647566,-1.2236374321260033,1.3439291951011065,-0.2461933871524363,-0.2064974576067839,13.20754716981132,47,wimb,men
2023,Roman Safiullin,120.20472440944881,6.063602814343445,2.8627171080886176,WW_DCTL,127,0.9451392515891336,-1.2157959732783459,0.6800342163559134,-0.050140776675215465,-0.010444847129563076,43.39622641509434,31,wimb,men
2023,Stan Wawrinka,120.98198198198199,6.503120903887724,2.84795645137893,WC_DNCTL,111,1.124256988868113,-0.8930774928129595,0.5901795568607624,-0.01932387863061827,0.02037205091503412,50.943396226415096,27,wimb,men
2023,Stefanos Tsitsipas,120.18361581920904,6.375205372851764,2.703597036917219,WC_DNCTL,354,0.9402748114672117,-0.987000147615747,-0.2886001808228158,0.017746661184132262,0.05744259072978465,58.490566037735846,23,wimb,men
2023,Taylor Fritz,119.2289156626506,8.532043417475828,2.557234378440883,WC_DNCTL,166,0.7202657207029848,0.5966695873267323,-1.1795745526856218,0.1080828684819878,0.14777879802764018,83.01886792452831,10,wimb,men
2023,Tommy Paul,112.37383177570094,10.747990917556939,2.8432398672559964,WC_DNCTL,107,-0.8594771574348947,2.2237407523810266,0.5614676188567912,-0.2641652400240453,-0.22446931047839291,11.320754716981133,48,wimb,men
2023,Yannick Hanfmann,116.56565656565657,6.400193900381609,2.865839179224588,WC_DNCTL,99,0.10652201449950405,-0.9686521891918726,0.6990396471006131,-0.21387571963666355,-0.17417979009101114,18.867924528301888,44,wimb,men
2023,Yibing Wu,120.46031746031746,8.121706075389136,2.8135979601345498,WC_DNCTL,63,1.0040402524331853,0.29537722492652296,0.3810241925533766,0.018150892306796063,0.05784682185244845,60.37735849056604,22,wimb,men
2023,Yosuke Watanuki,122.41269841269842,7.476058390137103,2.5031869653817473,WC_DNCTL,63,1.4539632520346226,-0.17869300075309347,-1.5085851104499755,0.24021917616755648,0.2799151057132089,90.56603773584906,6,wimb,men
2024,Adrian Mannarino,108.08888888888889,11.874478765089936,2.4921920096700174,WW_DCTL,90,-1.8469352426022476,3.0508704088543546,-1.575516278965897,-0.2139234669089435,-0.13927860003224285,19.607843137254903,42,wimb,men
2024,Alejandro Tabilo,115.19259259259259,7.768570717287509,2.7884451507446433,WC_DNCTL,135,-0.20989833402532,0.0360857216272575,0.22790789376477427,-0.1961914982681872,-0.12154663139148653,23.52941176470588,40,wimb,men
2024,Aleksandar Kovacevic,118.15094339622641,6.22153897117195,2.572839681942942,WC_DNCTL,53,0.4718487736900245,-1.0998305153034853,-1.0845781538075312,-0.003855170037011052,0.07078969683968961,62.745098039215684,20,wimb,men
2024,Aleksandar Vukic,115.48214285714286,5.253539314088677,2.658541856018144,WW_DCTL,56,-0.14317194878632505,-1.8105893801976167,-0.5628710359617903,-0.16262783745255618,-0.08798297057585552,27.450980392156865,38,wimb,men
2024,Alex De Minaur,118.30625,9.162403954553362,2.900066245595568,WC_DNCTL,160,0.5076389267042265,1.0595151436539703,0.9073949699545037,-0.08823924883033588,-0.013594381953635215,41.17647058823529,31,wimb,men
2024,Alexander Bublik,120.26,9.306153329701718,2.5841782029400933,WC_DNCTL,50,0.9578774210919672,1.1650638821912787,-1.0155555511269216,0.15695836986947953,0.2316032367461802,86.27450980392157,8,wimb,men
2024,Alexander Zverev,125,7.333393220500467,2.589725188690558,WC_DNCTL,254,2.050202674270669,-0.28344565566249624,-0.9817885903720291,0.29964933702370444,0.37429420390040513,100,1,wimb,men
2024,Alexandre Muller,108.78947368421052,8.710344469874574,2.279360056817066,WW_DCTL,95,-1.6854866215214772,0.7275880775193996,-2.8711187057020284,-0.15801717251854516,-0.0833723056418445,31.372549019607842,36,wimb,men
2024,Alexei Popyrin,117.29473684210527,5.942765464510728,2.5755790692108467,WC_DNCTL,95,0.2745373726344035,-1.304521436118596,-1.0679022893779113,-0.047855227998726796,0.026789638877973865,52.94117647058824,25,wimb,men
2024,Arthur Fils,120.87142857142857,6.444684201056384,2.533397711873113,WW_DCTL,70,1.0987801360890972,-0.9359849507532942,-1.3246789067853106,0.15470898218011464,0.2293538490568153,84.31372549019608,9,wimb,men
2024,Arthur Rinderknech,121.3125,8.05708797684788,2.5157987980288574,WW_DCTL,64,1.2004243259380811,0.24793104451238104,-1.4318112954087945,0.22335505073264122,0.29799991760934186,94.11764705882352,4,wimb,men
2024,Ben Shelton,116.86507936507937,10.641460803925598,2.8306007106283047,WC_DNCTL,252,0.17552350926469093,2.1455204533472423,0.4845274706354878,-0.07456141599925695,8.345087744371371e-5,45.09803921568628,29,wimb,men
2024,Borna Coric,118.50909090909092,5.405322230682313,2.5194242806432907,WC_DNCTL,55,0.5543832826910885,-1.6991419713901845,-1.4097413758765767,0.017154980875542625,0.09179984775224329,72.54901960784314,15,wimb,men
2024,Botic Van De Zandschulp,120.11538461538461,9.035125021984806,2.3925720612384795,WW_DCTL,52,0.9245510420595741,0.9660599146408247,-2.181947057846189,0.26159663708804265,0.3362415039647433,96.07843137254902,3,wimb,men
2024,Brandon Nakashima,114.6,7.703494027045072,2.3881054697905233,WC_DNCTL,90,-0.3464603284842927,-0.0116971821675136,-2.209137179637766,-0.01882293743550309,0.05582192944119757,58.82352941176471,22,wimb,men
2024,Cameron Norrie,111.63316582914572,8.23708695735749,2.843131196709369,WC_DNCTL,199,-1.0301624143107944,0.38009624739540854,0.5608060930753561,-0.35930031210310553,-0.28465544522640485,7.8431372549019605,48,wimb,men
2024,Carlos Alcaraz,118.98387096774194,8.45103914197273,2.960673974718866,WC_DNCTL,434,0.6637955712501974,0.5371917698638276,1.2763410792135952,-0.10929018993620662,-0.03464532305950596,37.254901960784316,33,wimb,men
2024,Casper Ruud,113.01190476190476,6.436893001199625,2.748317681978526,WW_DCTL,84,-0.7124342805991177,-0.9417056804310702,-0.01636579359870039,-0.2801214275941585,-0.20547656071745782,15.686274509803921,44,wimb,men
2024,Daniel Evans,111.88888888888889,8.655587323757523,2.7729205430856254,WW_DCTL,45,-0.9712314531340895,0.6873823535460393,0.13340272624866004,-0.28209829244368656,-0.2074534255669859,13.725490196078432,45,wimb,men
2024,Daniil Medvedev,117.77743902439025,6.100271475580518,2.4511480558151186,WC_DNCTL,328,0.38577530163743196,-1.1888718149407487,-1.825369017262168,0.039446839610801754,0.11409170648750241,76.47058823529412,13,wimb,men
2024,Denis Shapovalov,114.07954545454545,7.21464282243975,2.7153803310981344,WC_DNCTL,88,-0.46639822787915314,-0.37063876313288535,-0.21687004664372622,-0.2193487685849834,-0.14470390170828273,17.647058823529413,43,wimb,men
2024,Dusan Lajovic,110.30357142857143,7.451466342227592,2.6693960067221885,WC_DNCTL,56,-1.3365652708998876,-0.19674984192001407,-0.4967970099341485,-0.34618552874169106,-0.2715406618649904,9.803921568627452,47,wimb,men
2024,Fabio Fognini,111.54022988505747,5.4597993780782765,2.9191094963201194,WBW_DNCTL,87,-1.0515793507360272,-1.6591418379578085,1.0233196773160895,-0.655096401159917,-0.5804515342832163,0,52,wimb,men
2024,Facundo Diaz Acosta,111.21428571428571,6.289841953598058,2.9882782351065074,WC_DNCTL,70,-1.1266926521833664,-1.0496786894192243,1.444380446738425,-0.5004910157620645,-0.42584614888536376,1.9607843137254901,51,wimb,men
2024,Frances Tiafoe,120.54347826086956,6.699078883427577,2.8230803162805076,WW_DCTL,138,1.0232045230065236,-0.749194310535435,0.43874749710984695,3.688875184731377e-4,0.0750137543951738,64.70588235294117,19,wimb,men
2024,Gael Monfils,113.74468085106383,10.637373494940435,2.3936506849192014,WC_DNCTL,188,-0.5435672284653654,2.1425193251200696,-2.175380997442449,0.018352568740839403,0.09299743561754006,74.50980392156863,14,wimb,men
2024,Grigor Dimitrov,119.29878048780488,8.326305331109124,2.7545347128427666,WC_DNCTL,164,0.7363659554761753,0.44560530991561964,0.021480028735921003,0.005360882319634663,0.08000574919633532,68.62745098039215,17,wimb,men
2024,Holger Rune,115.06806282722513,9.064132664764623,2.6689608746701747,WC_DNCTL,191,-0.23859601492896773,0.9873589296813471,-0.49944585159059457,-0.10729294822318311,-0.03264808134648245,39.21568627450981,32,wimb,men
2024,Jack Draper,115.29850746268657,8.513829970635006,2.5925619099413333,WC_DNCTL,67,-0.18549042531418086,0.5832962677106921,-0.9645202108490641,-0.07304795682042833,0.001596910056272327,47.05882352941176,28,wimb,men
2024,James Duckworth,119.78651685393258,7.611999961353424,2.863398971322366,WW_DCTL,89,0.8487640039181388,-0.0788771835235991,0.6841850200698523,-0.02800515632877984,0.04663971054792082,56.86274509803921,23,wimb,men
2024,Jannik Sinner,119.84057971014492,5.283869674086092,2.749620974656613,WC_DNCTL,345,0.8612227007746174,-1.7883191530484157,-0.008432073431958247,-0.04790375780653289,0.026741109070167773,50.98039215686274,26,wimb,men
2024,Jaume Munar,119.53333333333333,8.779107430298781,2.900249255545256,WC_DNCTL,45,0.790418275386651,0.7780776446801297,0.9085090326304989,-0.04738809950668413,0.027256767370016532,54.90196078431373,24,wimb,men
2024,Juncheng Shang,117.63440860215054,7.440758706985288,2.5789357508064814,WC_DNCTL,93,0.35281417459413206,-0.20461197969540562,-1.0474686807830138,0.002997199664837441,0.0776420665415381,66.66666666666666,18,wimb,men
2024,Lorenzo Musetti,115.01234567901234,6.012396773376585,2.56357746099815,WC_DNCTL,162,-0.25143594067325764,-1.2533942795246433,-1.140961397827898,-0.13444224636819116,-0.0597973794914905,33.33333333333333,35,wimb,men
2024,Marcos Giron,115.3953488372093,7.844135009169714,2.75064673445417,WC_DNCTL,43,-0.1631734888281662,0.09156920236169842,-0.0021878189149609237,-0.1666360502713106,-0.09199118339460993,25.49019607843137,39,wimb,men
2024,Marton Fucsovics,115.14285714285714,10.343780199708217,2.332094186883137,WC_DNCTL,70,-0.22135978713169824,1.9269468962118352,-2.5501026835795173,0.0999858027058248,0.17463066958252546,80.3921568627451,11,wimb,men
2024,Matteo Berrettini,120.96969696969697,7.538053253913255,2.4417367262743617,WC_DNCTL,165,1.1214259278650462,-0.1331729443311998,-1.8826599513929219,0.2133268021216611,0.2879716689983618,92.15686274509804,5,wimb,men
2024,Mattia Bellucci,113.925,9.824762051423363,2.7045489848147732,WW_DCTL,80,-0.5020129752977149,1.5458550773924593,-0.28280525205547075,-0.13299906167625017,-0.05835419479954951,35.294117647058826,34,wimb,men
2024,Miomir Kecmanovic,118.35555555555555,5.5150849146827845,2.517442620063801,WC_DNCTL,45,0.519001311399444,-1.6185481404760513,-1.4218046221200948,0.014627984298029889,0.08927285117473055,70.58823529411765,16,wimb,men
2024,Novak Djokovic,118.41634241245136,5.16086965852614,2.392007357373032,WC_DNCTL,257,0.5330095432240528,-1.8786325646303694,-2.185384660558816,0.07182427062617802,0.14646913750287868,78.43137254901961,12,wimb,men
2024,Pedro Martinez,108.73913043478261,6.995065853268295,2.786421097146315,WW_DCTL,69,-1.6970881410736252,-0.5318643133933548,0.21558658242648007,-0.4620227877754759,-0.3873779208987752,5.88235294117647,49,wimb,men
2024,Quentin Halys,114.53947368421052,8.861062072496253,2.4413911421224532,WC_DNCTL,76,-0.36040851903676346,0.8382532739118543,-1.8847636752927044,-0.018674354010203092,0.05597051286649757,60.78431372549019,21,wimb,men
2024,Roberto Bautista Agut,107.7,7.623113826172324,2.708206709972758,WC_DNCTL,60,-1.9365540514659474,-0.07071676953433191,-0.26053905787036585,-0.4692838247419858,-0.39463895786528513,3.9215686274509802,50,wimb,men
2024,Roberto Carballes Baena,119.76470588235294,6.60481108070206,2.1349208253286656,WC_DNCTL,51,0.8437377011643827,-0.8184109429701393,-3.750384325002946,0.2954767148572064,0.3701215817339071,98.0392156862745,2,wimb,men
2024,Stan Wawrinka,116.76363636363637,7.705129691901595,2.3155496726453078,WW_DCTL,55,0.15214613537556973,-0.010496186600766722,-2.650816474475906,0.12783596330469896,0.20248083018139962,82.35294117647058,10,wimb,men
2024,Stefanos Tsitsipas,116.36912751677852,7.052265299551005,2.640200081302383,WW_DCTL,149,0.061232216382904096,-0.489865317613779,-0.6745255479551365,-0.07035699404284948,0.004287872833851181,49.01960784313725,27,wimb,men
2024,Taro Daniel,115.88709677419355,8.78729492442594,2.160544895710932,WC_DNCTL,62,-0.049850980438623994,0.7840893555206901,-3.594399251685223,0.17802387455838595,0.2526687414350866,90.19607843137256,6,wimb,men
2024,Taylor Fritz,119.84013605442176,8.450919612814047,2.476494873262722,WC_DNCTL,294,0.8611204610383041,0.537104004947254,-1.6710717054396254,0.17235513596290092,0.24700000283960158,88.23529411764706,7,wimb,men
2024,Thiago Seyboth Wild,112.56164383561644,6.626936407508591,2.4479366885094973,WC_DNCTL,73,-0.8161961751780986,-0.802165304811748,-1.844918033368686,-0.1612920975036822,-0.08664723062698154,29.411764705882355,37,wimb,men
2024,Tommy Paul,112.05439330543933,11.370072187200039,2.940063473133886,WC_DNCTL,239,-0.9330912308322622,2.6805072128317393,1.1508758212398633,-0.31063526236870076,-0.2359903954920001,11.76470588235294,46,wimb,men
2024,Ugo Humbert,115.66834170854271,8.029651662559186,2.8495866459312706,WC_DNCTL,199,-0.10026272779541236,0.22778578572223923,0.6001032736229894,-0.20087834260982781,-0.12623347573312715,21.568627450980394,41,wimb,men
2024,Yannick Hanfmann,114.22784810126582,8.497283679232376,2.5340786928248957,WC_DNCTL,79,-0.43222212532094706,0.5711470657874428,-1.3205334739127352,-0.08805450981846777,-0.013409642941767108,43.13725490196079,30,wimb,men
2017,Agnieszka Radwanska,92.44343891402715,6.678507926184948,2.8888563068708986,WC_DNCTL,221,-1.433759865477938,-0.02853362412239732,-0.02459578224057444,-0.6251634257408638,-0.2484182853924659,8.333333333333332,56,wimb,women
2017,Aliaksandra Sasnovich,98.2,5.4860324209885905,3.019250912838829,WBW_DNCTL,30,-0.21724505270421646,-0.9101941448139299,0.7328596362596941,-0.5947535740751361,-0.21800843372673817,11.666666666666666,54,wimb,women
2017,Alison Riske,95.53932584269663,6.49135120367387,2.8586892359330798,WC_DNCTL,89,-0.7795164289623199,-0.1669085363960604,-0.19983471311899328,-0.5067392651901668,-0.12999412484176887,30,43,wimb,women
2017,Ana Bogdan,94.11111111111111,9.413600427884807,2.7141924470932377,WBW_DNCTL,36,-1.08133627432609,1.9936656316947108,-1.0392089713574506,-0.43381995894940106,-0.05707481860100316,45,34,wimb,women
2017,Ana Konjuh,104.32941176470588,6.394544243214787,2.9903881357409645,WC_DNCTL,85,1.0780630477385464,-0.23848306752310894,0.5651972798036322,-0.3092507268441907,0.0674944135042072,60,25,wimb,women
2017,Anastasija Sevastova,96.26086956521739,5.863735943021835,2.7314193061059857,WBW_DNCTL,23,-0.627035005869411,-0.6309378561507745,-0.939139052006988,-0.45369600018144396,-0.07695085983304606,36.666666666666664,39,wimb,women
2017,Andrea Petkovic,89.61643835616438,6.6804651721482795,2.9159117083649226,WB_DNCTL,73,-2.0311804440139234,-0.027086528154696015,0.13256762424564913,-0.9607323675756841,-0.5839872272272862,0,61,wimb,women
2017,Anett Kontaveit,98,3.7496268471058976,2.8762319053407435,WW_DCTL,68,-0.2595103841965913,-2.194011074998175,-0.09793026776899319,-0.4593296984648131,-0.08258455811641519,35,40,wimb,women
2017,Angelique Kerber,90.36979166666667,6.0783474571443445,2.8978279370659235,WBW_DNCTL,192,-1.871976807017639,-0.4722641572251993,0.02751994642441004,-0.7566201872968404,-0.37987504694844254,3.3333333333333335,59,wimb,women
2017,Ashleigh Barty,90.32352941176471,8.02163962773762,2.46876982831924,WC_DNCTL,34,-1.8817532547127196,0.964515029865041,-2.4648560756449576,-0.37828746679343855,-0.0015423264450406537,51.66666666666667,30,wimb,women
2017,Beatriz Haddad Maia,99.0625,5.490441403795385,3.1752801481639046,WBW_DNCTL,48,-0.0349758106433531,-0.9069343494888104,1.6392252705137584,-0.6727835750757833,-0.29603843472738545,6.666666666666667,57,wimb,women
2017,Camila Giorgi,106.09183673469387,4.850521780188184,3.084441584379741,WC_DNCTL,98,1.4505104256734471,-1.380060938749319,1.1115488238053777,-0.3497456583483434,0.026999482000054476,55.00000000000001,28,wimb,women
2017,Carina Witthoeft,97.06521739130434,6.9230763037284495,2.8644364135613247,WC_DNCTL,46,-0.4570548683457326,0.15228877612823172,-0.1664496600849107,-0.4507972133436509,-0.07405207299525302,38.333333333333336,38,wimb,women
2017,Carla Suarez Navarro,94.56862745098039,5.997515825609081,2.9904095820065772,WW_DCTL,51,-0.9846508754873271,-0.5320272785951364,0.5653218600343433,-0.6003496948114645,-0.2236045544630666,10,55,wimb,women
2017,Caroline Garcia,104.41379310344827,6.593895682361457,2.904658729540501,WC_DNCTL,116,1.0958950740071336,-0.0910919530953805,0.06719966119567924,-0.24349996628268256,0.13324517406571534,75,16,wimb,women
2017,Caroline Wozniacki,100.4,6.208793153748601,3.0999461750364024,WC_DNCTL,170,0.2476735937119009,-0.3758187205777262,1.2016141767188648,-0.5176354112049173,-0.1408902708565194,26.666666666666668,45,wimb,women
2017,Christina Mchale,102.6,7.58864282991366,2.774863723087894,WC_DNCTL,65,0.7125922401280153,0.6443774835895071,-0.68677271520756,-0.1925051387674102,0.1842400015809877,83.33333333333334,11,wimb,women
2017,Coco Vandeweghe,106.78632478632478,7.11945980591837,2.9729725442554833,WC_DNCTL,117,1.5972742642718154,0.29748553701891495,0.46403102343019564,-0.2003030483038557,0.1764420920445422,81.66666666666667,12,wimb,women
2017,Dominika Cibulkova,93.18556701030928,7.1007988996746745,3.211132790611636,WBC_DNCTL,194,-1.2769284154820937,0.28368853721162457,1.847491387720062,-0.7070454996552539,-0.330300359306856,5,58,wimb,women
2017,Donna Vekic,105.39759036144578,4.036237559290572,2.715610630499128,WW_DCTL,83,1.3037976601599013,-1.9821045422103996,-1.0309708184273911,-0.09958401322401256,0.27716112712438534,90,7,wimb,women
2017,Ekaterina Alexandrova,102.10344827586206,5.2259300442683125,2.706037134556307,WW_DCTL,29,0.6076576240090172,-1.102501656283144,-1.0865827536148298,-0.1751117254553315,0.2016334148930664,86.66666666666667,9,wimb,women
2017,Ekaterina Makarova,99.63157894736842,6.196865173624915,2.9273798958808475,WC_DNCTL,38,0.08528574113593626,-0.38463771025157767,0.19918572328304954,-0.42538143671967127,-0.04863629637127337,46.666666666666664,33,wimb,women
2017,Elina Svitolina,97.6198347107438,7.5313303366084305,2.826657251042488,WC_DNCTL,121,-0.33984944405812895,0.6020033111478704,-0.3859068312146195,-0.3932053705060778,-0.01646023015767989,50,31,wimb,women
2017,Elise Mertens,100.73214285714286,7.621717943848645,2.9102329406731844,WC_DNCTL,56,0.31786423351173637,0.668831673253595,0.09957996094024138,-0.3457357058511175,0.031009434497280386,56.666666666666664,27,wimb,women
2017,Eugenie Bouchard,101.4888888888889,4.836519326118649,3.156799620338035,WC_DNCTL,45,0.47778484294816065,-1.390413697268977,1.5318728548632783,-0.551098356980898,-0.17435321663250014,16.666666666666664,51,wimb,women
2017,Francesca Schiavone,101.94117647058823,4.643148019330394,2.41896119556797,WBC_DNCTL,17,0.5733652658001946,-1.533383382001966,-2.7541918076369543,0.06765782852374613,0.44440296887214403,98.33333333333333,2,wimb,women
2017,Garbine Muguruza,98.66287878787878,5.751837600935298,3.005355003922622,WC_DNCTL,264,-0.11942642565179155,-0.7136702478172098,0.6521390310978837,-0.5204317993742464,-0.14368665902584854,23.333333333333332,47,wimb,women
2017,Heather Watson,100.2258064516129,5.207108458119886,2.75294369885373,WW_DCTL,31,0.21086185337983043,-1.1164174552840886,-0.8141049848714449,-0.2694138157187582,0.10733132462963968,70,19,wimb,women
2017,Jelena Jankovic,96,5.741754255929443,2.5485790008164235,WW_DCTL,32,-0.6821636991203338,-0.7211254007066693,-2.0012487837230655,-0.2571892761706287,0.1195558641777692,73.33333333333333,17,wimb,women
2017,Jelena Ostapenko,98.01744186046511,5.947601450021339,3.016222244317779,WC_DNCTL,172,-0.25582445412458277,-0.5689316294005934,0.7152662598689958,-0.5447618118650512,-0.16801667151665334,18.333333333333332,50,wimb,women
2017,Jennifer Brady,102.48387096774194,10.500384017555216,2.974064762475451,WC_DNCTL,31,0.6880510799066379,2.7971825017456804,0.4703756617130304,-0.2676076767052723,0.1091374636431256,71.66666666666667,18,wimb,women
2017,Johanna Konta,104.2279411764706,5.169406043757398,2.6315710381783184,WC_DNCTL,272,1.0566196074960934,-1.1442928540937987,-1.5191523969476444,-0.09482436056369276,0.28192077978470514,91.66666666666666,6,wimb,women
2017,Johanna Larsson,99.96551724137932,4.2634891698558155,2.9573114958598565,WW_DCTL,29,0.15585580460777768,-1.8140853481675414,0.37305681572731003,-0.4385179291865291,-0.0617727888381312,41.66666666666667,36,wimb,women
2017,Kirsten Flipkens,91.41304347826087,4.640766636650178,2.5530737179823277,WBW_DNCTL,46,-1.6515098887823942,-1.535144064787194,-1.9751392077427703,-0.5188098517474709,-0.14206471139907295,25,46,wimb,women
2017,Kristina Kucova,91.6923076923077,8.417929582833208,2.7570041407187533,WBW_DNCTL,26,-1.5924939158791636,1.2575132563542866,-0.7905180913083508,-0.5648736525684984,-0.18812851222010052,15,52,wimb,women
2017,Kristina Mladenovic,104.12903225806451,8.207321543413244,2.251822531053823,WW_DCTL,62,1.0357175163761672,1.1017995390597302,-3.725091532647633,0.2680583561028538,0.6448034964512517,100,1,wimb,women
2017,Lesia Tsurenko,95.3157894736842,7.0714701371374495,3.0273869764013805,WBC_DNCTL,38,-0.8267556226468784,0.262004224253305,0.7801216022357481,-0.5120557481094685,-0.13531060776107062,28.333333333333332,44,wimb,women
2017,Lucie Safarova,97.13333333333334,8.144104418633715,2.237561102712809,WC_DNCTL,30,-0.4426601539968783,1.0550597587398292,-3.80793542095319,0.006644226213020965,0.38338936656141887,95,4,wimb,women
2017,Madison Brengle,82.04761904761905,9.416602566813552,2.853719267864671,WBW_DNCTL,84,-3.6306737294216793,1.995885272567476,-0.22870499663452123,-0.92642933517955806,-0.5496841948311602,1.6666666666666667,60,wimb,women
2017,Madison Keys,102.59154929577464,7.618731549446745,2.9293944739424194,WC_DNCTL,71,0.7108063810508723,0.666623673146343,0.2108883014487806,-0.2976323620772143,0.07911277827118363,65,22,wimb,women
2017,Magdalena Rybarikova,101.0111111111111,7.0320205743656725,2.8953543867470817,WW_DCTL,90,0.37681766216081986,0.2328370657642163,0.013151222518755765,-0.300208538996696,0.07653660135170193,61.66666666666667,24,wimb,women
2017,Maria Sakkari,100,6.538865096999384,2.9026797376866447,WBC_DNCTL,38,0.1631429307271512,-0.13177898971194887,0.05570380144178779,-0.2844344655172374,0.09231067483116051,68.33333333333333,20,wimb,women
2017,Mona Barthel,104,8.090830517415284,2.8768477678057334,WC_DNCTL,53,1.0084495605746362,1.015671532077868,-0.09435275505138689,-0.2048567302573976,0.1718884100910003,78.33333333333333,14,wimb,women
2017,Monica Puig,99.72222222222223,3.799331603706188,2.780591322803326,WC_DNCTL,36,0.10444108143218829,-2.1572617066513238,-0.6535013892408882,-0.3754736577376891,0.0012714826107088073,53.333333333333336,29,wimb,women
2017,Nao Hibino,89.32352941176471,7.926635528529052,2.638135271843176,WC_DNCTL,34,-2.093079912174591,0.8942734498820086,-1.4810211083039164,-0.5289899452122275,-0.15224480486382963,21.666666666666668,48,wimb,women
2017,Naomi Osaka,105.06122448979592,8.574205899249275,2.9129104451863417,WC_DNCTL,49,1.2327145848198873,1.373056643117989,0.11513344405018465,-0.18377384926437623,0.19297129108402167,85,10,wimb,women
2017,Oceane Dodin,103.25,9.377277501137169,2.521782221599798,WC_DNCTL,16,0.8499545674782327,1.9668101613979936,-2.156909866981221,0.0414891932136755,0.4182343335620734,96.66666666666667,3,wimb,women
2017,Ons Jabeur,96.37142857142857,8.160470409904343,2.6939889203770484,WW_DCTL,35,-0.6036709406344969,1.0671600059335185,-1.1565701970799032,-0.2904628044776095,0.08628233587078837,66.66666666666666,21,wimb,women
2017,Pauline Parmentier,106.5,4.962824763139399,2.7833894055198507,WBW_DNCTL,28,1.5367662042293142,-1.2970293745850916,-0.6372474736796512,-0.1719104589256086,0.2048346814227893,88.33333333333333,8,wimb,women
2017,Petra Kvitova,97.70588235294117,7.7179807521628545,2.7577842462380033,WW_DCTL,85,-0.3216652834500834,0.7400038837784225,-0.785986499313639,-0.2999024014745443,0.07684273887385362,63.33333333333333,23,wimb,women
2017,Qiang Wang,100.91803278688525,5.416933578963942,2.9709977776545595,WBW_DNCTL,61,0.3571477310200172,-0.9612825913045788,0.45255970794870287,-0.4738022296283009,-0.09705708927990297,33.33333333333333,41,wimb,women
2017,Shelby Rogers,99.38805970149254,6.603385779579858,2.6580387044289053,WW_DCTL,67,0.03382363287734934,-0.08407541982611991,-1.3654031136261053,-0.2011612134545151,0.1755839268938828,80,13,wimb,women
2017,Shuai Peng,99.7560975609756,5.430379764827125,2.985396371296587,WC_DNCTL,41,0.11159984354132776,-0.9513411114353577,0.536200382284722,-0.4779376396704225,-0.10119249932202462,31.666666666666664,42,wimb,women
2017,Simona Halep,96.359477124183,6.656629440961535,2.952220467328422,WBW_DNCTL,153,-0.606196600032734,-0.0447095510827081,0.34348329833945807,-0.583586620867441,-0.20684148051904305,13.333333333333334,53,wimb,women
2017,Sorana Cirstea,102,3.7486839796050253,3.0511604775861647,WW_DCTL,39,0.5857962456508937,-2.1947081870546823,0.9182206221719417,-0.44702613162147287,-0.07028099127307497,40,37,wimb,women
2017,Svetlana Kuznetsova,94.0592105263158,6.547061979594869,2.8979206148881547,WW_DCTL,152,-1.0923042514312011,-0.12571859874736274,0.02805830702685016,-0.5417579711102508,-0.1650128307618529,20,49,wimb,women
2017,Timea Babos,105.51020408163265,6.58951961128298,2.9719408196002215,WW_DCTL,49,1.3275959412313392,-0.09432741503050672,0.458037789087967,-0.21413091555041808,0.16261422479797982,76.66666666666667,15,wimb,women
2017,Timea Bacsinszky,93.13541666666667,6.764644607565623,2.7069923910010427,WW_DCTL,96,-1.2875265199746515,0.03515180255999112,-1.0810337190918797,-0.43698114065725957,-0.06023600030886167,43.333333333333336,35,wimb,women
2017,Tsvetana Pironkova,95.94736842105263,8.791726357609404,2.890458857510062,WW_DCTL,38,-0.693286154776222,1.5338810791279118,-0.015286649734327834,-0.424551488380261,-0.04780634803186312,48.333333333333336,32,wimb,women
2017,Venus Williams,104.14634146341463,6.779198350439633,2.99745662834474,WC_DNCTL,287,1.0393754128861283,0.04591215819362502,0.6062577821427823,-0.31155526387242055,0.06518987647597735,58.333333333333336,26,wimb,women
2017,Yanina Wickmayer,101.76470588235294,6.184334184438357,2.402633061393155,WC_DNCTL,34,0.5360723262481006,-0.3939025365753534,-2.8490410815996756,0.0029224062794179217,0.3796675466278158,93.33333333333333,5,wimb,women
2018,Agnieszka Radwanska,91.5,5.734313641681668,2.680792896684586,WW_DCTL,52,-1.6331336576987543,-0.726626642286368,-1.233225205730889,-0.4958759300235913,-0.13435965263780353,28.07017543859649,42,wimb,women
2018,Ajla Tomljanovic,103.63636363636364,6.279023519914253,2.8294370305766097,WC_DNCTL,33,0.9316035033157747,-0.32389367814948017,-0.3697592378787849,-0.22474833121905918,0.1367679461667286,68.42105263157895,19,wimb,women
2018,Aliaksandra Sasnovich,97.2,7.461568199782134,3.0807055173544646,WBW_DNCTL,145,-0.4285717101660877,0.5504244555564518,1.08984620665209,-0.6257327696977917,-0.2642164923120039,8.771929824561402,53,wimb,women
2018,Alison Van Uytvanck,104.75862068965517,6.087642152194894,3.049991935129236,WC_DNCTL,145,1.1687663352008837,-0.4653920951641955,0.9114326204047073,-0.3426345848338301,0.018881692551957707,56.14035087719298,26,wimb,women
2018,Anett Kontaveit,99.94871794871794,4.898704006639854,2.5466842714141786,WW_DCTL,39,0.15230566624192557,-1.3444372578633437,-2.0122551673205216,-0.144559636100708,0.2169566412850798,89.47368421052632,7,wimb,women
2018,Angelique Kerber,95.15354330708661,7.129799350525195,3.085421683073948,WW_DCTL,254,-0.8610425627199506,0.30513011189030004,1.1172421656509335,-0.6207813991461152,-0.2592651217603274,12.280701754385964,51,wimb,women
2018,Anna Blinkova,99.94117647058823,8.01869473422213,3.0419076935552014,WBW_DNCTL,34,0.15071195087645217,0.9623377135688703,0.8644716856385576,-0.49655113787917826,-0.13503486049339047,26.31578947368421,43,wimb,women
2018,Arantxa Rus,94.27272727272727,9.42377901871948,2.8301625161588357,WBW_DNCTL,44,-1.047182471099931,2.001191204887702,-0.3655449302299232,-0.5074571364328461,-0.14594085904705828,21.052631578947366,46,wimb,women
2018,Ashleigh Barty,101.94690265486726,6.581685503789775,2.5922004596571857,WW_DCTL,113,0.5745753611838921,-0.10011958708059468,-1.7478540200627648,-0.07239249067044429,0.2891237867153435,96.49122807017544,3,wimb,women
2018,Barbora Strycova,99.87704918032787,6.580182957154567,3.0109939030005886,WW_DCTL,122,0.13716014497364332,-0.10123049966788708,0.6848950997195598,-0.4265760761670082,-0.06505979878122042,40.35087719298245,35,wimb,women
2018,Belinda Bencic,94.81538461538462,7.7487529533173545,2.9197319150117136,WW_DCTL,130,-0.9325045087290119,0.7627554076248043,0.1547590040417905,-0.5050211627692803,-0.14350488538349254,24.561403508771928,44,wimb,women
2018,Camila Giorgi,107.11643835616438,7.1972315309406945,3.096582018829377,WW_DCTL,146,1.6670360615688233,0.3549863068707622,1.1820719699782005,-0.23281318649990718,0.1287030908858806,66.66666666666666,20,wimb,women
2018,Carla Suarez Navarro,96.23076923076923,5.65434876170796,2.780696851774806,WC_DNCTL,39,-0.633396008936826,-0.7857489281592722,-0.6528883769873297,-0.44931681909495386,-0.08780054170916607,35.08771929824561,38,wimb,women
2018,Caroline Garcia,101.5945945945946,7.935361993631417,2.7802600184221515,WC_DNCTL,37,0.500123276409595,0.9007253893410759,-0.6554259189929492,-0.22160123816635435,0.13991503921943343,70.17543859649122,18,wimb,women
2018,Caroline Wozniacki,100.47252747252747,4.638823268748371,2.8287037413999805,WC_DNCTL,91,0.26300058205528853,-1.536580899966396,-0.37401887619773483,-0.3649428733587134,-0.0034265959729256057,49.122807017543856,30,wimb,women
2018,Coco Vandeweghe,101.91304347826087,7.984800138267823,3.1306012216928103,WBC_DNCTL,69,0.5674200145672538,0.9372776372926848,1.3796877329209174,-0.3448942340381146,0.0166220433476732,52.63157894736842,28,wimb,women
2018,Daria Gavrilova,94.93103448275862,7.088072682307037,3.1019728669902564,WC_DNCTL,58,-0.9080646088209551,0.2742793683172603,1.2133871238487117,-0.6796305746774394,-0.3181142972916516,3.508771929824561,56,wimb,women
2018,Daria Kasatkina,96.38505747126437,8.873940920094373,2.9825468620380766,WW_DCTL,174,-0.6007907907873129,1.5946666748513132,0.5196477326417132,-0.471185029893906,-0.1096687525081182,31.57894736842105,40,wimb,women
2018,Dominika Cibulkova,95.48076923076923,4.985378172119349,3.1664616122936,WBC_DNCTL,104,-0.7918910020332294,-1.2803544406195866,1.5879988587414482,-0.6479694648047384,-0.2864531874189506,5.263157894736842,55,wimb,women
2018,Donna Vekic,104.76271186440678,4.687985314833888,2.9719582264329905,WC_DNCTL,59,1.1696309094862334,-1.5002327863480107,0.45813890446541616,-0.32033783266517496,0.04117844472061283,61.40350877192983,23,wimb,women
2018,Ekaterina Alexandrova,105.83333333333333,6.592203186882429,2.9173254478367334,WW_DCTL,36,1.3958817659213991,-0.09234330495863076,0.1407799625960112,-0.1661336294477312,0.1953826479380566,84.21052631578947,10,wimb,women
2018,Ekaterina Makarova,101.01315789473684,6.426339468801943,2.967573365108575,WC_DNCTL,152,0.377250202102993,-0.2149751673402363,0.4326674752993394,-0.40221138151800456,-0.040695104132216775,42.10526315789473,34,wimb,women
2018,Elina Svitolina,95.9672131147541,8.384444352718022,2.83164623554864,WC_DNCTL,61,-0.6890924419879353,1.2327558460006294,-0.356926082210877,-0.43208459152137085,-0.07056831413558307,36.84210526315789,37,wimb,women
2018,Elise Mertens,100.375,5.5177452660042965,2.9960390338959275,WBC_DNCTL,40,0.2423904272753529,-0.8867471529660317,0.5980230504334588,-0.3585340389451497,0.0029822384406381075,50.877192982456144,29,wimb,women
2018,Eugenie Bouchard,104.62162162162163,6.156980461915436,2.8295113004676007,WW_DCTL,37,1.139814780077963,-0.4141265974783397,-0.36932780798224146,-0.15576594373662644,0.20575033364916134,85.96491228070175,9,wimb,women
2018,Evgeniya Rodina,94.31914893617021,7.908363295941219,2.96380132755959,WBW_DNCTL,94,-1.0373723361307141,0.8807638171663807,0.41075590726278943,-0.6308756626449741,-0.2693593852591863,7.017543859649122,54,wimb,women
2018,Garbine Muguruza,101.46,4.760423579164067,2.374377004610103,WC_DNCTL,50,0.4716798506214819,-1.446675327457633,-3.0131790316084186,-0.01948227522715923,0.34203400215862856,100,1,wimb,women
2018,Jelena Ostapenko,97.53174603174604,6.708426352505044,2.768567766704889,WC_DNCTL,126,-0.3584649301509581,-0.006413341388955668,-0.7233455952093704,-0.3747395423097341,-0.01322326492394632,47.368421052631575,31,wimb,women
2018,Johanna Konta,104.08433734939759,5.254973995148365,2.8011608401373698,WW_DCTL,83,1.026272290722022,-1.0810279197206223,-0.5340141432390215,-0.17416329030575117,0.18735298708003661,80.7017543859649,12,wimb,women
2018,Johanna Larsson,102.79661016949153,7.572135081351866,3.14444468171137,WBC_DNCTL,59,0.7541412100696734,0.6321724276961037,1.4601036651906065,-0.33441557787851794,0.027100699507269843,57.89473684210527,25,wimb,women
2018,Julia Goerges,106.78636363636363,4.769078049051101,2.6975130809946535,WC_DNCTL,220,1.5972824743206673,-1.4402766178877828,-1.1360985331206843,-0.0644715553540895,0.2970447220316983,98.24561403508771,2,wimb,women
2018,Katerina Siniakova,99.32608695652173,5.552881863058506,3.0083992363061,WC_DNCTL,138,0.0207271398289327,-0.8607687992647189,0.6698228171481011,-0.5050864649176108,-0.143570187531823,22.807017543859647,45,wimb,women
2018,Katie Boulter,106.51515151515152,4.880581497893028,3.006261362807503,WC_DNCTL,33,1.539968123281767,-1.35783619178554,0.6574040222634525,-0.28174855292232465,0.07976772446346314,63.1578947368421,22,wimb,women
2018,Kiki Bertens,106.02684563758389,5.2336570707412,2.940773394535574,WW_DCTL,149,1.4367760743564149,-1.0967886549227002,0.2769878536195898,-0.20597721589784446,0.15553906148794333,73.68421052631578,16,wimb,women
2018,Kirsten Flipkens,95.34210526315789,4.81145208058392,2.5830070977971546,WW_DCTL,38,-0.8211943948189342,-1.4089472442090567,-1.8012577763257107,-0.3230559421286142,0.03846033525717357,59.64912280701754,24,wimb,women
2018,Kristina Mladenovic,107.4074074074074,5.877743497579689,2.8325456063704246,WC_DNCTL,54,1.7285255785928635,-0.6205813265690124,-0.35170168433686144,-0.11156531261308317,0.24995096477270462,91.22807017543859,6,wimb,women
2018,Kurumi Nara,91.65116279069767,5.9397118774528055,2.6833795636104467,WW_DCTL,43,-1.6011889304080076,-0.5747648097288228,-1.2181993933952888,-0.48809541268033774,-0.12657913529454995,29.82456140350877,41,wimb,women
2018,Lucie Safarova,92.87912087912088,7.602390216000294,2.325713263182938,WC_DNCTL,91,-1.3416886520782623,0.6545416567926234,-3.2958641500217345,-0.20573862418100486,0.15577765320478293,75.43859649122807,15,wimb,women
2018,Luksika Kumkhum,90.97727272727273,5.658862719021135,2.5008392208026295,WC_DNCTL,44,-1.7435998650083675,-0.7824115196022238,-2.278566658807197,-0.43118601778012594,-0.06966974039433815,38.59649122807017,36,wimb,women
2018,Madison Keys,102.16778523489933,7.506216058783005,2.7917320280585023,WW_DCTL,149,0.6212537385136233,0.5834349907355277,-0.5887856174587102,-0.18080461249149882,0.18071166489428897,77.19298245614034,14,wimb,women
2018,Monica Niculescu,84.84782608695652,6.282134779778635,2.512616445969667,WBC_DNCTL,46,-3.03891533559729,-0.3215933583692545,-2.2101533762833463,-0.5229496439866638,-0.16143336660087598,15.789473684210526,49,wimb,women
2018,Monica Puig,100.75,5.206335775129167,2.991028772266002,WC_DNCTL,60,0.3216379238235546,-1.116988740886986,0.5689187037350643,-0.45402347470707577,-0.09250719732128798,33.33333333333333,39,wimb,women
2018,Naomi Osaka,103.83505154639175,9.163651487865812,2.9634472783508614,WW_DCTL,97,0.9735915552201009,1.8088650956307373,0.4086992540018945,-0.20627901896133782,0.15523725842444996,71.9298245614035,17,wimb,women
2018,Natalia Vikhlyantseva,103.44186046511628,6.153985644555874,2.7639935473752377,WW_DCTL,43,0.8904997982703358,-0.41634082512586884,-0.7499169950838797,-0.14995965939475664,0.21155661799103115,87.71929824561403,8,wimb,women
2018,Petra Kvitova,100.7258064516129,4.985780945253818,2.716885965492835,WC_DNCTL,62,0.3165251821107661,-1.2800566490340073,-1.0235624644221337,-0.2725322702952089,0.08898400709057891,64.91228070175438,21,wimb,women
2018,Saisai Zheng,92.21951219512195,5.628108896965086,2.8653371395599363,WBW_DNCTL,41,-1.481081550500579,-0.8051494548042772,-0.16121739005987457,-0.683511008818473,-0.32199473143268525,1.7543859649122806,57,wimb,women
2018,Samantha Stosur,107.82926829268293,4.358339357050975,2.8772938467714746,WB_DNCTL,41,1.8176760293920453,-1.7439575635163975,-0.09176150576487278,-0.38601702868294546,-0.024500751297157675,45.614035087719294,32,wimb,women
2018,Serena Williams,105.34782608695652,7.742068462266765,2.7975239366361127,WW_DCTL,230,1.2932811423710702,0.7578132081124964,-0.5551407246887735,-0.07475630756640905,0.28675996981937873,94.73684210526315,4,wimb,women
2018,Simona Halep,96.91176470588235,5.429975657892299,2.8959051323542946,WC_DNCTL,68,-0.4894835114345111,-0.9516398891704316,0.016350474829094724,-0.5105393910220426,-0.1490231136362548,19.298245614035086,47,wimb,women
2018,Sloane Stephens,99.31111111111112,5.845830768482558,2.782249554287516,WC_DNCTL,45,0.01756234447564116,-0.6441761033420846,-0.643868809629916,-0.3446447981412261,0.01687147924456167,54.385964912280706,27,wimb,women
2018,Stefanie Voegele,100.74285714285715,5.585395120800514,2.5434689179730263,WW_DCTL,35,0.3201284476988279,-0.8367300197465798,-2.0309329866084855,-0.10093437055203319,0.2605819068337546,92.98245614035088,5,wimb,women
2018,Svetlana Kuznetsova,89.25925925925925,7.111471426930205,2.658584548903507,WBW_DNCTL,54,-2.106661908678134,0.29157930385312136,-1.3622323317377265,-0.6068703998063972,-0.24535412242060944,14.035087719298245,50,wimb,women
2018,Tatjana Maria,103.17460317460318,8.089299348700912,2.796018410075504,WC_DNCTL,63,0.8340212083838859,1.0145394576661948,-0.5638862494178382,-0.17688901597384782,0.18462726141193997,78.94736842105263,13,wimb,women
2018,Varvara Lepchenko,93.7741935483871,5.643342256850721,2.7641861358084645,WC_DNCTL,31,-1.1525359366967556,-0.7938866221925177,-0.7487982589888913,-0.5192136842291186,-0.15769740684333083,17.543859649122805,48,wimb,women
2018,Venus Williams,104.67567567567568,8.827809531827311,3.0412783806361707,WBC_DNCTL,111,1.1512378426434684,1.5605592876366268,0.8608160399397682,-0.1741492665427199,0.1873670108430679,82.45614035087719,11,wimb,women
2018,Vera Zvonareva,92.32558139534883,6.653752719268235,2.8185463748854263,WBW_DNCTL,43,-1.4586663009569776,-0.04683646432742264,-0.43302248487487993,-0.6252614294827472,-0.2637451520969594,10.526315789473683,52,wimb,women
2018,Victoria Azarenka,98.53191489361703,7.756767210495416,2.938103809404121,WW_DCTL,47,-0.14710258767431794,0.7686807739118056,0.2614803737820862,-0.39495545483174455,-0.03343917744595676,43.859649122807014,33,wimb,women
2018,Yulia Putintseva,91.57142857142857,6.7313389730237105,2.92826694724047,WBW_DNCTL,35,-1.6180388964514782,0.01052717675910356,0.2043385580483103,-0.7233003127402351,-0.3617840353544473,0,58,wimb,women
2019,Ajla Tomljanovic,104.73076923076923,5.111224450619967,2.1416195253341384,WW_DCTL,26,1.1628805794890795,-1.1873095982337663,-4.365255005651424,0.2942886083112217,0.6517334951810599,98.4126984126984,2,wimb,women
2019,Aliaksandra Sasnovich,98.13513513513513,7.495043407190893,2.9207253037883834,WW_DCTL,37,-0.23095272778282605,0.5751744555905441,0.16052954727845573,-0.40197937751297463,-0.044534490643136415,42.857142857142854,37,wimb,women
2019,Alison Riske,97.74583333333334,5.433314188259345,2.9552100510276675,WW_DCTL,240,-0.31322257630148276,-0.94917153622823,0.36084963305280265,-0.4841940236251324,-0.1267491367552942,30.158730158730158,45,wimb,women
2019,Alison Van Uytvanck,103.83870967741936,5.342264028128576,2.465956700394383,WC_DNCTL,31,0.9743646158227224,-1.0164897589004207,-2.4811973880313083,0.009282889483362533,0.36672777635320075,95.23809523809523,4,wimb,women
2019,Alize Cornet,98.72727272727273,5.579712572257315,2.9766783403281734,WW_DCTL,44,-0.10581826967886539,-0.8409314299102431,0.4855577982095639,-0.46326676097899366,-0.10582187410915544,36.507936507936506,41,wimb,women
2019,Amanda Anisimova,98.77049180327869,4.842153249065099,3.0090209254315217,WBW_DNCTL,61,-0.09668492680793656,-1.3862482385934256,0.673434176630174,-0.5832915017298417,-0.22584661486000346,15.873015873015872,54,wimb,women
2019,Ana Bogdan,102.10344827586206,4.353527531834771,3.138177444061116,WW_DCTL,29,0.6076576240090172,-1.747515201645742,1.4236976107992059,-0.48958706568349586,-0.13214217881365764,28.57142857142857,46,wimb,women
2019,Anastasia Pavlyuchenkova,100.84848484848484,3.9852949398477095,2.743987967896788,WW_DCTL,33,0.3424503976644956,-2.0197691283487864,-0.8661283556973435,-0.26995313834382395,0.08749174852601427,61.904761904761905,25,wimb,women
2019,Anastasija Sevastova,96.96739130434783,6.849161474234881,2.963235022508507,WW_DCTL,92,-0.4777281283148275,0.09763961413358385,0.4074662709601026,-0.48383604747607134,-0.12639116060623312,31.746031746031743,44,wimb,women
2019,Anett Kontaveit,102.24358974358974,4.501618460572682,2.7065727781172213,WW_DCTL,78,0.6372732519557072,-1.638023707043293,-1.0834712282983665,-0.18696602989265326,0.17047885697718496,77.77777777777779,15,wimb,women
2019,Angelique Kerber,89.50943396226415,6.731935663075514,2.9351815289023997,WBW_DNCTL,106,-2.053793324910592,0.010968341428291067,0.24450499980878815,-0.7959360736812808,-0.4384911868114426,4.761904761904762,61,wimb,women
2019,Aryna Sabalenka,106,7.881261682896065,2.8680355169806964,WBC_DNCTL,36,1.4311028754983788,0.8607261541998481,-0.14554265732579064,-0.033274149889843396,0.3241707369799948,93.65079365079364,5,wimb,women
2019,Ashleigh Barty,103.03478260869565,7.011182089664462,2.671816773675387,WC_DNCTL,115,0.8044733955462209,0.21743006646567203,-1.2853670329174738,-0.1206588784881808,0.23678600838165742,85.71428571428571,10,wimb,women
2019,Barbora Strycova,101.56172839506173,6.112751520844458,2.926236878021872,WC_DNCTL,162,0.49317777231884036,-0.44682740436648827,0.1925459925649206,-0.3628870004526437,-0.005442113582805497,49.2063492063492,33,wimb,women
2019,Beatriz Haddad Maia,100.90196078431373,7.28556120404275,3.1188030136852642,WBC_DNCTL,102,0.3537512884378594,0.4202931288895909,1.3111525621784488,-0.38569352138891155,-0.028248634519073335,46.03174603174603,35,wimb,women
2019,Belinda Bencic,100.64492753623189,5.532651223125715,2.9642212023656827,WC_DNCTL,138,0.2994333112641564,-0.8757263866192116,0.41319493796199636,-0.4319242152804507,-0.0744793284106125,38.095238095238095,40,wimb,women
2019,Carla Suarez Navarro,94.69565217391305,6.3570314629192035,3.221495693892396,WBC_DNCTL,92,-0.9578071653749478,-0.26621825978816516,1.9076889486785,-0.6809131602339294,-0.32346827336409123,9.523809523809524,58,wimb,women
2019,Caroline Wozniacki,99.90789473684211,5.428757086918877,2.880427902735054,WC_DNCTL,76,0.14367863332934822,-0.9525408434577484,-0.07355593925485884,-0.40129775155818165,-0.04385286468834343,44.44444444444444,36,wimb,women
2019,Caty Mcnally,99.16666666666667,5.101820403402243,2.7019323535400486,WC_DNCTL,36,-0.01296261715774051,-1.1942625101639956,-1.1104272109790134,-0.3111035675767699,0.04634131929306834,53.96825396825397,30,wimb,women
2019,Coco Gauff,106.79428571428572,7.575897308757605,3.195234124878591,WW_DCTL,175,1.598956620568095,0.6349540423783754,1.7551368733823984,-0.30236843472720787,0.05507645214263035,55.55555555555556,29,wimb,women
2019,Danielle Collins,90.2578125,10.958221372540633,2.8817759139418184,WW_DCTL,128,-1.8956409900146727,3.1356859921985167,-0.06572541294448368,-0.5578792080639079,-0.20043432119406968,19.047619047619047,52,wimb,women
2019,Daria Gavrilova,97.84848484848484,3.914086835722447,2.9405783022305574,WW_DCTL,33,-0.2915295747211182,-2.0724170644170394,0.27585457266486274,-0.5046017106352771,-0.14715682376543893,23.809523809523807,49,wimb,women
2019,Dayana Yastremska,100.1566265060241,6.99087184524409,2.898773843371313,WC_DNCTL,166,0.19624228671515517,0.20241362328255688,0.03301466647891241,-0.3708971133597542,-0.013452226489916008,47.61904761904761,34,wimb,women
2019,Donna Vekic,105,4.821124686548072,2.9007169254342657,WW_DCTL,75,1.2197762180365075,-1.4017957725237797,0.044301928143219045,-0.2216252899474896,0.13581959692234863,73.01587301587301,18,wimb,women
2019,Elina Svitolina,98.66216216216216,6.378577751147241,3.004357797892799,WW_DCTL,222,-0.11957786776913618,-0.25028794372270136,0.646346313638112,-0.46654907881070673,-0.10910419194086851,34.92063492063492,42,wimb,women
2019,Elise Mertens,99.33098591549296,7.448853337417338,3.1020099340854963,WC_DNCTL,142,0.021762420453364514,0.5410236820192035,1.2136024446584117,-0.5266878215677291,-0.16924293469789087,22.22222222222222,50,wimb,women
2019,Garbine Muguruza,100.07317073170732,5.947227269503155,2.8285133589665965,WC_DNCTL,41,0.17860585688289882,-0.5692082809452644,-0.3751247977554827,-0.34887617235291674,0.008568714516921483,52.38095238095239,31,wimb,women
2019,Harriet Dart,93.44827586206897,7.409545416005792,2.9116646672936315,WC_DNCTL,87,-1.2214110319540736,0.5119612465159274,0.10789678569245124,-0.5913808798401521,-0.23393599297031387,14.285714285714285,55,wimb,women
2019,Heather Watson,100.92105263157895,6.506946355794935,2.8628240394375815,WW_DCTL,76,0.35778590470519,-0.15537821155550274,-0.1758158566972102,-0.29263779334713436,0.06480709352270386,57.14285714285714,28,wimb,women
2019,Johanna Konta,101.60995850622406,6.029557784912956,2.744756745490833,WW_DCTL,241,0.5033700804997892,-0.5083369550616735,-0.8616625670252704,-0.19993861349277164,0.15750627337706657,76.19047619047619,16,wimb,women
2019,Julia Goerges,108.90322580645162,4.928521338154595,2.086047620604834,WW_DCTL,31,2.0446318810328443,-1.3223917198926587,-4.68806928191025,0.4656239715659039,0.8230688584357422,100,1,wimb,women
2019,Karolina Muchova,100.08045977011494,5.9965462749831175,2.7643909377490754,WW_DCTL,87,0.1801462250056924,-0.5327441189042231,-0.7476085752708912,-0.2644651355631894,0.09297975130664882,63.49206349206349,24,wimb,women
2019,Katerina Siniakova,99.57142857142857,4.367565712396419,2.8507514180348394,WC_DNCTL,35,0.07257436324349166,-1.7371360286316122,-0.2459450804417742,-0.41571367373688145,-0.05826878686704323,39.682539682539684,39,wimb,women
2019,Kiki Bertens,103.65454545454546,5.936106844590316,2.741231145795551,WW_DCTL,110,0.9354458061787173,-0.57743020213043,-0.8821425905111405,-0.13225502642875486,0.22518986044108336,84.12698412698413,11,wimb,women
2019,Kristie Ahn,94.41176470588235,7.328308114547783,2.8735502308419894,WBW_DNCTL,34,-1.017800155089189,0.45189819181087526,-0.11350797410628499,-0.5790963331078589,-0.2216514462380207,17.46031746031746,53,wimb,women
2019,Kristina Mladenovic,103.08108108108108,6.313030520625919,2.757828109402873,WW_DCTL,37,0.8142574969610247,-0.2987504950619015,-0.7857317004923502,-0.15409836808040567,0.20334651878943255,80.95238095238095,13,wimb,women
2019,Lauren Davis,88.61538461538461,9.010133393615162,3.230026556508824,WBW_DNCTL,52,-2.242729784992614,1.6953610091125724,1.9572442816259685,-0.9760606608756022,-0.618615774005764,0,64,wimb,women
2019,Madison Keys,101.02631578947368,7.080566636758798,2.807801664283918,WW_DCTL,38,0.3800308160169666,0.2687297498994755,-0.49543794450923995,-0.23884481160800264,0.11860007526183558,71.42857142857143,19,wimb,women
2019,Magda Linette,101.1413043478261,7.1400149624910645,2.8277911472404633,WW_DCTL,92,0.4043309636999403,0.31268305677324604,-0.3793200877462247,-0.24738431184511067,0.11006057502472755,68.25396825396825,21,wimb,women
2019,Magdalena Rybarikova,105.31666666666666,5.9131902733667845,3.0537606556848544,WW_DCTL,60,1.2866963262327658,-0.5943736412445743,0.9333249202009771,-0.2914136832287003,0.0660312036411379,58.730158730158735,27,wimb,women
2019,Mandy Minella,101.51515151515152,3.606601691007167,3.1007891045882223,WW_DCTL,33,0.4833348359724107,-2.299757174644247,1.2065107102196222,-0.5000453429545678,-0.1426004560847296,25.396825396825395,48,wimb,women
2019,Maria Sakkari,103.08163265306122,7.1146466728089575,2.6193816641886767,WC_DNCTL,49,0.8143740588239372,0.2939269318946078,-1.5899598303383409,-0.0810108224235514,0.2764340644462868,90.47619047619048,7,wimb,women
2019,Mihaela Buzarnescu,91.68656716417911,5.084763202447689,3.1881946049924363,WBC_DNCTL,67,-1.593707042500643,-1.2068738054145893,1.7142446720384275,-0.7855905707701641,-0.4281456839003259,6.349206349206349,60,wimb,women
2019,Naomi Osaka,102.25,8.16192509623776,2.725079304946471,WW_DCTL,48,0.6386279100163615,1.068235532855936,-0.9759677858025663,-0.11800412666214044,0.23944076020769778,87.3015873015873,9,wimb,women
2019,Ons Jabeur,100.60526315789474,6.5328255286924435,2.4713544870139295,WC_DNCTL,38,0.29105117076986337,-0.1362443635624352,-2.4498419290187696,-0.07444883240724154,0.2829960544625967,92.06349206349206,6,wimb,women
2019,Petra Kvitova,100.26618705035972,4.420924455045844,2.6430099521822705,WC_DNCTL,139,0.21939535033930532,-1.6976850741904215,-1.4527043462040183,-0.2497884428796966,0.10765644399014163,65.07936507936508,23,wimb,women
2019,Petra Martic,103.90654205607477,7.273021627232779,2.747001688368843,WW_DCTL,107,0.9886994056716583,0.4110219532793962,-0.8486218117382727,-0.09816736434303774,0.2592775225268005,88.88888888888889,8,wimb,women
2019,Polona Hercog,109.9113924050633,7.815484094161757,3.0512054107047524,WC_DNCTL,79,2.2576843584821544,0.8120932867903208,0.918481636298191,-0.1352983978502098,0.2221464890196284,82.53968253968253,12,wimb,women
2019,Qiang Wang,105.3015873015873,5.799429673391199,2.961559895479699,WC_DNCTL,63,1.2835096544138977,-0.6784828991468074,0.3977355460177001,-0.27077243982779636,0.08667244704204186,60.317460317460316,26,wimb,women
2019,Saisai Zheng,93.83720930232558,7.849568482401526,3.0658006643214577,WBW_DNCTL,43,-1.1392190280494985,0.8372936865905489,1.0032646980996742,-0.7177073046953074,-0.3602624178254692,7.936507936507936,59,wimb,women
2019,Samantha Stosur,103.33333333333333,8.15087612525153,2.9689250793612643,WW_DCTL,30,0.867565122266721,1.0600664413564673,0.4405195124090279,-0.2490665599958587,0.10837832687397952,66.66666666666666,22,wimb,women
2019,Serena Williams,105.78089887640449,6.763333788393049,2.643328099370606,WW_DCTL,178,1.3848009674027997,0.034182644276078145,-1.4508562458942211,0.023037109543171397,0.3804819964130096,96.82539682539682,3,wimb,women
2019,Shuai Zhang,96.13868613138686,4.58447264552062,2.8701022067781703,WC_DNCTL,137,-0.6528556225380303,-1.5767652044372853,-0.13353736482281045,-0.5371875898958967,-0.17974270302605844,20.634920634920633,51,wimb,women
2019,Simona Halep,96.3205574912892,6.743686171866263,3.1301139825327406,WC_DNCTL,287,-0.6144213559618257,0.019656117113156384,1.3768573862270437,-0.6607290275081701,-0.30328414063833187,11.11111111111111,57,wimb,women
2019,Sloane Stephens,97.97727272727273,6.9132178457094895,2.7662053367392283,WC_DNCTL,88,-0.26431326277526884,0.14499989414085648,-0.7370688268187908,-0.35389600971122354,0.0035488771586146828,50.79365079365079,32,wimb,women
2019,Sofia Kenin,97.86666666666666,4.228501624535642,3.0604130185429326,WC_DNCTL,60,-0.28768727185817555,-1.8399534999998284,0.9719681467000892,-0.6181278841747397,-0.2606829973049015,12.698412698412698,56,wimb,women
2019,Tatjana Maria,90.05555555555556,6.790516262487788,2.6464546166002583,WW_DCTL,36,-1.9383832740325682,0.05428009211430913,-1.432694471493698,-0.4965277953360233,-0.1390829084661851,26.984126984126984,47,wimb,women
2019,Taylor Townsend,97.92063492063492,6.363458147137748,2.8850141471009736,WW_DCTL,63,-0.27628234113800887,-0.26146667056914064,-0.0469146865761508,-0.40982199700803357,-0.05237711013819535,41.269841269841265,38,wimb,women
2019,Timea Bacsinszky,92.5625,5.98351229252842,3.1473683589017414,WC_DNCTL,32,-1.4085990841455163,-0.5423808348850687,1.477087152454927,-0.8132137415874476,-0.4557688547176094,3.1746031746031744,62,wimb,women
2019,Venus Williams,106.63888888888889,6.334273113232163,3.124126654449408,WBC_DNCTL,36,1.5661171288767957,-0.283044717310957,1.3420773118106637,-0.22149109280002055,0.13595379406981767,74.60317460317461,17,wimb,women
2019,Veronika Kudermetova,105.63265306122449,5.674114753095192,2.8136627867502972,WC_DNCTL,49,1.353472674798099,-0.7711348801704363,-0.46139099189415694,-0.16166442618229593,0.1957804606875423,79.36507936507937,14,wimb,women
2019,Victoria Azarenka,103.37623762376238,4.898676321514854,2.8588584893008484,WW_DCTL,101,0.8766319425538655,-1.3444577269477125,-0.19885152919382926,-0.24480985272369826,0.11263503414613996,69.84126984126983,20,wimb,women
2019,Viktorija Golubic,89.08163265306122,6.1570986629725395,3.158818080285874,WBC_DNCTL,49,-2.1441991456422604,-0.41403920515447357,1.5435979827024808,-0.8275013583614673,-0.4700564714916291,1.5873015873015872,63,wimb,women
2019,Yulia Putintseva,98.86666666666666,6.383928684951411,3.02574649662178,WW_DCTL,45,-0.07636061439630429,-0.2463317139608216,0.7705921413445194,-0.4742979740619837,-0.11685308719214549,33.33333333333333,43,wimb,women
2021,Ajla Tomljanovic,102,4.826004826007239,2.46270470625279,WC_DNCTL,32,0.5857962456508937,-1.398187626043733,-2.5000880512239765,-0.060547629014306104,0.270079461519019,89.58333333333334,6,wimb,women
2021,Aliaksandra Sasnovich,94.64864864864865,6.329894751697501,2.6447546361808123,WBW_DNCTL,37,-0.9677402632579983,-0.2862818727020776,-1.4425695684771607,-0.4372646812328772,-0.10663759069955209,31.25,34,wimb,women
2021,Alison Van Uytvanck,104.13725490196079,4.804246487611298,2.7148458995553955,WW_DCTL,51,1.0374551802262661,-1.4142747220687273,-1.0354131003203046,-0.1235038198132839,0.20712327072004122,79.16666666666666,11,wimb,women
2021,Alize Cornet,94.40625,6.53456998116247,2.9056390622295662,WW_DCTL,32,-1.0189655594501912,-0.13495459713424196,0.07289436230508053,-0.5358737025850289,-0.20524661205170375,14.583333333333334,42,wimb,women
2021,Anastasia Pavlyuchenkova,95.56,6.490684061933436,2.7862303915954643,WW_DCTL,50,-0.7751474284035567,-0.16740178974313766,-0.6207443347585018,-0.41730639725976715,-0.08667930672644203,33.33333333333333,33,wimb,women
2021,Anastasija Sevastova,97.8,7.4607305272339115,3.0247291817222224,WC_DNCTL,65,-0.30177571568896616,0.5498051197195174,0.7646826125164597,-0.5240890285567821,-0.19346193802345696,18.75,40,wimb,women
2021,Andrea Petkovic,96.975,4.885811482870972,2.9394224712336676,WBW_DNCTL,40,-0.47612020809501054,-1.3539693859192816,0.2691404111014616,-0.5939452615764336,-0.26331817104310845,12.5,43,wimb,women
2021,Angelique Kerber,92.708,7.534574656942764,2.9401453094887833,WBW_DNCTL,250,-1.3778510554848142,0.6044020096056536,0.2733393405661611,-0.6761094415308037,-0.34548235099747854,8.333333333333332,45,wimb,women
2021,Aryna Sabalenka,109.32432432432432,5.617291351300081,2.9666023387988627,WC_DNCTL,148,2.1336212232770313,-0.8131474412635817,0.4270268344588823,-0.14574582678885528,0.18488126374446984,77.08333333333334,12,wimb,women
2021,Ashleigh Barty,102.44632768361582,6.292916342726861,2.709750325368688,WC_DNCTL,177,0.68011718316212455,-0.31362197584493456,-1.065013023180924,-0.18191697077099422,0.1487101197623309,68.75,16,wimb,women
2021,Barbora Krejcikova,99.12429378531074,5.321090934327435,2.906669640067982,WC_DNCTL,177,-0.0219171365417178,-1.0321441524909127,0.07888093484847532,-0.44742419797269556,-0.11679710743937044,29.166666666666668,35,wimb,women
2021,Belinda Bencic,100.76315789473684,6.7920231851318364,2.601390012646518,WC_DNCTL,38,0.3244185377375252,0.0553942401175209,-1.6944723893296887,-0.15227590696801518,0.17835118356530993,72.91666666666666,14,wimb,women
2021,Bianca Andreescu,97.56521739130434,5.799050397025911,2.9740589699734574,WC_DNCTL,46,-0.35139153961479697,-0.6787633183220846,0.4703420133731381,-0.534172091784558,-0.20354500125123293,16.666666666666664,41,wimb,women
2021,Camila Giorgi,108.72727272727273,5.140451577852128,2.7982731637789544,WC_DNCTL,55,2.0074483049398473,-1.1657004296583655,-0.5507885035610641,-0.06107708803727757,0.26955000249604755,87.5,7,wimb,women
2021,Clara Tauson,100.58064516129032,7.315618878119094,2.562616778534694,WC_DNCTL,31,0.2858487318340437,0.4425163648902009,-1.9197040701401946,-0.12017069162192057,0.21045639891140455,81.25,10,wimb,women
2021,Coco Gauff,106.2,10.5110018276228,2.6399430171994283,WC_DNCTL,70,1.4733682069907534,2.8050328130619273,-1.470520010461735,0.08319509060056582,0.4138221811338909,97.91666666666666,2,wimb,women
2021,Daria Kasatkina,94.44642857142857,6.906965240333038,3.069564968894188,WBW_DNCTL,56,-1.0104747562485985,0.14037701066202743,1.0251313456832505,-0.7211673131254307,-0.3905402225921056,6.25,46,wimb,women
2021,Elena Rybakina,110.6625,5.449291557717633,2.8490131590273147,WC_DNCTL,80,2.416413415914352,-0.9373586177955323,-0.2560425357332175,-0.025105141776095963,0.30552194875722916,93.75,4,wimb,women
2021,Elina Svitolina,102.16455696202532,4.985698469049029,2.763755118251167,WC_DNCTL,79,0.6205715183977837,-1.2801176280757924,-0.7513020173446946,-0.2571414047331118,0.07348568580021331,56.25,22,wimb,women
2021,Elise Mertens,104.171875,7.4483505950849,2.9364315481772483,WC_DNCTL,64,1.0447713298258954,0.5406519778922343,0.25176629613263074,-0.25416580585875703,0.07646128467456809,60.416666666666664,20,wimb,women
2021,Emma Raducanu,101.28378378378379,5.61924352699043,2.9009451553639884,WC_DNCTL,74,0.43444066665793307,-0.81170409401818,0.04562770381966781,-0.3657465740771872,-0.03511948354386207,37.5,31,wimb,women
2021,Fiona Ferro,96.5,5.670793131197972,2.865957320949175,WC_DNCTL,20,-0.5765003703893982,-0.773590731782215,-0.1576147889381112,-0.4983002034434563,-0.1676731129101312,25,37,wimb,women
2021,Garbine Muguruza,100.45652173913044,5.252760746603702,2.7605877036934823,WC_DNCTL,92,0.25961814391626686,-1.0826642920031593,-0.7697013621760663,-0.30530763644179965,0.025319454091525473,45.83333333333333,27,wimb,women
2021,Harriet Dart,96.1923076923077,7.589567738780547,2.8284768541773575,WBC_DNCTL,26,-0.641523957300743,0.6450613178734135,-0.37533685215915247,-0.33583961305953214,-0.00521252252620702,41.66666666666667,29,wimb,women
2021,Iga Swiatek,102.3157894736842,6.22253363285648,2.8919044455484872,WC_DNCTL,57,0.6525309795862203,-0.36565965407110734,-0.006889304733003057,-0.31216207699003223,0.018465013543292885,43.75,28,wimb,women
2021,Jelena Ostapenko,93.70212765957447,6.6721839642589265,2.844007012239361,WW_DCTL,47,-1.1677653800965477,-0.03320926529090209,-0.28512297953068405,-0.5139254227766005,-0.18329833224327535,20.833333333333336,39,wimb,women
2021,Kaja Juvan,102.67692307692307,6.514665408493009,2.6759239546148628,WC_DNCTL,65,0.7288481368558521,-0.1496711056305816,-1.26150863452535,-0.14629234267138042,0.1843347478619447,75,13,wimb,women
2021,Karolina Muchova,101.76219512195122,6.69480414305311,2.848519336171585,WC_DNCTL,164,0.5355417356447176,-0.016484964852939064,-0.2589111267694437,-0.2902733803913586,0.04035371014196654,50,25,wimb,women
2021,Katerina Siniakova,99.8157894736842,5.270290330778468,2.8765292519053034,WC_DNCTL,38,0.12421433593154223,-1.0697037387308426,-0.0962029971903793,-0.4051933698665621,-0.074566279333237,35.41666666666667,32,wimb,women
2021,Kateryna Kozlova,100.5,5.847817515703589,3.0311055776946443,WC_DNCTL,34,0.26880625945808684,-0.6427071955265832,0.8017227618689731,-0.47536123707797323,-0.1447341465446481,27.083333333333332,36,wimb,women
2021,Katie Boulter,106.37037037037037,5.77991413495109,2.6344524380149887,WC_DNCTL,54,1.5093720078916635,-0.6929117739603395,-1.502414496610812,-0.0126398260975161,0.31798726443580905,95.83333333333334,3,wimb,women
2021,Liudmila Samsonova,108.4090909090909,10.081800738512849,2.713323519906913,WC_DNCTL,44,1.9402080048383408,2.48770163597939,-1.0442565237518013,0.0963188061484333,0.4269458966817584,100,1,wimb,women
2021,Madison Brengle,78.53086419753086,5.641556566571602,2.6280015034515953,WB_DNCTL,81,-4.373857777003641,-0.7952068779247499,-1.539887636723945,-1.1524277904385323,-0.8218006999052072,0,49,wimb,women
2021,Madison Keys,102.50561797752809,7.7123330916161015,2.8602198148629556,WC_DNCTL,89,0.6926468027945364,0.7358282681648177,-0.19094366049246106,-0.2511475553730687,0.07947953516025641,62.5,19,wimb,women
2021,Magda Linette,99.27586206896552,4.651394197474083,2.693467204328711,WW_DCTL,29,0.010113282220280155,-1.5272865442185495,-1.1596008182071986,-0.272451701214945,0.05817538931838012,54.166666666666664,23,wimb,women
2021,Marketa Vondrousova,102.45161290322581,5.732007848781667,2.5648492059993337,WC_DNCTL,31,0.6812340909562552,-0.7283314375295099,-1.9067360162322269,-0.09527226713590625,0.23535482339741887,85.41666666666666,8,wimb,women
2021,Nina Stojanovic,102.74468085106383,6.2466272120532755,2.9592692917465433,WW_DCTL,47,0.7431671607820751,-0.3478459904047235,0.38442954922100336,-0.30420637003354534,0.026420720499779782,47.91666666666667,26,wimb,women
2021,Ons Jabeur,98.18497109826589,6.991723065423747,2.5581930590115145,WC_DNCTL,173,-0.2204210602730093,0.20304297560346318,-1.9454012245422847,-0.2032717744833269,0.12735531604999822,64.58333333333334,18,wimb,women
2021,Paula Badosa,100.43589743589743,8.577187834430264,2.701227763523509,WC_DNCTL,39,0.25525967885155554,1.3752613462862155,-1.1145201373841154,-0.19153528528431513,0.13909180524901,66.66666666666666,17,wimb,women
2021,Petra Kvitova,98.75,5.2240140295222375,2.277518266288633,WC_DNCTL,32,-0.10101539110018787,-1.1039182678205013,-3.575826356059407,-0.0323110220432517,0.2983160684900734,91.66666666666666,5,wimb,women
2021,Sara Sorribes Tormo,89.74242424242425,7.672750196057185,2.91973529940249,WBW_DNCTL,66,-2.004556267783254,0.7065625296596012,0.15477866379008273,-0.756794484521311,-0.4261673939879859,4.166666666666666,47,wimb,women
2021,Shelby Rogers,103.70967741935483,5.634379873521112,2.727242683301153,WC_DNCTL,31,0.9470966600211884,-0.800512988535966,-0.9634008345482875,-0.1668858138566598,0.16374127667666533,70.83333333333334,15,wimb,women
2021,Sloane Stephens,98.87628865979381,7.080280320425707,2.965090932430444,WBW_DNCTL,97,-0.07432723075062156,0.2685180610167983,0.41824715423502284,-0.5000445502411115,-0.16941745970778638,22.916666666666664,38,wimb,women
2021,Sofia Kenin,88.13513513513513,6.06978931614124,2.6745763401743323,WW_DCTL,37,-2.3442193024015383,-0.4785916457313099,-1.269336856041507,-0.5950192952785543,-0.26439220474522923,10.416666666666668,44,wimb,women
2021,Sorana Cirstea,102.53846153846153,5.04720066010464,2.816992163269318,WC_DNCTL,104,0.6995875227457463,-1.2346457894061742,-0.44205081853468475,-0.27980821098450465,0.05081887954882047,52.083333333333336,24,wimb,women
2021,Venus Williams,100.72916666666667,7.940576063923219,2.9432314616722492,WBC_DNCTL,48,0.3172352851264333,0.9045804286340093,0.2912666365331251,-0.2569363555358868,0.07369073499743833,58.333333333333336,21,wimb,women
2021,Vera Zvonareva,99.52631578947368,4.919551957764991,2.7654427044303174,WC_DNCTL,38,0.0630408298241597,-1.329023259534453,-0.7414989178522345,-0.3466751618824719,-0.016048071349146764,39.58333333333333,30,wimb,women
2021,Victoria Azarenka,103.2125,5.060879370228063,2.6069658478918494,WC_DNCTL,80,0.8420298178234138,-1.224532391992766,-1.6620826552000436,-0.11388768585816783,0.2167394046751573,83.33333333333334,9,wimb,women
2021,Viktorija Golubic,86.53658536585365,7.6031103478614925,3.0826530821904123,WC_DNCTL,82,-2.6820354819302383,0.6550740885523906,1.1011595085093155,-0.9315219248159792,-0.6008948342826541,2.083333333333333,48,wimb,women
2022,Ajla Tomljanovic,101.57396449704142,7.935500945790177,2.9222547781777704,WC_DNCTL,169,0.495763586850569,0.9008281240573113,0.16941418368729227,-0.31923570001898044,0.004588475712147433,46,28,wimb,women
2022,Alison Van Uytvanck,105.81395348837209,4.57870752169362,2.5198741271008127,WC_DNCTL,43,1.3917862880636118,-1.581027666897113,-2.1679938877237848,0.02055854223772119,0.34438271796884906,94,4,wimb,women
2022,Alize Cornet,97.65853658536585,5.5604856173821835,2.8745086338301795,WBW_DNCTL,82,-0.3316707062567429,-0.8551469395560616,-0.10794066147764735,-0.5121013103002516,-0.18827713456912376,22,40,wimb,women
2022,Amanda Anisimova,99.95675675675676,5.968965960834265,2.850277385171948,WC_DNCTL,185,0.15400448067474679,-0.5531357110395342,-0.24869871244885852,-0.36708887146421415,-0.04326469573308628,40,31,wimb,women
2022,Anett Kontaveit,97.58730158730158,5.78550725641492,2.874305434519766,WBW_DNCTL,63,-0.3467245602919679,-0.6887764819894746,-0.10912103560099143,-0.5093058377151878,-0.1854816619840599,24,39,wimb,women
2022,Angelique Kerber,94.37179487179488,5.601736684230515,2.745577594814403,WBW_DNCTL,78,-1.0262468465262002,-0.8246478333537985,-0.8568942964108907,-0.5314203870970182,-0.20759621136589035,18,42,wimb,women
2022,Anhelina Kalinina,95.46153846153847,5.70382799934867,2.9948740707607078,WBW_DNCTL,65,-0.7959549762151864,-0.7491662979655016,0.5912558407580657,-0.6634778468334152,-0.3396536711022873,4,49,wimb,women
2022,Barbora Krejcikova,98.75641025641026,6.07781979330528,2.6273139475179685,WC_DNCTL,78,-0.09966073303953353,-0.47265428714658764,-1.5438816130359383,-0.25196549094214155,0.07185868478898633,68,17,wimb,women
2022,Beatriz Haddad Maia,101.86206896551724,10.327018346308138,2.977401628807533,WBW_DNCTL,58,0.5566477411733936,2.6690040466615508,0.4897593430032543,-0.337899389904491,-0.014075214173363104,42,30,wimb,women
2022,Belinda Bencic,96.78260869565217,8.660032545138872,2.7827277147038365,WBW_DNCTL,69,-0.5167776193675654,1.436512844083534,-0.6410912008817188,-0.40936723030683697,-0.0855430545757091,32,35,wimb,women
2022,Bernarda Pera,98.2,5.994114760722043,2.530780137099499,WBW_DNCTL,35,-0.21724505270421646,-0.5345418666316573,-2.104641448361725,-0.24991495355078794,0.07390922218033993,70,16,wimb,women
2022,Bianca Andreescu,102.825,6.340296442151501,2.839702065265177,WC_DNCTL,40,0.760140738056938,-0.2785913501028437,-0.31013019043290374,-0.25712363322001264,0.06670054251111524,62,20,wimb,women
2022,Caroline Garcia,103.07086614173228,8.447016099776079,2.915099402272216,WC_DNCTL,127,0.8120988079722672,1.2790184642694222,0.1278489808107153,-0.2536642881208925,0.0701598876102354,66,18,wimb,women
2022,Clara Burel,100.56410256410257,5.087626226520844,2.93436159138248,WW_DCTL,39,0.2823528400646181,-1.2047570195484727,0.23974202581393067,-0.3848032973022706,-0.060979121571142714,36,33,wimb,women
2022,Coco Gauff,104.9245283018868,9.768176462771208,2.626891326648721,WC_DNCTL,53,1.2038270363412724,2.255822539891502,-1.5463365954718031,0.033572890794505844,0.35739706652563374,96,3,wimb,women
2022,Danielle Collins,99.73214285714286,6.46245399893196,2.782094687686414,WW_DCTL,56,0.10653757604986511,-0.18827377573914145,-0.6447684215830242,-0.2776686936347903,0.046155482096337574,57.99999999999999,22,wimb,women
2022,Diane Parry,99.1951219512195,5.992576708708542,2.6336641824119718,WW_DCTL,41,-0.006949256986063714,-0.5356790302322217,-1.5069934320141312,-0.2044549340409758,0.11936924169015206,78,12,wimb,women
2022,Elena Rybakina,108.42307692307692,8.334507455527667,2.786176224595956,WC_DNCTL,234,1.9431636224252198,1.1958348437773445,-0.6210589880141101,0.008182360916013598,0.33200653664714147,92,5,wimb,women
2022,Elise Mertens,102.5,8.232260621635392,3.080716653721175,WBW_DNCTL,88,0.6914595743818293,1.1202383250935664,1.0899108972214944,-0.4340078745547845,-0.11018369882365664,30,36,wimb,women
2022,Emma Raducanu,98.92045454545455,6.900310822433001,2.8069018132818218,WW_DCTL,88,-0.0649938017600959,0.13545704582830118,-0.5006651317254688,-0.31161102948316277,0.012213146247965101,48,27,wimb,women
2022,Garbine Muguruza,99.44827586206897,4.322583609837919,3.0157078239130697,WC_DNCTL,29,0.04654891281715378,-1.7703936878377835,0.7122780187524124,-0.5334076214404719,-0.20958344570934406,16,43,wimb,women
2022,Greet Minnen,99.41379310344827,4.784776762812529,2.6969108412290512,WBC_DNCTL,29,0.03926178669777725,-1.4286697244222368,-1.1395969122929328,-0.20224342311268761,0.12158075261844026,80,11,wimb,women
2022,Harmony Tan,101.16417910447761,3.198470349010001,2.6589583561941645,WC_DNCTL,67,0.4091650095633594,-2.6015103678358376,-1.3600609048164845,-0.25827767914474015,0.06554649658638773,60,21,wimb,women
2022,Harriet Dart,94.12820512820512,6.457062584486309,2.525620070883668,WC_DNCTL,39,-1.0777238528310167,-0.1922599349908019,-2.1346160020327773,-0.32655891051594116,-0.0027347347848132864,44,29,wimb,women
2022,Heather Watson,98.2265625,7.537010877824242,2.828836874368043,WC_DNCTL,128,-0.2116316883653861,0.6062032371877075,-0.3732455137776288,-0.3745801501502765,-0.05075597441914864,38,32,wimb,women
2022,Iga Swiatek,99.86486486486487,5.588490961899396,2.4913878242697995,WBW_DNCTL,37,0.13458527431338593,-0.8344410998791908,-2.3334693249339495,-0.17719084853089048,0.1466333272002374,84,9,wimb,women
2022,Jasmine Paolini,95.47058823529412,6.168801962055422,2.9842341646524884,WC_DNCTL,51,-0.7940425177766189,-0.40538633411581515,0.5294491849214967,-0.6019011403499761,-0.27807696461884823,6,48,wimb,women
2022,Jelena Ostapenko,101.82666666666667,5.546787074230166,2.7263423560663904,WC_DNCTL,75,0.5491662916908363,-0.865275000581629,-0.9686307881750653,-0.23025004453654158,0.0935741311945863,72,15,wimb,women
2022,Jessica Pegula,99.32954545454545,6.684553460286437,2.9937570529500306,WC_DNCTL,88,0.02145801265612361,-0.024063839442921457,0.5847671429551302,-0.4698115480538608,-0.1459873723227329,26,38,wimb,women
2022,Jule Niemeier,100.79141104294479,8.834174654365167,2.872093077233284,WC_DNCTL,163,0.33038918111108656,1.5652653610331344,-0.12197250289800798,-0.2907811357234236,0.03304304000770425,54,24,wimb,women
2022,Kaja Juvan,99.70270270270271,8.499362957159015,2.7005656146626404,WC_DNCTL,74,0.10031608661686645,1.3177212781517127,-1.1183665253446886,-0.21696697580320168,0.1068571999279262,76,13,wimb,women
2022,Karolina Muchova,102.6,5.272570530585627,1.9219280948873623,WC_DNCTL,5,0.7125922401280153,-1.0680178658215038,-5.641430988198676,0.3384046161172423,0.6622287918483702,100,1,wimb,women
2022,Katie Boulter,103.3125,5.064269483037548,2.774802769107505,WC_DNCTL,64,0.8631624835695997,-1.222025901409279,-0.6871267936786899,-0.22512172404236658,0.0987024516887613,74,14,wimb,women
2022,Lauren Davis,96.56410256410257,6.016621152645971,2.8047594397800926,WC_DNCTL,39,-0.5629537897828669,-0.517901694874611,-0.5131100668919991,-0.4467113517526085,-0.12288717602148064,28.000000000000004,37,wimb,women
2022,Lesia Tsurenko,88.52678571428571,8.582361779803605,2.8469731722174405,WB_DNCTL,112,-2.2614530946166407,1.3790867190943041,-0.26789271198351644,-0.9072663015445281,-0.5834421258134003,0,51,wimb,women
2022,Magda Linette,94.76190476190476,8.032888262908118,2.989701579431508,WW_DCTL,42,-0.9438062274064607,0.9728317437080285,0.5612091102559486,-0.5482423551972576,-0.22441817946612974,12,45,wimb,women
2022,Magdalena Frech,99.96969696969697,5.817456749328097,2.2208404257301604,WC_DNCTL,33,0.15673909262224583,-0.6651545237732145,-3.9050649554725454,0.059765512288867284,0.38358968801999516,98,2,wimb,women
2022,Maria Sakkari,106.0701754385965,5.873243351732643,2.7067993499612033,WC_DNCTL,57,1.4459328163728964,-0.6239085235750772,-1.0821550843549126,-0.06985432037038558,0.2539698553607423,88,7,wimb,women
2022,Marie Bouzkova,96.44,6.2878171327816155,3.0165918200901283,WC_DNCTL,150,-0.589179969837111,-0.3173920927788672,0.7174131061226003,-0.5894145295290305,-0.26559035379790263,8,47,wimb,women
2022,Ons Jabeur,99.35897435897436,7.568543076673532,2.7115058813564206,WC_DNCTL,195,0.027677124661850343,0.6295166677234874,-1.0548150906397913,-0.25645754146892424,0.06736663426220363,64,19,wimb,women
2022,Paula Badosa,101.15217391304348,5.371751065330878,3.136790384418685,WC_DNCTL,92,0.40662799258539534,-0.9946884250699606,1.4156402541766397,-0.5366268182965144,-0.2128026425653865,14.000000000000002,44,wimb,women
2022,Petra Kvitova,99.45918367346938,5.620596085618397,3.047743958695411,WC_DNCTL,98,0.04885402414062795,-0.8107040755364564,0.8983742433512849,-0.5260619326906655,-0.2022377569595376,20,41,wimb,women
2022,Petra Martic,104.0923076923077,6.64201371225972,2.759595086348592,WC_DNCTL,65,1.027956636648041,-0.05551573613336609,-0.7754674242060364,-0.15396717499465423,0.16985700073647364,86,8,wimb,women
2022,Qiang Wang,99.80530973451327,7.127485039168102,2.9234899297056205,WBC_DNCTL,113,0.1219996876814768,0.3034190184990768,0.17658911404958866,-0.2919697938454653,0.031854381885662586,52,25,wimb,women
2022,Qinwen Zheng,108.03571428571429,4.149807160688249,2.7520379569992226,WW_DCTL,28,1.8613035710457606,-1.8981364997083288,-0.819366391739977,-0.03502557306269649,0.2887986026684314,90,6,wimb,women
2022,Shuai Zhang,97.56140350877193,4.95702079255722,3.0125201753014506,WC_DNCTL,57,-0.3521975146623239,-1.3013205585157166,0.6937611353643097,-0.5792827658933701,-0.25545859016224226,10,46,wimb,women
2022,Simona Halep,100.41463414634147,7.553011373464026,2.8285032845635683,WC_DNCTL,123,0.2507661789430504,0.6180332540355347,-0.3751833194336246,-0.30191571967045144,0.02190845606067643,50,26,wimb,women
2022,Sorana Cirstea,100.84745762711864,5.43872943872522,2.8148479345697215,WW_DCTL,59,0.342233318406703,-0.9451677537399414,-0.4545065304482022,-0.2860547718554649,0.037769403875662966,56.00000000000001,23,wimb,women
2022,Tatjana Maria,105.4758064516129,6.920559886640213,2.8813203224679502,WC_DNCTL,248,1.3203268050546544,0.15042825522811762,-0.0683719198911657,-0.18531489603041407,0.1385092797007138,82,10,wimb,women
2022,Viktorija Golubic,90,7.455931135070193,2.9368576077328914,WW_DCTL,45,-1.9501236438915612,0.5462566740066889,0.2542412537171881,-0.6818575153151392,-0.3580333395840113,2,50,wimb,women
2022,Viktoriya Tomova,98.4375,6.973830261100302,2.8539352039572465,WC_DNCTL,48,-0.16705497155702262,0.18981387437019082,-0.22745063521245823,-0.3972915532297104,-0.07346737749858251,34,34,wimb,women
2023,Aliaksandra Sasnovich,97.04,4.773887304912004,2.888884070537636,WW_DCTL,25,-0.4623839753599864,-1.4367208794193735,-0.024434504558482124,-0.47681929347821406,-0.13416464346785534,21.666666666666668,48,wimb,women
2023,Alize Cornet,99.05405405405405,5.971906200172912,2.643301992802156,WBW_DNCTL,37,-0.03676066416921456,-0.5509618358236723,-1.45100789757938,-0.29910699193493495,0.04354765807542377,53.333333333333336,29,wimb,women
2023,Anastasia Potapova,99.3953488372093,9.016227526187807,2.901417660974457,WC_DNCTL,43,0.0353640215641583,1.699866725224768,0.04837246409762822,-0.3527467813128387,-0.01009213130247999,43.333333333333336,35,wimb,women
2023,Anett Kontaveit,95.10344827586206,7.504021910121678,2.482330892038569,WC_DNCTL,29,-0.8716289782240815,0.581812740011894,-2.3860805686476856,-0.24159346621151262,0.1010611837988461,73.33333333333333,17,wimb,women
2023,Anna Blinkova,103.14814814814815,10.829815339372148,2.6817701521250576,WC_DNCTL,27,0.8284305560700801,3.040748587136583,-1.2275483801969693,-0.03881284185552586,0.30384180815483286,91.66666666666666,6,wimb,women
2023,Aryna Sabalenka,107.95614035087719,6.352203614837596,2.68936586573207,WW_DCTL,228,1.8444874773755475,-0.2697877444735119,-1.1834252787366009,0.05411791990287487,0.3967725699132336,96.66666666666667,3,wimb,women
2023,Barbora Krejcikova,100.51612903225806,5.433666458552245,2.7061129403316824,WC_DNCTL,31,0.2722147539332782,-0.9489110840776337,-1.0861424018465522,-0.26212467505715026,0.08052997495320846,63.33333333333333,23,wimb,women
2023,Beatriz Haddad Maia,101.10227272727273,10.006939859420173,3.0956602652328096,WB_DNCTL,88,0.39608254179307884,2.432353009233882,1.1767175517408868,-0.6311311594304678,-0.2884765094201091,6.666666666666667,57,wimb,women
2023,Belinda Bencic,99.06451612903226,7.076517833088118,2.7945389416629616,WC_DNCTL,124,-0.034549748833954556,0.2657362541530944,-0.5724804037332075,-0.33379530012260034,0.008859349887758383,48.333333333333336,32,wimb,women
2023,Bianca Andreescu,104.3076923076923,6.722915046837829,2.913872734881635,WC_DNCTL,52,1.0734731474859809,0.004298920400841294,0.12072333435627794,-0.2504180184867872,0.09223663152357153,66.66666666666666,21,wimb,women
2023,Caroline Dolehide,102.97058823529412,13.053468815925607,3.1248435485091464,WBC_DNCTL,34,0.7909074131874154,4.684813788838847,1.3462417117565715,-0.19342175828517483,0.1492328917251839,78.33333333333333,14,wimb,women
2023,Caroline Garcia,102.88888888888889,7.471002142676243,2.352614501371148,WC_DNCTL,36,0.7736421633947785,0.5573994709491787,-3.1395962700832225,0.10271929059037233,0.44537394060073104,100,1,wimb,women
2023,Caty Mcnally,95.58974358974359,4.482233634425614,2.8877156802897628,WBC_DNCTL,39,-0.7688618150021268,-1.6523559393112628,-0.031221622151308356,-0.4652316430813358,-0.12257699307097708,26.666666666666668,45,wimb,women
2023,Coco Gauff,106.21818181818182,7.281867152426583,2.9862937993680077,WC_DNCTL,55,1.477210509853696,0.41756192019207095,0.5414134948238942,-0.22450414927663997,0.11815050073371874,75,16,wimb,women
2023,Cristina Bucsa,98.94285714285714,4.838223161589855,2.923139952266668,WC_DNCTL,35,-0.060259535732542724,-1.3891539611467925,0.1745561134854969,-0.47538422676672726,-0.13272957675636854,23.333333333333332,47,wimb,women
2023,Dalma Galfi,105.4375,7.183931442305246,2.6602885811475985,WC_DNCTL,32,1.3122316306760762,0.3451528444470271,-1.352333697917676,-0.029794129438293793,0.3128605205720649,93.33333333333333,5,wimb,women
2023,Danielle Collins,100.80597014925372,5.024904057489478,3.00032887281625,WC_DNCTL,67,0.33346590838298623,-1.2511308527770137,0.6229424994441856,-0.4625641982619562,-0.1199095482515975,28.333333333333332,44,wimb,women
2023,Daria Kasatkina,84.5904761904762,11.472119412276173,2.953563216477128,WBW_DNCTL,105,-3.0933002290186353,3.5156381264949674,0.351283257630906,-0.8651323494689598,-0.5224776994586011,1.6666666666666667,60,wimb,women
2023,Daria Saville,99.45161290322581,7.805291836002117,2.648262650536423,WBW_DNCTL,31,0.04725411857064145,0.8045576086175675,-1.42219169730596,-0.24863200401265337,0.09402264599770535,68.33333333333333,20,wimb,women
2023,Diane Parry,95.265625,4.518892220972072,2.7326597305619154,WC_DNCTL,64,-0.8373567131938955,-1.6252522978850654,-0.9319334914823812,-0.4735572094214839,-0.13090255941112516,25,46,wimb,women
2023,Donna Vekic,106.74603174603175,4.4971971700240925,2.509016678703318,WW_DCTL,63,1.5887592707477114,-1.641292602136074,-2.2310642352946966,0.09615477887151841,0.43880942888187713,98.33333333333333,2,wimb,women
2023,Ekaterina Alexandrova,108.54,4.156185456764461,2.7779931939577835,WC_DNCTL,50,1.9678725854515329,-1.8934206864147456,-0.6685937832660066,-0.07528393789461946,0.26737071211573926,90,7,wimb,women
2023,Elena Rybakina,110.01273885350318,6.321501019766097,2.850518124030456,WC_DNCTL,157,2.279101564676587,-0.29248780484318976,-0.2473002730619926,-0.028143909715812154,0.31451074029454656,95,4,wimb,women
2023,Elina Svitolina,99.75303643724696,5.786139600310097,2.9137210460064766,WC_DNCTL,247,0.1109529464956766,-0.6883089565388903,0.11984218164630109,-0.4211862141429055,-0.0785315641325468,35,40,wimb,women
2023,Elisabetta Cocciaretto,98.74074074074075,4.211637655104216,2.757993170278519,WBC_DNCTL,27,-0.10297211941001856,-1.8524219289151789,-0.7847728705337595,-0.2788680892161267,0.063786560794232,60,25,wimb,women
2023,Elise Mertens,102.03703703703704,6.733849519014317,2.874483800935062,WW_DCTL,27,0.5936231588902224,0.012383356844692578,-0.10808491446130584,-0.2587906917462899,0.08386395826406884,65,22,wimb,women
2023,Harriet Dart,90.8936170212766,6.304705084138738,2.7163474377712755,WW_DCTL,47,-1.761278545734144,-0.30490593275121775,-1.0266907436763244,-0.5274466683348409,-0.18479201832448217,15,52,wimb,women
2023,Heather Watson,97.04545454545455,5.941398102845027,2.5254200555533752,WC_DNCTL,44,-0.4612312845011045,-0.5735180936740016,-2.135777880582803,-0.2417862974887539,0.10086835252160481,71.66666666666667,18,wimb,women
2023,Iga Swiatek,101.76785714285714,7.781180173617529,2.923176957913896,WB_DNCTL,224,0.5367382715972442,0.786730575089333,0.17477107734692188,-0.5409188038051049,-0.1982641537947462,11.666666666666666,54,wimb,women
2023,Jasmine Paolini,99.54838709677419,4.047575349311655,3.018195909386762,WC_DNCTL,62,0.0677050854217897,-1.9737219114478215,0.7267311766092907,-0.5379234781607751,-0.1952688281504164,13.333333333333334,53,wimb,women
2023,Jessica Pegula,101.04123711340206,7.015035703598417,3.0372801123381747,WC_DNCTL,194,0.38318408952765626,0.22027924806541918,0.8375903093625406,-0.435794314505295,-0.09313966449493627,33.33333333333333,41,wimb,women
2023,Jodie Burrage,101.3768115942029,5.654517843062365,2.593329611168749,WC_DNCTL,69,0.4540999228848015,-0.7856239173273398,-1.7412948382285725,-0.15184927700241696,0.19080537300794176,83.33333333333334,11,wimb,women
2023,Jule Niemeier,99.2280701754386,7.6811865337600045,2.8091988183913026,WW_DCTL,57,1.358110746247802e-5,0.7127999625120037,-0.48732194966986314,-0.28568291921839284,0.05697173079196588,56.666666666666664,27,wimb,women
2023,Kaia Kanepi,99.97777777777777,4.413249106584363,2.585833097814853,WC_DNCTL,45,0.1584467827835533,-1.7033598672503627,-1.784841690628009,-0.22041813601054783,0.12223651399981089,76.66666666666667,15,wimb,women
2023,Karolina Muchova,101.09333333333333,6.806541633532333,2.9008390569327345,WBW_DNCTL,75,0.3941934095521305,0.06612850067099664,0.04501138360418691,-0.38922289850523173,-0.04656824849487301,40,37,wimb,women
2023,Katie Boulter,102.99107142857143,6.7229545410197264,2.742324540966542,WW_DCTL,112,0.7952360579568558,0.004328120548621376,-0.875791115381618,-0.13736253410399413,0.2052921159063646,85,10,wimb,women
2023,Katie Volynets,96.9795918367347,7.281511392785519,2.9203757456821235,WBC_DNCTL,49,-0.4751498305862549,0.417298888180919,0.15849898259595419,-0.3795051707570004,-0.03685052074664169,41.66666666666667,36,wimb,women
2023,Lauren Davis,93.85714285714286,7.960841664045329,2.6969452360700408,WC_DNCTL,49,-1.1350065365386284,0.9195638639145891,-1.1393971144678419,-0.4190372043748513,-0.0763825543644926,36.666666666666664,39,wimb,women
2023,Lesia Tsurenko,83.86111111111111,7.3061726457947005,3.015268573239622,WC_DNCTL,36,-3.24743451331027,0.43553226326848565,0.7097264346572483,-0.9802495839130863,-0.6375949339027276,0,61,wimb,women
2023,Lin Zhu,99.6896551724138,7.778649571909097,2.594231322998449,WC_DNCTL,29,0.09755879565277746,0.7848595667456,-1.7360568415625144,-0.16081398315703388,0.18184066685332484,81.66666666666667,12,wimb,women
2023,Madison Keys,102.82051282051282,7.19776524192944,2.9521068703953466,WC_DNCTL,195,0.7591924774144797,0.3553809077713135,0.34282341972067526,-0.31495860140933013,0.02769604860102859,51.66666666666667,30,wimb,women
2023,Magdalena Frech,101.45238095238095,6.161257319230765,2.9047540438488797,WC_DNCTL,42,0.4700697427551063,-0.4109644895514887,0.06775333700769796,-0.35074158839304775,-0.008086938382689035,45,34,wimb,women
2023,Maria Sakkari,103.3859649122807,7.180714215285552,2.928617345285818,WC_DNCTL,57,0.8786875779226093,0.3427741775167582,0.20637400189286823,-0.2806709487255155,0.06198370128484321,58.333333333333336,26,wimb,women
2023,Marie Bouzkova,92.0721649484536,7.482267123395283,2.886372861228044,WW_DCTL,97,-1.5122199516252104,0.5657282699249643,-0.03902198756377315,-0.5785369528659147,-0.23588230285555595,10,55,wimb,women
2023,Marketa Vondrousova,100.86458333333333,6.973577344327113,2.7792132081382848,WC_DNCTL,192,0.34585243665772636,0.18962687955732516,-0.6615067849595345,-0.26632038527179763,0.07633426473856109,61.66666666666667,24,wimb,women
2023,Marta Kostyuk,99.02173913043478,9.58132141299473,2.9986349544237028,WBW_DNCTL,92,-0.04358966896381007,2.1176706703043404,0.6131026164566349,-0.46254676463691835,-0.11989211462655963,30,43,wimb,women
2023,Mirra Andreeva,103.86,8.125306521024672,2.909934280512633,WBC_DNCTL,100,0.9788638285299741,1.0411614739350896,0.09784505975149506,-0.12695467169870966,0.21569997831164905,86.66666666666667,9,wimb,women
2023,Ons Jabeur,101.57589285714286,7.019738289753427,2.8871169615508903,WC_DNCTL,224,0.4961711007451902,0.22375611995080022,-0.0346995478641877,-0.31554123182633326,0.027113418184025462,50,31,wimb,women
2023,Petra Kvitova,99.7542372881356,4.349941429368859,2.844569219285061,WC_DNCTL,118,0.11120671830008232,-1.7501665977990142,-0.28185714832606124,-0.40586197343288727,-0.06320732342252855,38.333333333333336,38,wimb,women
2023,Petra Martic,102.02702702702703,6.906062097439734,2.9955776089198967,WW_DCTL,37,0.591507776933648,0.1397092691192454,0.5953426569790555,-0.3379774685740956,0.0046771814362631114,46.666666666666664,33,wimb,women
2023,Sara Sorribes Tormo,98.86666666666666,6.981420334363021,2.494205915355059,WBW_DNCTL,30,-0.07636061439630429,0.19542561894333724,-2.3170991818094557,-0.18102640415337876,0.16162824585697996,80,13,wimb,women
2023,Shelby Rogers,101.60714285714286,5.833067402720058,2.8194114898159204,WC_DNCTL,56,0.5027750587908737,-0.6536127380191963,-0.42799707767445155,-0.294666424888359,0.04798822512199974,55.00000000000001,28,wimb,women
2023,Sloane Stephens,101.74324324324324,6.254994302223155,3.142845463539034,WC_DNCTL,74,0.5315366984647373,-0.341659755933908,1.4508138908091583,-0.5016509512185146,-0.15899630120815583,18.333333333333332,50,wimb,women
2023,Sofia Kenin,94.62162162162163,5.730387983142716,2.9444592976124464,WC_DNCTL,111,-0.9734517945407495,-0.7295290902917378,0.29839907103091745,-0.6124571754789709,-0.2698025254686122,8.333333333333332,56,wimb,women
2023,Sorana Cirstea,100.57142857142857,7.091661770464428,2.735863340121234,WC_DNCTL,49,0.2839010207053629,0.27693297195093136,-0.9133238917872684,-0.24375156675572546,0.09890308325463326,70,19,wimb,women
2023,Varvara Gracheva,104.20588235294117,5.9439140417073935,3.207656870714017,WBW_DNCTL,68,1.0519579900520797,-0.5716579263516911,1.8272999515699206,-0.5153716277918967,-0.172716977781538,16.666666666666664,51,wimb,women
2023,Veronika Kudermetova,101.0625,7.078304430936923,2.586375846723299,WC_DNCTL,48,0.3876775042803894,0.2670571808998319,-1.7816888907208683,-0.12579718963416237,0.21685746037619635,88.33333333333333,8,wimb,women
2023,Victoria Azarenka,99.00862068965517,6.595776896133481,3.0879868923098113,WBC_DNCTL,116,-0.04636194520487592,-0.08970107176779991,1.1321433313921725,-0.4423605218317729,-0.09970587182141416,31.666666666666664,42,wimb,women
2023,Viktorija Golubic,91.95652173913044,9.278305692406299,2.7580779712508874,WC_DNCTL,46,-1.5366584445096387,1.8936350428826052,-0.7842802661385274,-0.4940977925614997,-0.151443142551141,20,49,wimb,women
2023,Viktoriya Tomova,93.16,7.426812978687976,3.1318597626451763,WBW_DNCTL,50,-1.2823314063120488,0.524728073372418,1.3869985312219495,-0.7945233834939786,-0.45186873348361983,3.3333333333333335,59,wimb,women
2023,Yulia Putintseva,87.27941176470588,7.90398650263836,2.745850482788777,WBW_DNCTL,68,-2.525056461986358,0.8775278212523832,-0.8553091044982445,-0.714057707397502,-0.37140305738714324,5,58,wimb,women
2024,Ajla Tomljanovic,101.36111111111111,4.882345910246588,2.9115854196048736,WC_DNCTL,36,0.4507819922724766,-1.3565316679545887,0.10743644003008505,-0.3868497089529925,-0.09806702930426348,36.84210526315789,37,wimb,women
2024,Anastasia Pavlyuchenkova,100.82978723404256,4.274897145653968,2.5646032131035774,WC_DNCTL,47,0.3384990933018959,-1.805650825329624,-1.9081649760455572,-0.18093061551563716,0.10785206413309184,71.9298245614035,17,wimb,women
2024,Anna Kalinskaya,98.88571428571429,5.234340390892733,2.6497743381389425,WW_DCTL,35,-0.07233534473036239,-1.0962834400164194,-1.4134103834079774,-0.24250760569984886,0.04627507394888014,57.89473684210527,25,wimb,women
2024,Arantxa Rus,99.275,7.857668147608979,2.9383763717345075,WBW_DNCTL,40,0.009931104067295742,0.843282199573089,0.26306367404591086,-0.45138316183972615,-0.16260048219099715,19.298245614035086,47,wimb,women
2024,Ashlyn Krueger,104.72222222222223,3.566599910367705,2.82381056362073,WC_DNCTL,36,1.1610743687415446,-2.3293326171531223,-0.40244308895612096,-0.2454465378626991,0.0433361417860299,56.14035087719298,26,wimb,women
2024,Barbora Krejcikova,101.67357512953367,4.288086228849054,2.77301009306468,WC_DNCTL,193,0.5168139688628207,-1.7958994351278532,-0.6975403546705246,-0.29514671738803583,-0.006364037739306827,50.877192982456144,29,wimb,women
2024,Beatriz Haddad Maia,96.47058823529412,6.458423178030692,2.8739003433432795,WC_DNCTL,34,-0.5827158603147476,-0.1912539758683182,-0.1114741889721659,-0.48717974051002916,-0.19839706086130016,10.526315789473683,52,wimb,women
2024,Bernarda Pera,97.15384615384616,6.960990203655268,2.7477127976346702,WC_DNCTL,26,-0.4383252482027887,0.1803205374560433,-0.8444910153564101,-0.36733241880398343,-0.07854973915525443,40.35087719298245,35,wimb,women
2024,Bianca Andreescu,98.02542372881356,6.642857309751785,2.836362228170533,WW_DCTL,118,-0.25413767256620373,-0.05489201967053955,-0.3295311287268441,-0.3669366182839836,-0.0781539386352546,42.10526315789473,34,wimb,women
2024,Brenda Fruhvirtova,93.7090909090909,7.091133554247521,2.7171901678340995,WW_DCTL,55,-1.1662938598511672,0.2765424336272456,-1.0217953689966686,-0.4177865822972243,-0.12900390264849532,26.31578947368421,43,wimb,women
2024,Caroline Dolehide,104.35714285714286,7.450066061489488,3.175803519688264,WC_DNCTL,42,1.0839233668110195,0.5419203133816486,1.64226550821433,-0.4114742380513509,-0.12269155840262191,31.57894736842105,40,wimb,women
2024,Caroline Wozniacki,99.29629629629629,9.367763113731353,2.46790209616886,WC_DNCTL,27,0.01443157917990724,1.9597756691021617,-2.4698966861382607,-0.05217699058235825,0.23660568906637075,87.71929824561403,8,wimb,women
2024,Coco Gauff,108.94444444444444,8.59007032428144,2.648856034408223,WC_DNCTL,54,2.0533424780249994,1.3847860557334934,-1.418744761555749,0.12480608462186035,0.4135887642705893,98.24561403508771,2,wimb,women
2024,Dalma Galfi,101.97777777777777,6.283054008741901,2.670643021591682,WC_DNCTL,45,0.5811000977072958,-0.32091372353997977,-1.2921852971330743,-0.1708679891422537,0.1179146905064753,73.68421052631578,16,wimb,women
2024,Danielle Collins,101.704,5.014533715820123,2.827014495348276,WC_DNCTL,125,0.5232435550421785,-1.2587981975535818,-0.38383161780269465,-0.31486746284908024,-0.026084783200351236,45.614035087719294,32,wimb,women
2024,Daria Kasatkina,95.96923076923076,9.04842740267824,2.830309684163985,WC_DNCTL,65,-0.6886660578114697,1.7236738053275018,-0.3646900390164189,-0.4163417218217467,-0.12755904217301772,28.07017543859649,42,wimb,women
2024,Dayana Yastremska,103.95833333333333,5.911167516527569,2.787318741274836,WBW_DNCTL,72,0.9996442831803906,-0.5958691728846992,-0.614422168624835,-0.23723619464465237,0.05154648500407663,59.64912280701754,24,wimb,women
2024,Diana Shnaider,94.44680851063829,6.085651373226019,3.052006315075358,WC_DNCTL,47,-1.010394464965369,-0.4668639838651635,0.9231340477281916,-0.6837527163518382,-0.3949700367031092,0,58,wimb,women
2024,Diane Parry,102.94444444444444,6.364833942147361,2.768255008065174,WC_DNCTL,36,0.7853825332537717,-0.26044947219545944,-0.7251623937232056,-0.20385719898647442,0.08492548066225458,66.66666666666666,20,wimb,women
2024,Donna Vekic,106.945,5.146299348553738,2.6965141412671074,WC_DNCTL,200,1.6308065667998455,-1.1613768619714824,-1.1419013215394862,-0.050175974407017654,0.23860670524171135,89.47368421052632,7,wimb,women
2024,Elena Rybakina,107.06832298136646,7.393514238508712,2.8536047589400204,WW_DCTL,161,1.6568680002402545,0.5001085449402699,-0.22937017296447154,-0.06412227716286895,0.22466040248586006,85.96491228070175,9,wimb,women
2024,Elina Avanesyan,95.94285714285714,8.338228254261697,2.7091908911096048,WBW_DNCTL,35,-0.6942395081181565,1.1985858280407007,-1.0682627474137008,-0.39397326612140227,-0.10519058647267326,35.08771929824561,38,wimb,women
2024,Elina Svitolina,104.46376811594203,3.8751839051044046,2.9218505974452516,WC_DNCTL,69,1.106456126354055,-2.1011800687015443,0.16706631903731536,-0.3140437274706868,-0.025261047821957816,47.368421052631575,31,wimb,women
2024,Elise Mertens,102.74074074074075,7.074290356324374,3.042338207440228,WBW_DNCTL,27,0.7423345104374665,0.26408936219196527,0.8669725181885887,-0.4256190276342299,-0.13683634798550087,24.561403508771928,44,wimb,women
2024,Emma Navarro,98.12080536912751,6.573814507942542,2.9171564322703047,WBW_DNCTL,149,-0.23398098933542713,-0.10593903265141955,0.13979816004634302,-0.5034625178383128,-0.21467983818958375,7.017543859649122,54,wimb,women
2024,Emma Raducanu,99.37113402061856,6.256717985562185,2.8511377867511416,WC_DNCTL,194,0.03024678531298446,-0.3403853452281332,-0.24370068485861612,-0.3805701286785987,-0.09178744902986968,38.59649122807017,36,wimb,women
2024,Greet Minnen,100.125,5.621482351638866,2.9661606612054303,WW_DCTL,48,0.1895587629098851,-0.810048811962762,0.42446115251297567,-0.4091114050547947,-0.1203287254060657,33.33333333333333,39,wimb,women
2024,Harriet Dart,95,4.8914134895678085,2.825141348184771,WBC_DNCTL,55,-0.893490356582205,-1.3498275246234077,-0.3947126313086829,-0.43283369786433035,-0.14405101821560135,22.807017543859647,45,wimb,women
2024,Iga Swiatek,102.94957983193277,8.891863295890808,2.9996185082696174,WC_DNCTL,119,0.7864677775264506,1.607917639846281,0.618816029097017,-0.30548051070593435,-0.016697831057205348,49.122807017543856,30,wimb,women
2024,Jaqueline Cristian,99.48571428571428,6.29832577460274,2.3070901369766434,WBW_DNCTL,35,0.054460649746759154,-0.30962249534948594,-3.404044912175665,-0.048054234413968305,0.2407284452347607,92.98245614035088,5,wimb,women
2024,Jasmine Paolini,99.08191126279864,6.55849186266528,2.993006324466189,WC_DNCTL,293,-0.030873693359002252,-0.11726787869870006,0.5804062006163937,-0.48025965542741805,-0.19147697577868905,14.035087719298245,50,wimb,women
2024,Jelena Ostapenko,100.77037037037037,5.6739003678413455,2.719927979209659,WC_DNCTL,135,0.32594272610518576,-0.7712933865831141,-1.0058915664899977,-0.2578409430476168,0.030941736601112213,54.385964912280706,27,wimb,women
2024,Jessica Bouzas Maneiro,97.41379310344827,6.847925866271534,2.4528566516153503,WBW_DNCTL,29,-0.38339152822596523,0.09672606349410451,-2.5572948834502274,-0.2036217576365371,0.08516092201219191,68.42105263157895,19,wimb,women
2024,Jessica Pegula,99.05,6.992288985958596,2.5219280948873624,WW_DCTL,20,-0.037617393861627095,0.20346139073337646,-2.1560624967141773,-0.11071038911638842,0.17807229053234058,80.7017543859649,12,wimb,women
2024,Katie Boulter,103.30701754385964,5.453142623988996,2.8798365003000916,WC_DNCTL,114,0.8620038944387769,-0.9345113198181462,-0.07699136494253325,-0.28837560547788926,4.070741708397385e-4,52.63157894736842,28,wimb,women
2024,Laura Siegemund,92.21126760563381,9.68933949239022,2.9449084980103355,WBC_DNCTL,71,-1.4828238520392534,2.1975341775285364,0.301008452552859,-0.4997995942843444,-0.2110169146356154,8.771929824561402,53,wimb,women
2024,Lin Zhu,98.48648648648648,3.7904970476004687,2.8109380038937046,WC_DNCTL,37,-0.1567028211070328,-2.163793563534174,-0.4772191124183319,-0.4371000535477855,-0.14831737389905653,21.052631578947366,46,wimb,women
2024,Linda Noskova,101.36170212765957,6.515618466139628,2.397772280564348,WC_DNCTL,47,0.45090688982416627,-0.14896645945772055,-2.8772771021742343,3.316296899944504e-4,0.28911430933872345,94.73684210526315,4,wimb,women
2024,Liudmila Samsonova,104.56363636363636,8.552157268163041,2.8676352882786413,WW_DCTL,55,1.1275609493258725,1.3567549182780951,-0.14786756483834118,-0.13045110590847936,0.15833157374024964,77.19298245614034,14,wimb,women
2024,Lulu Sun,103.07051282051282,6.325689741289907,2.780015940854019,WC_DNCTL,156,0.8120241417799475,-0.28939086039139866,-0.6568437527686958,-0.20860524000638975,0.08017743964233925,64.91228070175438,21,wimb,women
2024,Madison Keys,99.69047619047619,6.598605530809786,2.429525304331712,WBW_DNCTL,84,0.09773229865561947,-0.08760971181055967,-2.692825454594018,-0.11823417894805913,0.17054850070066987,78.94736842105263,13,wimb,women
2024,Maria Sakkari,103.93939393939394,6.023454466547841,2.893845552676683,WW_DCTL,99,0.9956418843648255,-0.5128494627184632,0.004386484639011891,-0.22513850463177137,0.06364417501695763,61.40350877192983,23,wimb,women
2024,Marketa Vondrousova,99.13333333333334,8.033264176742437,2.564201431025388,WBC_DNCTL,30,-0.02000683907313582,0.9731096767854427,-1.9104989070384981,-0.04863422801678008,0.24014845163194892,91.22807017543859,6,wimb,women
2024,Martina Trevisan,97.48,4.674027237002893,3.0165742437344134,WW_DCTL,50,-0.36940024607676353,-1.5105527351559338,0.7173110059952608,-0.5517353080265812,-0.2629526283778522,5.263157894736842,55,wimb,women
2024,Mccartney Kessler,101.375,4.994018160890522,2.892079563925711,WBW_DNCTL,24,0.45371708473722416,-1.2739664377083595,-0.0058720512759112475,-0.4142645767004368,-0.1254818970517078,29.82456140350877,41,wimb,women
2024,Mirra Andreeva,98.08571428571429,9.236664245632978,3.0408949046649423,WC_DNCTL,35,-0.2413966706998588,1.8628473080532266,0.8585884481608331,-0.48622707697779605,-0.19744439732906705,12.280701754385964,51,wimb,women
2024,Naomi Osaka,107.79710144927536,5.710103816262702,2.624598372225757,WC_DNCTL,69,1.810878317893625,-0.744526252963253,-1.559656247302151,0.03953685726931261,0.3283195369180416,96.49122807017544,3,wimb,women
2024,Ons Jabeur,95.3076923076923,8.751648196416841,2.3897809900833638,WW_DCTL,65,-0.8284667696708603,1.504249164416527,-2.923698088922105,-0.10463858916640689,0.1841440904823221,82.45614035087719,11,wimb,women
2024,Paula Badosa,104.17647058823529,7.904644285564316,2.808853925562301,WC_DNCTL,102,1.0457425001267302,0.8780141551304994,-0.48932541400176455,-0.1567551300391718,0.1320275496095572,75.43859649122807,15,wimb,women
2024,Petra Martic,103.78947368421052,9.259495913945308,2.9016507898627566,WC_DNCTL,38,0.963959737951083,1.8797279739325568,0.04972669756718608,-0.20274275170689748,0.08603992794183152,70.17543859649122,18,wimb,women
2024,Qinwen Zheng,104.04444444444445,6.602188189448169,2.675746823705955,WC_DNCTL,45,1.017841856461832,-0.08496086186201805,-1.2625375786733075,-0.09917553571933879,0.1896071439293902,84.21052631578947,10,wimb,women
2024,Renata Zarazua,92.08888888888889,4.7807484304819425,2.5749392090221184,WC_DNCTL,45,-1.5086857371934304,-1.4316480846188415,-1.8481237185412323,-0.46468896669951404,-0.17590628705078504,17.543859649122805,48,wimb,women
2024,Robin Montgomery,100.25,8.884596024109813,2.7429364496525146,WC_DNCTL,44,0.21597459509261902,1.6025445595653713,-0.8722365699586949,-0.21930381117759074,0.06947886847113827,63.1578947368421,22,wimb,women
2024,Sara Sorribes Tormo,90.63414634146342,6.894766484664204,2.510359155376013,WBC_DNCTL,41,-1.8161116172084222,0.13135782223601222,-2.223265858802088,-0.31716963282548727,-0.028386953176758267,43.859649122807014,33,wimb,women
2024,Sofia Kenin,95.5,5.159010042186836,2.7621169890711714,WC_DNCTL,40,-0.7878270278512695,-1.151979170599145,-0.7608178237262567,-0.471717384184775,-0.182934704536046,15.789473684210526,49,wimb,women
2024,Tatjana Maria,102.68888888888888,6.334688850155375,2.2076855207743713,WC_DNCTL,45,0.7313768319024038,-0.28273734090733865,-3.981481107541513,0.16982616290351493,0.45860884255224393,100,1,wimb,women
2024,Yafan Wang,98.93617021276596,4.172395075499197,3.135878198263795,WBW_DNCTL,47,-0.0616726623173925,-1.8814360537479928,1.4103414127056046,-0.6793474432835668,-0.3905647636348378,1.7543859649122806,57,wimb,women
2024,Yulia Putintseva,93.06976744186046,5.710239920115479,2.9207495777179386,WC_DNCTL,86,-1.3013999512179104,-0.7444256241510175,0.16067055326051657,-0.6478377046178818,-0.3590550249691528,3.508771929824561,56,wimb,women
