year,ServerName,avg_speed,sd_speed,location_entropy,modal_location,n_serves,avg_speed_z,sd_speed_z,location_entropy_z,SQS_FE_logodds,SQS_FE_centered,SQS_percentile,SQS_rank
2016,Agnieszka Radwanska,94.81818181818181,9.822443704781989,2.738106745236904,WC_DNCTL,110,-0.4066575513150574,1.335344007996393,-1.1542437026613122,-0.34798386228843964,0.029611438355397812,60.71428571428571,23
2016,Alison Riske,97.43243243243244,6.3700521085180375,3.0533994037454626,WBW_DNCTL,74,0.10454278616054727,-0.8344576839554836,0.9041682766301717,-0.5398763986322557,-0.16228109798841822,23.214285714285715,44
2016,Ana Ivanovic,97.25,5.570374293298599,3.111699233497575,WC_DNCTL,44,0.06886926636960357,-1.3370490696943504,1.284783126719186,-0.536940044791399,-0.15934474414756156,25,43
2016,Ana Konjuh,104.57317073170732,8.243262101210675,2.7627303609566933,WC_DNCTL,82,1.5008694460896963,0.3428404579830178,-0.9934865641638776,-0.010885706285586216,0.36670959435825123,91.07142857142857,6
2016,Anastasia Pavlyuchenkova,97.88461538461539,6.882237856169113,2.917543209007415,WC_DNCTL,104,0.1929643309415174,-0.512552862077921,0.017220829034710547,-0.38893511556925037,-0.011339814925412917,51.78571428571429,28
2016,Anastasija Sevastova,96.26530612244898,7.1501582714919545,2.815431020414971,WC_DNCTL,98,-0.12368145534402158,-0.34416693184189323,-0.6494263210277859,-0.40298224660889675,-0.025386945965059304,50,29
2016,Angelique Kerber,93.83064516129032,4.9001771565677865,2.8344666075309624,WBW_DNCTL,124,-0.5997641607275491,-1.7582628401117892,-0.5251510501167763,-0.6370055859734307,-0.25941028532959326,14.285714285714285,49
2016,Barbora Strycova,95.17241379310344,7.016616696161979,2.8483498587081035,WW_DCTL,58,-0.3373897067796184,-0.42809678974401144,-0.43451319426018564,-0.42398411354684923,-0.04638881290301178,42.857142857142854,33
2016,Belinda Bencic,94.44155844155844,9.777112783506594,2.417264811360199,WW_DCTL,77,-0.48030389424085146,1.3068538709599307,-3.248884546107809,-0.18667696053050115,0.1909183401133363,76.78571428571429,14
2016,Cagla Buyukakcay,95.47727272727273,3.9912033294375417,3.0537845406381083,WBW_DNCTL,44,-0.2777764511949136,-2.3295459327312704,0.906682671977146,-0.6911167695497005,-0.313521468905863,10.714285714285714,51
2016,Carina Witthoeft,94.95588235294117,3.9904132263834375,2.978742028589208,WBC_DNCTL,68,-0.37973107400800904,-2.3300425064529384,0.416761953593565,-0.6921599745948188,-0.31456467395098137,8.928571428571429,52
2016,Caroline Garcia,102.05797101449275,9.034059829287576,2.9668721837892904,WC_DNCTL,69,1.0090378912839983,0.8398507769253462,0.339268773625286,-0.1758355448487044,0.20175975579513306,78.57142857142857,13
2016,Caroline Wozniacki,99.01123595505618,7.350766718182574,2.9418692905358723,WC_DNCTL,178,0.41326792872086876,-0.21808605865236624,0.1760354930495984,-0.33948918091783536,0.038106119726002086,62.5,22
2016,Christina Mchale,98.42857142857143,7.890000053253241,2.887447920729634,WBW_DNCTL,35,0.29933152914601463,0.12081796488289764,-0.17925853779943124,-0.3829458044057677,-0.005350503761930248,57.14285714285714,25
2016,Denisa Allertova,99.57692307692308,5.232002117148477,2.901558951480824,WBW_DNCTL,26,0.5238845031332867,-1.5497133923379627,-0.08713360575756728,-0.42270488229886233,-0.04510958165502488,44.642857142857146,32
2016,Dominika Cibulkova,91.28666666666666,5.3749814005192995,3.071420640479973,WBW_DNCTL,150,-1.0972232252461511,-1.4598520071730225,1.021821284319714,-0.8266363981487992,-0.44904109750496174,3.571428571428571,55
2016,Ekaterina Makarova,101.46666666666667,7.650708028237212,2.498929563690935,WC_DNCTL,30,0.8934120287474286,-0.029575241181050895,-2.7157300309388592,-0.042343226948537926,0.3352520736952995,89.28571428571429,7
2016,Elina Svitolina,98.86842105263158,4.515265713839201,2.816253092551269,WC_DNCTL,38,0.38534136884247294,-2.000176735565574,-0.6440593608797052,-0.37743717299439733,1.581276494401207e-4,58.92857142857143,24
2016,Eugenie Bouchard,99.40677966101696,6.729038062287739,3.0403219838715256,WC_DNCTL,59,0.4906140235716341,-0.6088377598659386,0.81879135141386306,-0.38415851992834454,-0.006563219284507094,53.57142857142857,27
2016,Evgeniya Rodina,90.48148148148148,8.612717101879586,3.0995184493675705,WBW_DNCTL,54,-1.2546721462307255,0.5750400979134918,1.2052599558056334,-0.7734325439453993,-0.39583724330156184,5.357142857142857,54
2016,Francesca Schiavone,91.875,8.015106704459459,2.7360790008164235,WW_DCTL,32,-0.9821783259894813,0.1994465375382842,-1.1674819855499856,-0.47963779093973186,-0.1020424902958944,35.714285714285715,37
2016,Johanna Konta,98.25806451612904,7.694868385565751,2.81216647746646,WW_DCTL,62,0.2659899701128691,-0.001820794625116966,-0.6707391366953401,-0.26305898595659644,0.11453631468724101,71.42857142857143,17
2016,Johanna Larsson,100.4090909090909,8.203710489825065,2.107222256734823,WBW_DNCTL,22,0.6866097117730399,0.3179825729746109,-5.273020824922193,0.03897834919811172,0.41657364984194917,96.42857142857143,3
2016,Julia Goerges,105.4074074074074,7.1857725844426525,2.693823039506263,WC_DNCTL,27,1.6639992041273184,-0.3217836087618135,-1.44335322647503,0.02031608670580154,0.397911387349639,92.85714285714286,5
2016,Katerina Siniakova,97.43181818181819,4.520741487198791,2.6946875165521935,WC_DNCTL,44,0.10442267329929879,-1.9967352539233292,-1.4377094226656304,-0.3837252055580282,-0.0061299049141907425,55.35714285714286,26
2016,Kateryna Bondarenko,91.51351351351352,8.64941109627195,3.0358754092081335,WBW_DCTL,37,-1.0528647448344979,0.5981019925152466,0.7897615522512798,-0.4684287536233358,-0.09083345297949835,37.5,36
2016,Kateryna Kozlova,99.26666666666667,7.580796031319433,2.8348557563962333,WBW_DNCTL,75,0.46321580489812825,-0.07351439610313204,-0.5226104623029318,-0.3359326514835738,0.04166264916026363,64.28571428571429,21
2016,Kirsten Flipkens,95.81818181818181,4.542249952615403,2.7333330526810657,WBW_DNCTL,22,-0.21111381320173928,-1.9832173480453408,-1.1854091157377638,-0.5242203027061847,-0.14662500206234724,30.357142857142854,40
2016,Kristina Mladenovic,101.25688073394495,7.058490644612936,2.925456613947549,WBW_DNCTL,109,0.8523897032594354,-0.4017793336663415,0.06888409199429975,-0.30963851296815176,0.06795678767568569,66.07142857142857,20
2016,Kurumi Nara,89.06818181818181,7.333889882141855,3.0792258015191027,WBC_DNCTL,44,-1.5310340454666365,-0.22869302092037058,1.0727778687807759,-0.8725298249681981,-0.49493452432436064,0,57
2016,Laura Siegemund,94.52777777777777,7.122612715400419,2.908287276351728,WC_DNCTL,72,-0.46344424293887476,-0.3614791029982151,-0.04320722770504038,-0.513755729355913,-0.1361604287120755,32.142857142857146,39
2016,Lesia Tsurenko,94.27272727272727,6.3564496922548654,2.8821775525362647,WBW_DNCTL,99,-0.5133177721041403,-0.8430066984573158,-0.21366653535898755,-0.5954200963404375,-0.21782479569660002,16.071428571428573,48
2016,Louisa Chirico,100.05128205128206,4.495311697809045,3.125432194310261,WBC_DNCTL,39,0.6166424301870409,-2.012717681902693,1.3744398005589507,-0.5328961607912137,-0.15530086014737626,26.785714285714285,42
2016,Lucie Safarova,95.27272727272727,8.153651304679927,2.564338937154248,WC_DNCTL,44,-0.31777403399082216,0.28652075828846857,-2.288699986751582,-0.30598509504374133,0.07161020560009612,67.85714285714286,19
2016,Madison Keys,105.92666666666666,7.5272183215285615,2.821629805873886,WW_DCTL,150,1.7655371007328262,-0.10718757659660316,-0.6089570810967125,0.03858626094736445,0.4161815615912019,94.64285714285714,4
2016,Magda Linette,93.10344827586206,8.046049729908313,2.736402118047212,WW_DCTL,29,-0.7419629580485527,0.21889399217978275,-1.1653724902584788,-0.42906299131435005,-0.0514676906705126,41.07142857142857,34
2016,Monica Niculescu,87.37362637362638,8.777051329269417,2.71210341558989,WBC_DNCTL,91,-1.8623937515352815,0.6783229019331547,-1.3240084079356844,-0.7412952588434842,-0.3636999581996468,7.142857142857142,53
2016,Nao Hibino,91.33333333333333,9.624373820076372,2.6796822100049633,WB_DNCTL,36,-1.088097850800863,1.21085860158304,-1.5356727019118586,-0.8367790028568819,-0.45918370221304444,1.7857142857142856,56
2016,Naomi Broady,106.125,10.165564897113164,2.132764662257932,WC_DNCTL,32,1.8043199421253018,1.550993050958496,-5.1062652976688945,0.3782779767015443,0.7558732773453818,100,1
2016,Naomi Osaka,102.65,10.031856039299026,3.0856507056554374,WW_DCTL,60,1.1248054521815225,1.4669580572955438,1.1147233416077993,-0.13094806236406337,0.24664723827977408,82.14285714285714,11
2016,Nicole Gibbs,91.3913043478261,5.495364757359162,2.6765877874607664,WW_DCTL,46,-1.0767619819247263,-1.3841919888724767,-1.5558748736468264,-0.5500152597151609,-0.1724199590713234,21.428571428571427,45
2016,Pauline Parmentier,103.46428571428571,6.578102201351737,3.034797607130381,WC_DNCTL,56,1.2840339246452221,-0.7036997931270431,0.7827250398293101,-0.2219517736027709,0.15564352704106654,75,15
2016,Petra Kvitova,98.9010989010989,5.105672107361348,3.036135393663572,WW_DCTL,91,0.3917313174852752,-1.6291108364972646,0.7914588804416541,-0.41056695031390117,-0.03297164967006372,46.42857142857143,31
2016,Roberta Vinci,93.24626865671642,5.859811599994599,2.79798611635574,WC_DNCTL,134,-0.7140353268975234,-1.155139937931141,-0.7633166972356309,-0.5568628080126807,-0.17926750736884328,19.642857142857142,46
2016,Samantha Crawford,103.93617021276596,8.310298104105136,2.9401927608478253,WC_DNCTL,47,1.3763079834357785,0.3849720726757135,0.16509014211806042,-0.11023082517321048,0.26736447547062697,83.92857142857143,10
2016,Samantha Stosur,98.275,9.198627266594922,2.760322385698947,WC_DNCTL,40,0.26930159793575575,0.9432801515930636,-1.0092072128457374,-0.23621142041663218,0.14138388022720527,73.21428571428571,16
2016,Serena Williams,105.84357541899442,8.726049118127667,2.6833466874569516,WW_DCTL,179,1.7492891275584963,0.6462684026265254,-1.5117488835752781,0.13030604027502823,0.5079013409188657,98.21428571428571,2
2016,Shuai Zhang,94.45679012345678,7.314453812001361,2.882879182979116,WC_DNCTL,81,-0.47732543422469664,-0.2409084422304493,-0.2090858879204076,-0.5000197707366396,-0.12242447009280216,33.92857142857143,38
2016,Simona Halep,94.14358974358974,8.528297193854023,3.014583880145396,WC_DNCTL,195,-0.5385698072824091,0.5219828319108424,0.6507581936336492,-0.5321233780019461,-0.15452807735810864,28.57142857142857,41
2016,Stefanie Voegele,98.17647058823529,9.424245290047766,2.843234531726864,WC_DNCTL,34,0.2500347884451769,1.0850793523420712,-0.4679089935343711,-0.26869073560678064,0.10890456503705681,69.64285714285714,18
2016,Svetlana Kuznetsova,92.61290322580645,10.903984590859176,2.8343173927299663,WW_DCTL,62,-0.8378859708494125,2.015084176251047,-0.5261252102361739,-0.4043074642516022,-0.02671216360776474,48.214285714285715,30
2016,Timea Babos,104.26530612244898,9.246115198206402,2.867375734622733,WBC_DNCTL,49,1.4406684495625233,0.9731259531149388,-0.3103013236621163,-0.10877263282525129,0.26882266781858616,85.71428571428571,9
2016,Timea Bacsinszky,91.72463768115942,5.15889881652543,2.9729083650563077,WW_DCTL,69,-1.0115807358869546,-1.5956582572109992,0.37867643978528326,-0.6728353684611086,-0.29524006781727113,12.5,50
2016,Vania King,91.23255813953489,9.894291787024345,2.921083954402295,WC_DNCTL,43,-1.1078038089053042,1.380499977725223,0.04033685327364372,-0.5690123655195465,-0.19141706487570903,17.857142857142858,47
2016,Varvara Lepchenko,95.09708737864078,5.425998711914875,2.644967525492849,WC_DNCTL,103,-0.35211931544232106,-1.4277880174724484,-1.7623101466118936,-0.4298184578178355,-0.05222315717399806,39.285714285714285,35
2016,Venus Williams,106.125,7.969429780330714,3.0771905771712724,WBC_DNCTL,128,1.8043199421253018,0.1707389403569673,1.0594907526203914,-0.16131056668806387,0.21628473395577358,80.35714285714286,12
2016,Yaroslava Shvedova,105.1304347826087,9.375990996216098,2.9422319649247894,WBW_DNCTL,69,1.6098389417191226,1.05475189803092,0.17840324024124118,-0.08982259546179289,0.28777270518204456,87.5,8
2017,Agnieszka Radwanska,93.83177570093459,6.749543634200021,3.029096276239767,WC_DNCTL,107,-0.5995430907794242,-0.5959501648787827,0.7455034696898158,-0.6046634482220017,-0.1487604761201285,21.875,51
2017,Aleksandra Krunic,94.9080459770115,9.139274033440875,2.7646531467277033,WC_DNCTL,87,-0.38908517777509205,0.9059770988745275,-0.9809335117604998,-0.3762798656667055,0.07962310643516768,62.5,25
2017,Aliaksandra Sasnovich,95.88235294117646,7.490457387346767,2.8619482269736705,WBC_DNCTL,34,-0.19856555193243575,-0.1302915423436251,-0.3457352180489181,-0.49917465450102616,-0.043271682399152966,39.0625,40
2017,Alison Riske,97.24528301886792,5.305677874392817,2.928368252252433,WBC_DNCTL,53,0.06794689024642722,-1.5034087428603076,0.08789294299161794,-0.5382171424884744,-0.08231417038660122,32.8125,44
2017,Alison Van Uytvanck,101.40625,7.716646096856262,2.9134951259216155,WC_DNCTL,64,0.881597927903082,0.011866330223676051,-0.009207387709673285,-0.2193091750286354,0.2365937970732378,87.5,9
2017,Ana Bogdan,92.78688524590164,9.377481456656971,3.053330465708864,WW_DCTL,61,-0.8038648762754915,1.0556886410092932,0.9037182094416902,-0.5366137800882129,-0.08071080798633973,34.375,43
2017,Anastasija Sevastova,97.13513513513513,6.11638665356434,2.8580410674447227,WC_DNCTL,148,0.04640816131604571,-0.9938844807139688,-0.37124340468869843,-0.41710254810704933,0.03880042399482386,50,33
2017,Angelique Kerber,91.65625,7.096611526728113,2.777518266288633,WW_DCTL,32,-1.0249535187017695,-0.3778206510528978,-0.896942605202439,-0.53388789240205,-0.07798492030017684,35.9375,42
2017,Ashleigh Barty,98.78666666666666,8.12286285129208,2.890711152983636,WC_DNCTL,75,0.36935481060373476,0.26717045100414233,-0.15795427910015877,-0.3034866431084888,0.15241632899338442,75,17
2017,Barbora Strycova,92.71428571428571,7.873348105451098,3.0526996675173304,WBW_DNCTL,56,-0.8180612600729477,0.11035234315143352,0.8995999957157191,-0.6853556102185943,-0.22945263811672106,15.625,55
2017,Caroline Garcia,101.05714285714286,6.940685070200022,2.2844935479364845,WC_DNCTL,35,0.8133322121867375,-0.4758192354431621,-4.11569178618067,0.010917060477292018,0.4668200325791652,100,1
2017,Caroline Wozniacki,97.01724137931035,6.689849287134464,2.894048751977591,WW_DCTL,58,0.02335477560184926,-0.6334676050796492,-0.13616451151176523,-0.3785571589160704,0.0773458131858028,60.9375,26
2017,Catherine Bellis,92.86538461538461,5.239476272861279,2.8138637531950472,WC_DNCTL,52,-0.7885148161272532,-1.5450159426833234,-0.6596583436682815,-0.5977936154695773,-0.14189064336770413,23.4375,50
2017,Christina Mchale,96.39024390243902,8.28516158195025,2.791858116815383,WBW_DNCTL,41,-0.09925065481318815,0.3691739609086473,-0.8033238059410212,-0.41290570142202726,0.042997270679845934,54.6875,30
2017,Coco Vandeweghe,103.30243902439024,8.489107432609815,2.938161426205184,WC_DNCTL,205,1.252385817901795,0.4973523669465283,0.151828420192337,-0.1296444390390819,0.3262585330627913,90.625,7
2017,Daria Gavrilova,93.11940298507463,5.32723814981454,2.673995151722179,WW_DCTL,67,-0.7388431145686167,-1.4898582747906866,-1.5728010922511295,-0.48396554454974533,-0.028062572447872136,43.75,37
2017,Daria Kasatkina,91.36470588235294,8.135529161271169,2.919325496836445,WW_DCTL,85,-1.0819631452914256,0.2751311298718454,0.028856629992381616,-0.5746988471428145,-0.1187958750409413,26.5625,48
2017,Denisa Allertova,100.71428571428571,5.000779160070179,2.7215052937771436,WBW_DNCTL,56,0.7462886448335972,-1.695035250967655,-1.2626275347493945,-0.3069405570537285,0.14896241504814467,73.4375,18
2017,Dominika Cibulkova,89.325,6.452097313930384,3.061877206086999,WBW_DNCTL,160,-1.480814858178442,-0.782892900368101,0.9595162507328107,-0.86952784923973,-0.41362487713785684,4.6875,62
2017,Donna Vekic,98.16216216216216,5.737370252774125,3.0170367310677677,WC_DNCTL,37,0.24723686532431927,-1.2320933874330326,0.6667718164877593,-0.4546300351442724,0.0012729369576007787,48.4375,34
2017,Ekaterina Makarova,94.25,9.1267843609392,3.0960455734717454,WC_DNCTL,84,-0.5177619479703508,0.8981274353093084,1.182587022726968,-0.5444185218503075,-0.08851554974843429,31.25,45
2017,Elena Vesnina,101.04545454545455,5.822112803606173,2.822271695949458,WC_DNCTL,110,0.8110466360269704,-1.1788333428961733,-0.6047664531664734,-0.25231196411293416,0.20359100798893903,81.25,13
2017,Elina Svitolina,99.54069767441861,8.021431496503226,3.0311371916756342,WC_DNCTL,172,0.516800852512903,0.20342162092472854,0.7588277405490937,-0.3357854891381225,0.12011748296375069,68.75,21
2017,Elise Mertens,99.58536585365853,7.529859260823198,3.015698042886291,WC_DNCTL,41,0.5255354352561927,-0.10552776646497003,0.6580320893963565,-0.34224961518966995,0.11365335691220324,67.1875,22
2017,Eugenie Bouchard,98.33333333333333,5.80640040940045,3.0021722231837638,WW_DCTL,36,0.28070831599236395,-1.1887084623840918,0.5697277519686489,-0.3979477313763727,0.05795524072550051,57.8125,28
2017,Evgeniya Rodina,92.50666666666666,6.7109699088222055,2.9365124396991353,WBW_DNCTL,75,-0.8586598647479032,-0.6201934560165101,0.1410628870086693,-0.6794084374057954,-0.22350546530392218,17.1875,54
2017,Jana Cepelova,92.0754716981132,7.3349769455979095,3.12757392252795,WBW_DNCTL,53,-0.9429773407545006,-0.2280098098591575,1.3884222352928617,-0.7593812489790046,-0.3034782768771314,12.5,57
2017,Jelena Jankovic,100.68518518518519,5.31577955047144,2.943060607459674,WC_DNCTL,54,0.7405982185922066,-1.4970599167680805,0.18381309573367663,-0.33363212067706144,0.12227085142481176,70.3125,20
2017,Jelena Ostapenko,97.07070707070707,8.149436596592937,2.950109477851737,WC_DNCTL,99,0.033809656758377736,0.2838718465172394,0.2298321794767944,-0.39750613006351926,0.058396842038353936,59.375,27
2017,Jennifer Brady,94.73684210526316,12.32814676614332,2.92731360667526,WBW_DNCTL,95,-0.42256302283623404,2.9101592021807368,0.081007609535937,-0.4154598711760687,0.0404431009258045,53.125,31
2017,Johanna Konta,103.86046511627907,5.7053917496181885,2.7516198502673426,WC_DNCTL,43,1.3615043258745037,-1.2521916318873774,-1.0660223739324546,-0.11168944356954252,0.34421352853233067,92.1875,6
2017,Julia Goerges,101.54081632653062,9.707228008829338,2.7536278293126366,WC_DNCTL,98,0.9079115304170562,1.2629318250076464,-1.0529131307913322,-0.08566548075450325,0.37023749134736994,95.3125,4
2017,Katerina Siniakova,93.62745098039215,6.642170682280682,2.9506606370602264,WC_DNCTL,51,-0.6394975104232502,-0.663433243274805,0.2334304640756738,-0.5827904779041979,-0.12688750580232472,25,49
2017,Kirsten Flipkens,95.32352941176471,7.650393486554057,3.00528673773648,WW_DCTL,34,-0.30783999381928784,-0.029772928221257735,0.5900610959015979,-0.46553690013012056,-0.009633928028247363,45.3125,36
2017,Kurumi Nara,84.734375,5.409941817842494,2.886665349666104,WBW_DNCTL,128,-2.3784828309548933,-1.4378796524895907,-0.184367612204898,-1.0124216176399587,-0.5565186455380855,1.5625,64
2017,Lara Arruabarrena,96.6829268292683,6.424324962166235,3.101369237203013,WW_DCTL,41,-0.042018341219045525,-0.8003476108686551,1.2173429642385685,-0.48839463568237756,-0.03249166358050437,40.625,39
2017,Lucie Safarova,91.56818181818181,8.785130725255007,2.4775831442656076,WC_DNCTL,132,-1.0421747001833412,0.6834007404664348,-2.855091745442219,-0.4000849608775398,0.055818011224333386,56.25,29
2017,Madison Keys,101.35227272727273,7.915965154090452,2.9063327401256336,WW_DCTL,264,0.8710430102208303,0.13713683200945742,-0.05596756535699452,-0.17109410880383397,0.28480886329803923,89.0625,8
2017,Maria Sakkari,97.96428571428571,7.141335816825676,2.8118441013102036,WC_DNCTL,28,0.20854336502197246,-0.3497117770682503,-0.672843793825688,-0.3328774393353598,0.1230255327665134,71.875,19
2017,Maria Sharapova,99.59876543209876,5.982853217977687,2.6334704680482917,WC_DNCTL,162,0.5281556389135377,-1.0778092228497143,-1.8373695561218581,-0.22569212628419583,0.23021084581767737,84.375,11
2017,Marketa Vondrousova,91,7.157795928439947,3.0278307419389603,WBC_DNCTL,48,-1.1532790968386346,-0.3393667229124553,0.7372413332439264,-0.7776872804794097,-0.3217843083775365,9.375,59
2017,Misaki Doi,93.04761904761905,7.729658404329331,2.5827936132549505,WC_DNCTL,21,-0.7528800140351731,0.020044465867910945,-2.168217237361467,-0.4168122404413889,0.03909073166048427,51.5625,32
2017,Mona Barthel,102.67441860465117,9.721652148028372,2.6515640856046176,WBW_DNCTL,43,1.1295803574145216,1.2719972860847977,-1.71924400476003,-0.0551443935536563,0.4007585785482169,96.875,3
2017,Monica Niculescu,80.46052631578948,10.325942461552758,2.597257392661536,WC_DNCTL,76,-3.2142071787961046,1.6517891226001753,-2.0737893590303353,-0.8545908944527141,-0.3986879223508409,6.25,61
2017,Nao Hibino,91.88181818181818,4.6781393191711,3.0446347348166065,WC_DNCTL,110,-0.980845073229619,-1.8978119213290034,0.8469474723050007,-0.7528586743135828,-0.2969557022117096,14.0625,56
2017,Naomi Osaka,100.3103448275862,8.465127294510664,2.8918457405366524,WC_DNCTL,87,0.6673005338715684,0.4822810337069601,-0.1505470384059685,-0.23189110621031478,0.22401186589155841,82.8125,12
2017,Oceane Dodin,107.08235294117647,6.290983276741029,3.056515361462199,WC_DNCTL,85,1.9915243149367277,-0.884151839495681,0.9245110423686316,-0.09326365713506268,0.3626393149668105,93.75,5
2017,Ons Jabeur,98.27272727272727,7.714729123860763,2.7829034986587358,WBC_DNCTL,33,0.2688571803491322,0.010661527369457342,-0.8617847081732992,-0.36188583805031593,0.09401713405155726,64.0625,24
2017,Pauline Parmentier,106.51351351351352,6.007502816486239,2.8609708523970285,WW_DCTL,37,1.880291326865274,-1.0623171388672163,-0.3521160819305301,-2.865132255486791e-4,0.4556164588763245,98.4375,2
2017,Petra Kvitova,104.08771929824562,5.1637974013244525,2.9919913712872335,WC_DNCTL,114,1.4059424581181257,-1.5925795341609863,0.5032612899763488,-0.22118233702666062,0.23472063507521257,85.9375,10
2017,Risa Ozaki,90.36111111111111,6.338782117265014,2.9256475703458897,WBW_DNCTL,36,-1.2782098184110318,-0.8541106341021458,0.0701307652905527,-0.7729639274978966,-0.31706095539602336,10.9375,58
2017,Roberta Vinci,92.625,6.099973558906205,2.5870310230081115,WC_DNCTL,32,-0.8355205224044927,-1.004199985072723,-2.140552987142852,-0.48496491592407115,-0.029061943822197955,42.1875,38
2017,Saisai Zheng,90.46067415730337,8.909974211491198,2.7251606843651954,WC_DNCTL,89,-1.2587408881806486,0.7618639159525531,-1.2387630406916268,-0.5466022838623321,-0.09069931176045892,29.6875,46
2017,Sara Sorribes Tormo,89.41666666666667,5.6868778525782435,2.427694271103767,WBW_DNCTL,24,-1.462890015518054,-1.2638274744625266,-3.18079502897395,-0.6189105810763194,-0.16300760897444616,20.3125,52
2017,Shelby Rogers,96.92105263157895,6.457683544295691,2.973055834607821,WC_DNCTL,114,0.004545668306011647,-0.7793819973432553,0.37963920591136985,-0.4644384839376951,-0.008535511835821907,46.875,35
2017,Shuai Zhang,95.61290322580645,6.4118505875440706,2.487740834206973,WW_DCTL,31,-0.25125475650945817,-0.8081876598336986,-2.7887764980268797,-0.27086532504860644,0.18503764705326675,79.6875,14
2017,Simona Halep,89.8125,7.9350109473256065,2.969022330012943,WB_DNCTL,80,-1.3854872858482,0.14910696727190106,0.3533061659481229,-1.0726228640202615,-0.6167198919183883,0,65
2017,Sloane Stephens,95.42857142857143,7.29349189874415,3.0471397592231226,WC_DNCTL,357,-0.2872996851939397,-0.25408284425983235,0.8633017136983199,-0.5312126837612214,-0.07530971165934824,37.5,41
2017,Sorana Cirstea,102.21428571428571,4.724279345149951,3.080950603263908,WC_DNCTL,42,1.0396042520035744,-1.8688132681797038,1.0840383674876088,-0.34824695771366315,0.10765601438821004,65.625,23
2017,Svetlana Kuznetsova,83.34193548387097,8.415692446047442,2.97407263423814,WC_DNCTL,155,-2.6507656590354642,0.4512116098464227,0.38627745923920764,-0.9559681975930736,-0.5000652254912004,3.125,63
2017,Tatjana Maria,96.4047619047619,11.001240559335434,2.8584511278366125,WC_DNCTL,42,-0.09641175036903568,2.0762088079934506,-0.36856629439094674,-0.2993284481153066,0.15657452398656657,76.5625,16
2017,Taylor Townsend,89.25714285714285,6.721554587017247,3.0241827005633257,WC_DNCTL,70,-1.4940838975504185,-0.6135410667912495,0.7134248190755403,-0.7887847615633177,-0.3328817894614445,7.8125,60
2017,Timea Babos,104.42105263157895,6.198926659456725,3.0322071830457036,WB_DNCTL,57,1.4711237041558975,-0.9420087188123278,0.7658132601749161,-0.560011575767007,-0.1041086036651338,28.125,47
2017,Venus Williams,103.22346368715084,8.080028594799346,3.0662107958960685,WBC_DNCTL,179,1.2369426852392431,0.2402494486728852,0.9878084197243764,-0.27086783264474346,0.18503513945712974,78.125,15
2017,Yulia Putintseva,91.35135135135135,5.16514072205963,2.754505053824113,WC_DNCTL,37,-1.084574540204225,-1.5917352673613636,-1.047186104188515,-0.6361156449261063,-0.1802126728242331,18.75,53
2018,Agnieszka Radwanska,92.02631578947368,8.888154406987237,2.836118553134518,WW_DCTL,38,-0.952589470880229,0.7481503358413083,-0.5143661982411188,-0.4897302799506927,-0.09927756882406535,31.506849315068493,51
2018,Ajla Tomljanovic,100.72727272727273,6.802653473174588,2.889296464511846,WC_DNCTL,55,0.7488281739000064,-0.5625710376120457,-0.16719017983781803,-0.26412543904961866,0.12632727207700867,67.12328767123287,25
2018,Aleksandra Krunic,94.3943661971831,9.22183569150561,2.861864320791602,WW_DCTL,71,-0.48953204211596235,0.9578664690007542,-0.3462830059077395,-0.3946580115523735,-0.0042053004257461835,47.94520547945205,39
2018,Aliaksandra Sasnovich,89.29411764705883,11.461888598944299,2.8746799306545627,WW_DCTL,68,-1.4868537089142946,2.3657225748613997,-0.2626153271592711,-0.5391214424933912,-0.1486687313667639,20.54794520547945,59
2018,Alizé Cornet,89.28,7.247913140895053,3.0791650443268384,WB_DNCTL,50,-1.4896143263935415,-0.2827287446858033,1.0723812108535766,-1.1618490063736369,-0.7713962952470095,0,74
2018,Anastasija Sevastova,97.91787439613526,7.532970850123295,2.9190842284637233,WC_DNCTL,207,0.1994679223800675,-0.10357215640749086,0.027281491164272333,-0.36858855904144067,0.02186415208518666,53.42465753424658,35
2018,Andrea Petkovic,94.77966101694915,5.644856665997908,2.7477130618544483,WC_DNCTL,59,-0.4141900527832127,-1.2902374685774776,-1.0915281377129975,-0.47981630099725286,-0.08936358987062554,34.24657534246575,49
2018,Anett Kontaveit,95.46268656716418,5.6791174042434145,2.795209952914455,WW_DCTL,67,-0.2806286834672589,-1.2687048568386856,-0.7814410903345481,-0.4299950068869302,-0.03954229576030288,45.20547945205479,41
2018,Angelique Kerber,94.61764705882354,6.33088315620858,2.9474078296924797,WW_DCTL,102,-0.4458708677816296,-0.8590750706635888,0.21219426503516986,-0.5093517686240512,-0.11889905749742385,26.027397260273972,55
2018,Aryna Sabalenka,104.73202614379085,7.5733314437707495,3.030653816467128,WW_DCTL,153,1.5319326271880405,-0.07820583223986205,0.7556719889233249,-0.0974248388590791,0.29302787226754823,86.3013698630137,11
2018,Ashleigh Barty,99.15384615384616,7.8486280035724425,2.4719856967420593,WC_DNCTL,65,0.4411544600853451,0.09481594834049337,-2.891635105158964,-0.11861072779201581,0.2718419833346115,83.56164383561644,13
2018,Barbora Strycova,96.67948717948718,7.11408624562727,2.926876123101038,WBC_DNCTL,78,-0.042690943195045294,-0.36683792398485415,0.07815146491721328,-0.5058864922297358,-0.11543378110310848,28.767123287671232,53
2018,Bernarda Pera,93.36363636363636,7.402778962230087,2.2309112752883338,WC_DNCTL,33,-0.6910848067526107,-0.1853967613957523,-4.465507707738584,-0.26405932803897186,0.12639338308765546,68.4931506849315,24
2018,Camila Giorgi,106.55172413793103,8.300543041170567,3.1155904774385785,WB_DNCTL,29,1.887763175199519,0.37884109029137675,1.3101874072387403,-0.4456990096278852,-0.055246298501257896,41.0958904109589,44
2018,Carina Witthoeft,97.03030303030303,7.264179125565281,3.05963296132998,WBW_DNCTL,66,0.025908899662889912,-0.272505697828396,0.9448645290144498,-0.5318185194960616,-0.1413658083694343,21.91780821917808,58
2018,Caroline Dolehide,97.66666666666667,11.74927463911941,2.998590387476618,WBW_DNCTL,45,0.1503458239168204,2.546342501317631,0.5463434665167798,-0.3445728832188127,0.04587982790781464,54.794520547945204,34
2018,Caroline Garcia,98.42028985507247,6.636365494272602,2.81108436013235,WC_DNCTL,69,0.2977121193065673,-0.6670817595021244,-0.6778038215949761,-0.32932861328844903,0.06112409783817829,56.16438356164384,33
2018,Caroline Wozniacki,97.98,8.225123285472655,3.0119146418983496,WB_DNCTL,50,0.21161619519232658,0.3314403511350722,0.6333318697563537,-0.7511684690753556,-0.3607157579487283,9.58904109589041,67
2018,Coco Vandeweghe,105.11904761904762,9.176327925308636,2.7782590908306446,WW_DCTL,42,1.6076122531898809,0.9292651862847371,-0.8921060761216699,0.07413714003079691,0.46458985115742424,97.26027397260275,3
2018,Danielle Collins,91.9375,13.394832681045012,2.875232995026258,WBW_DNCTL,48,-0.9699568423573989,3.5805631347588336,-0.2590046045582384,-0.4744986287906006,-0.08404591766397329,35.61643835616438,48
2018,Daria Gavrilova,91.34210526315789,5.933306428780616,2.745962711944503,WBW_DNCTL,38,-1.0863825548525003,-1.1089490006046265,-1.1029554295491808,-0.6689560057611219,-0.2785032946344946,13.698630136986301,64
2018,Daria Kasatkina,85.94444444444444,9.119917153619811,2.912190979557206,WBW_DNCTL,126,-2.141861328411521,0.8938114480740489,-0.017721605934571918,-0.8621990843736922,-0.47174637324706487,5.47945205479452,70
2018,Dominika Cibulkova,87.23387096774194,7.114749218243737,3.064885475220247,WBC_DNCTL,124,-1.8897220460234698,-0.3664212507701227,0.9791559634051641,-0.9473709785726809,-0.5569182674460535,2.73972602739726,72
2018,Donna Vekic,106.21951219512195,2.876735955227306,2.5743421456917375,WW_DCTL,41,1.8228012100567434,-3.029980146742042,-2.223393282871067,0.015275207957497428,0.40572791908412476,95.8904109589041,4
2018,Ekaterina Makarova,96.81521739130434,7.22469718415735,2.9503231879419745,WC_DNCTL,92,-0.01614975020140503,-0.29731979578912016,0.23122740197236666,-0.4358809673964575,-0.04542825626983016,43.83561643835616,42
2018,Elina Svitolina,95.27564102564102,6.408234337816506,2.8601538493146936,WC_DNCTL,156,-0.31720426785412775,-0.8104604451069226,-0.35744994837623606,-0.4845352916028634,-0.09408258047623608,32.87671232876712,50
2018,Elise Mertens,98.62209302325581,8.434971772923104,2.946326909510322,WC_DNCTL,172,0.33717346517624947,0.4633285192143442,0.20513739583264565,-0.32440774726618443,0.0660449638604429,57.534246575342465,32
2018,Eugenie Bouchard,103.39285714285714,6.471242857982084,2.5340876201146316,WBW_DNCTL,28,1.2700665147799854,-0.7708600724810002,-2.4861979991640757,-0.07419137385029956,0.31626133727632777,89.04109589041096,9
2018,Evgeniya Rodina,87.36363636363636,4.916923465301892,2.8137989534664287,WBW_DNCTL,33,-1.8643472354325195,-1.7477379132568718,-0.6600813935999675,-0.8897487530091497,-0.49929604188252236,4.10958904109589,71
2018,Garbiñe Muguruza,98.30434782608695,5.111793695231518,2.5448760863036677,WC_DNCTL,23,0.27504038155429705,-1.625263465378501,-2.415764681284934,-0.2667320393405919,0.12372067178603541,65.75342465753424,26
2018,Jelena Ostapenko,95.69426751592357,7.49158709382643,2.9899190235337927,WC_DNCTL,157,-0.2353444790710196,-0.12958153046848492,0.4897318108533057,-0.49010025788302997,-0.09964754675640264,30.136986301369863,52
2018,Johanna Konta,99.76470588235294,5.538071119898629,2.5890039943505934,WW_DCTL,34,0.5606042548604478,-1.3573513669118848,-2.127672294438574,-0.17213754258646824,0.2183151685401591,79.45205479452055,16
2018,Johanna Larsson,94.61702127659575,7.954313610255452,3.110740649480316,WC_DNCTL,94,-0.4459932355776957,0.16123854317125166,1.27852493842639,-0.5712169912103553,-0.18076428008372797,19.17808219178082,60
2018,Julia Goerges,100.94444444444444,8.32876065019604,2.926365113372637,WW_DCTL,36,0.7912947432882508,0.39657564157245556,0.0748152992372062,-0.1836805946369327,0.20677211648969462,78.08219178082192,17
2018,Kaia Kanepi,96.83760683760684,7.484417450157942,2.9647883897343674,WW_DCTL,117,-0.011771634177127238,-0.13408759663415779,0.32566456645687386,-0.3919554461521371,-0.0015027350255097938,49.31506849315068,38
2018,Katerina Siniakova,97.95454545454545,7.156765481572206,2.7833212753441003,WC_DNCTL,132,0.20663871822216837,-0.34001435088128446,-0.8590572214697044,-0.32066192571890534,0.06979078540772199,61.64383561643836,29
2018,Kiki Bertens,99.41176470588235,8.19555116044854,2.861796539498668,WW_DCTL,51,0.49158881787927555,0.3128544969169772,-0.34672552120767414,-0.22231823987999005,0.16813447124663727,75.34246575342466,19
2018,Kirsten Flipkens,96.51515151515152,7.756371919996188,2.9200194871852503,WW_DCTL,66,-0.07482575330457708,0.036833705986168704,0.033387398498856705,-0.3777461486694161,0.012706562457211246,52.054794520547944,36
2018,Kristina Mladenovic,97.32142857142857,8.232967024818333,2.5641893753728278,WBW_DNCTL,28,0.08283667623484019,0.3363700812739991,-2.2896764121589364,-0.2798153800871392,0.11063733103948814,63.013698630136986,28
2018,Kurumi Nara,89.66129032258064,8.411435518869625,3.148624893286198,WBW_DNCTL,62,-1.4150553914096904,0.44853616369977506,1.5258550908165707,-0.8336550005222163,-0.443202289395589,8.21917808219178,68
2018,Lara Arruabarrena,93,6.669047194029329,2.588465279604108,WBW_DNCTL,22,-0.7621916206119984,-0.6465415613667943,-2.1311893344255872,-0.5124964891533419,-0.12204377802671457,24.65753424657534,56
2018,Laura Siegemund,88.88461538461539,5.9013688112296325,2.8881545074194097,WW_DCTL,26,-1.5669293120783456,-1.1290215487692175,-0.17464553312776562,-0.7294039891391539,-0.3389512780125266,10.95890410958904,66
2018,Lesia Tsurenko,89.68571428571428,7.830721361684055,3.1182862979565407,WB_DNCTL,175,-1.410279438358996,0.08356176097986884,1.3277872754831903,-1.1444623980172932,-0.7540096868906658,1.36986301369863,73
2018,Lucie Safarova,92.61290322580645,11.298015812093846,2.429529777919443,WC_DNCTL,31,-0.8378859708494125,2.2627297826886443,-3.168811783834873,-0.26139214592018617,0.12906056520644116,69.86301369863014,23
2018,Madison Keys,100.96815286624204,8.591453999331891,2.6286160913853864,WC_DNCTL,157,0.7959307767113194,0.5616764007204907,-1.8690617214966694,-0.0893453551838122,0.3011073559428151,87.67123287671232,10
2018,Magda Linette,102.93103448275862,4.712680723952274,2.3072949687170925,WC_DNCTL,29,1.1797599854788847,-1.876102912820904,-3.966830985229305,0.009845062551510575,0.4002977736781379,94.52054794520548,5
2018,Margarita Gasparyan,97.925,5.336797752998539,3.0522552857831,WW_DCTL,40,0.20086128959609276,-1.4838501373634385,0.8966988159373983,-0.45000165101721207,-0.05954893989058474,39.726027397260275,45
2018,Maria Sakkari,100.33333333333333,8.572977018477863,2.4538387835582562,WC_DNCTL,42,0.6717957922190002,0.5500637596856153,-3.0101086010576603,-0.04121199019815924,0.3492407209284681,90.41095890410958,8
2018,Maria Sharapova,98.2089552238806,6.727459139055524,2.6716647138098795,WC_DNCTL,67,0.2563869555305087,-0.609830101031532,-1.5880155325059826,-0.27577998891236183,0.1146727222142655,64.38356164383562,27
2018,Marketa Vondrousova,93.32275132275132,8.536315466971711,2.93026562039362,WC_DNCTL,189,-0.6990796204801881,0.527022255189511,0.10028005447534163,-0.5292420988815321,-0.13878938775490474,23.28767123287671,57
2018,Mona Barthel,97.23333333333333,7.7579029042173735,2.857425813763051,WW_DCTL,30,0.06561020406771512,0.03779591785027886,-0.37526013490578436,-0.32194808833870064,0.06850462278792668,60.273972602739725,30
2018,Monica Puig,96.76923076923077,5.012938724527804,2.959016168780183,WC_DNCTL,39,-0.02514214618487544,-1.6873930577813128,0.287980185173101,-0.5082504050296002,-0.11779769390297284,27.397260273972602,54
2018,Naomi Osaka,103.83962264150944,10.119791310113229,3.0419314700597204,WC_DNCTL,212,1.3574287104465164,1.5222247019025412,0.8292990037834295,-0.10280563100619328,0.28764708012043405,84.93150684931507,12
2018,Ons Jabeur,100.46341463414635,9.526535469349835,2.8792680906074297,WC_DNCTL,41,0.6972323760386206,1.1493679470541758,-0.23266117772058229,-0.1882742215096938,0.20217848961693352,76.71232876712328,18
2018,Pauline Parmentier,101.29787234042553,6.436698092281075,2.9260399183513828,WW_DCTL,47,0.8604053552219171,-0.79257119330149,0.07269223893341606,-0.22636953483465277,0.16408317629197455,73.97260273972603,20
2018,Petra Kvitova,100.45945945945945,4.469617151107853,2.668158331681724,WC_DNCTL,37,0.6964589663954542,-2.028866507825719,-1.6109072135578364,-0.2512914907361717,0.13916122039045564,71.23287671232876,22
2018,Qiang Wang,99.35714285714286,5.618845839799182,2.815410725242699,WC_DNCTL,28,0.4809078573940961,-1.3065850737437452,-0.6495588195956984,-0.3239421359723092,0.06651057515431813,58.9041095890411,31
2018,Rebecca Peterson,97.70588235294117,7.613919142326266,2.819370307616753,WBW_DNCTL,51,0.15801420580361575,-0.05269677437588844,-0.6237083864448018,-0.3915832479663394,-0.001130536839712093,50.68493150684932,37
2018,Sachia Vickery,91.14285714285714,4.44791772916671,2.943115239013435,WW_DCTL,42,-1.1253442771081614,-2.0425044284177,0.1841697619663779,-0.7051993462936481,-0.3147466351670208,12.32876712328767,65
2018,Samantha Stosur,106.46428571428571,7.330717426651909,2.2754316010011366,WW_DCTL,28,1.8706651389851765,-0.23068688491226966,-4.174853392466272,0.28699046442256265,0.67744317554919,100,1
2018,Serena Williams,104.30051813471502,8.196979228968326,2.5906432102844916,WW_DCTL,193,1.4475539380675175,0.31375202705052524,-2.1169705491745305,0.09127015436048486,0.4817228654871122,98.63013698630137,2
2018,Shuai Zhang,94.3076923076923,4.047411328434319,2.5309638736577575,WC_DNCTL,26,-0.5064805784638134,-2.294219635605412,-2.506591614281899,-0.45490550589995987,-0.06445279477333254,38.35616438356164,46
2018,Simona Halep,91.97368421052632,8.464510464940975,2.9505531727554857,WC_DNCTL,38,-0.962881246570404,0.48189336104392727,0.23272887523034216,-0.5947140838259437,-0.20426137269931638,17.80821917808219,61
2018,Sloane Stephens,92.60144927536231,6.932984585049379,3.01392373558461,WC_DNCTL,138,-0.8401257191354234,-0.48065893141704785,0.6464483899153687,-0.6425165812010063,-0.25206387007437897,15.068493150684931,63
2018,Sorana Cirstea,99.92682926829268,6.4046477026548425,3.117345384326271,WC_DNCTL,41,0.592306467782692,-0.8127146178521617,1.3216444496489725,-0.4056779109141611,-0.015225199787533783,46.57534246575342,40
2018,Tamara Zidansek,90.125,7.994958088614954,2.6940484393180983,WBW_DNCTL,32,-1.324379867687788,0.1867832867074092,-1.4418816867474413,-0.6338996843654052,-0.2434469732387779,16.43835616438356,62
2018,Tatjana Maria,103.02941176470588,10.25782640883971,2.71666701449378,WC_DNCTL,68,1.1989970469362807,1.6089787048637294,-1.2942146071637775,0.007020940648124474,0.3974736517747518,93.15068493150685,6
2018,Taylor Townsend,85.72058823529412,7.593881252998077,2.860142521426015,WC_DNCTL,68,-2.185635008348653,-0.06529043443881405,-0.3575239033546567,-0.8358975076774975,-0.44544479655087016,6.8493150684931505,69
2018,Timea Babos,101.51923076923077,9.989190990845241,2.952334273343174,WC_DNCTL,52,0.9036906098533856,1.440143400921565,0.24435692519307545,-0.1626267985037298,0.22782591262289753,80.82191780821918,15
2018,Venus Williams,103.56842105263158,9.663104465229331,3.1301908086413865,WBC_DNCTL,95,1.3043969379750686,1.2352005155983048,1.4055067743043945,-0.236314777387715,0.15413793373891232,72.6027397260274,21
2018,Vera Lapko,102.65,10.163272369820554,3.1037016960573487,WW_DCTL,20,1.1248054521815225,1.5495522151032197,1.232570598366431,-0.1346642761597619,0.25578843496686543,82.1917808219178,14
2018,Vera Zvonareva,95.63636363636364,7.511513361565199,2.872063488027499,WC_DNCTL,44,-0.24666722013143172,-0.11705802372010356,-0.2796969708364595,-0.44166540133957893,-0.051212690212951606,42.465753424657535,43
2018,Victoria Azarenka,94.04938271604938,7.395777907982198,2.762460422411703,WC_DNCTL,81,-0.5569914016041961,-0.18979687040104495,-0.9952488783811172,-0.4628012639312759,-0.07234855280464858,36.986301369863014,47
2018,Viktoria Kuzmova,102.94594594594595,6.359358571541743,2.5967968656181815,WW_DCTL,37,1.1826758287312746,-0.8411784900915033,-2.076795944680991,-0.02174250011901674,0.3687102110076106,91.78082191780823,7
2019,Alison Riske,93.37931034482759,5.396470378136161,2.9931567876437533,WBW_DNCTL,87,-0.6880198578793604,-1.4463463492280082,0.5108697988470285,-0.7078692808071925,-0.3041073264254501,13.846153846153847,57
2019,Alison Van Uytvanck,100.41304347826087,4.292505546267156,2.781526464929153,WC_DNCTL,46,0.6873826119236869,-2.140179795768931,-0.8707747770771233,-0.30679056327318616,0.09697139110855624,66.15384615384615,23
2019,Alizé Cornet,95.16666666666667,7.01129032991756,3.1325325221938862,WBW_DNCTL,60,-0.3385135213664749,-0.43144437015800685,1.420794828429523,-0.6460114052276138,-0.2422494508458714,16.923076923076923,55
2019,Anastasia Pavlyuchenkova,98.92105263157895,5.6538988171873825,2.711284244163384,WW_DCTL,38,0.39563314453264786,-1.284554545767957,-1.3293564305803889,-0.2548877961966793,0.1488741581850631,72.3076923076923,19
2019,Anastasia Potapova,98.90384615384616,7.434048893857198,3.0126585952015166,WC_DNCTL,52,0.3922685255570156,-0.16574384872352005,0.63818882519108,-0.3714651560223607,0.032296798359381707,52.307692307692314,32
2019,Anastasija Sevastova,94.60526315789474,8.231578856417327,2.7463840917077533,WW_DCTL,38,-0.4482924620616714,0.33549762805968947,-1.1002044198789631,-0.36685441586195094,0.03690753851979145,53.84615384615385,31
2019,Andrea Petkovic,94.84615384615384,5.098369219688316,3.1372688408397074,WBW_DNCTL,117,-0.401187796402797,-1.6337006454998777,1.4517162431063422,-0.7187940491382308,-0.31503209475648836,10.76923076923077,59
2019,Angelique Kerber,85.48333333333333,7.012075943652352,3.0085230263118343,WBW_DNCTL,60,-2.2320287187637726,-0.43095061793916306,0.6111894507559913,-0.9855650127257967,-0.5818030583440543,1.5384615384615385,65
2019,Anna Blinkova,97.40677966101696,8.485522445598244,3.1691353132893383,WBW_DNCTL,59,0.09952654734499784,0.49509923005100626,1.6597589198320413,-0.5262962181610544,-0.12253426377931204,33.84615384615385,44
2019,Anna Kalinskaya,95.25806451612904,6.643130496663371,2.9379545857411364,WBW_DNCTL,31,-0.3206412442270852,-0.6628300072821753,0.1504780465711692,-0.5705825511161806,-0.16682059673443822,23.076923076923077,51
2019,Ashleigh Barty,99.25,9.067393555993949,2.694780980266752,WC_DNCTL,140,0.4599567425962398,0.8608007690075937,-1.4370992377327296,-0.17276189294697525,0.23100006143476715,83.07692307692308,12
2019,Belinda Bencic,99.3475935828877,6.279513720434082,2.8578029362947213,WC_DNCTL,187,0.479040556609972,-0.891360367840983,-0.37279806192088455,-0.32242332744077146,0.08133862694097094,63.07692307692307,25
2019,Bianca Andreescu,101.63230240549828,5.91073143189231,3.0492536929879064,WC_DNCTL,291,0.9258010602837231,-1.1231372133488193,0.8771026902432321,-0.3224977681123496,0.0812641862693928,61.53846153846154,26
2019,Caroline Garcia,100.41935483870968,5.608173758294745,1.9913423932267362,WC_DNCTL,31,0.6886167589384268,-1.313292395279933,-6.02955128247242,0.06964052637473023,0.4734024807564726,98.46153846153847,2
2019,Caroline Wozniacki,99.14285714285714,6.068339333626724,3.1238595316197504,WC_DNCTL,98,0.4390056277983835,-1.0240818535169876,1.364172553180451,-0.45037663630013586,-0.046614681918393464,41.53846153846154,39
2019,Catherine Mcnally,103.38297872340425,5.028411416054048,2.7296722385627428,WC_DNCTL,47,1.2681348517135163,-1.6776685895926446,-1.2093090177233052,-0.142140744723329,0.2616212096584134,84.61538461538461,11
2019,Coco Gauff,102.00980392156863,8.905994308028607,3.0464259636733653,WC_DNCTL,102,0.9996191178795648,0.7593625770904494,0.8586416454387679,-0.21552704161503727,0.18823491276670512,80,14
2019,Danielle Collins,101.49180327868852,5.548642328893535,2.949913238826623,WW_DCTL,61,0.898327335825686,-1.3507074429758097,0.2285510181519149,-0.2554990072654751,0.1482629471162673,70.76923076923077,20
2019,Dayana Yastremska,95.43478260869566,7.476180885479636,2.9424955222917832,WBW_DNCTL,23,-0.2860851278143536,-0.13926421448776385,0.18012389445506527,-0.5401933999604316,-0.1364314455786892,27.692307692307693,48
2019,Donna Vekic,104.63473053892216,5.22431673221672,2.857484664416435,WW_DCTL,167,1.5129070809100202,-1.554543597939863,-0.3748759239619318,-0.09858772484280148,0.3051742295389409,86.15384615384616,10
2019,Ekaterina Alexandrova,98.50909090909092,8.06655814268764,3.079824486955713,WW_DCTL,55,0.31507660935773707,0.23178337263013082,1.0766864319562564,-0.35562117928436204,0.04814077509738035,56.92307692307692,29
2019,Elina Svitolina,100.34574468085107,6.981460014528733,2.899721294254921,WW_DCTL,188,0.6742227535076427,-0.45019249504400705,-0.0991308900125315,-0.23729067639125528,0.1664712779904871,76.92307692307693,16
2019,Elise Mertens,98.58928571428571,7.1162212508187865,2.99588420770119,WC_DNCTL,112,0.33075820134279627,-0.3654960895643638,0.5286759670760767,-0.38666917458393685,0.017092779797805546,49.23076923076923,34
2019,Fiona Ferro,88.27472527472527,8.049935726542492,2.977180509516897,WBW_DNCTL,91,-1.6861895040046013,0.22133631131903794,0.4065674581697207,-0.8277628488853923,-0.4240008945036499,4.615384615384616,63
2019,Garbiñe Muguruza,97.41818181818182,5.72418814910289,2.6682283903834643,WC_DNCTL,55,0.10175616777957136,-1.2403782386881113,-1.6104498300221772,-0.33666289816755696,0.06709905621418544,58.46153846153847,28
2019,Jelena Ostapenko,97.72151898734177,6.29801903910607,3.0486007369897834,WBW_DNCTL,79,0.16107185174581903,-0.8797299167044313,0.8728398176002583,-0.5282949563683874,-0.12453300198664502,32.30769230769231,45
2019,Johanna Konta,98.0952380952381,7.859640764988935,2.766607525052442,WW_DCTL,84,0.23415028310824282,0.10173738459367701,-0.9681742049794938,-0.24528238138222674,0.15847957299951565,73.84615384615385,18
2019,Julia Goerges,105.94852941176471,6.015190465801501,2.7272256893691127,WC_DNCTL,136,1.7698122236347171,-1.057485510117616,-1.2252814992644743,-0.007335746784287889,0.3964262075974545,93.84615384615384,5
2019,Kaia Kanepi,96.61363636363636,6.581213251725965,2.6829115790130933,WW_DCTL,44,-0.055567657884326896,-0.7017445217803475,-1.5145895219756946,-0.30829705936101043,0.09546489502073197,64.61538461538461,24
2019,Karolina Muchova,102.70370370370371,7.604729372693603,2.8941900592920797,WBC_DNCTL,27,1.1353068751542748,-0.05847247424700953,-0.13524197601639104,-0.2330438590725613,0.17071809530918108,78.46153846153847,15
2019,Kiki Bertens,102.31481481481481,5.859435461486332,2.535812720048804,WW_DCTL,54,1.0592620881102044,-1.1553763381044382,-2.4749355537053934,-0.036451138819393936,0.36731081556234846,90.76923076923077,7
2019,Kirsten Flipkens,90.56521739130434,6.137868518605691,2.778202699465312,WW_DCTL,46,-1.2382981134096434,-0.9803832929682199,-0.8924742314173814,-0.6073471098317815,-0.20358515545003913,20,53
2019,Kristie Ahn,93.01869158878505,6.357258974443005,2.9313644155914345,WBW_DNCTL,107,-0.7585365974696935,-0.8424980707967131,0.10745362207018617,-0.6671525070309523,-0.2633905526492099,15.384615384615385,56
2019,Kristina Mladenovic,91.19685039370079,9.000034717815524,2.938053440856433,WW_DCTL,127,-1.1147862350053048,0.8184662548100669,0.15112342967175763,-0.5633624205027803,-0.1596004661210379,24.615384615384617,50
2019,Laura Siegemund,90,5.495824017620384,2.9465263554118515,WC_DNCTL,50,-1.3488228349519529,-1.3839033473137023,0.20643949349286564,-0.7626422936683079,-0.35888033928656554,7.6923076923076925,61
2019,Lauren Davis,88.14754098360656,10.109131293989888,2.856659144324549,WBW_DNCTL,61,-1.7110595957192463,1.515524963366018,-0.3802653943489768,-0.7194053796744715,-0.3156434252927291,9.230769230769232,60
2019,Lin Zhu,93.92307692307692,7.396245901894795,2.6690150389312803,WC_DNCTL,39,-0.5816897085073978,-0.1895027398092328,-1.6053141354520073,-0.42811893756774727,-0.024356983186004877,44.61538461538462,37
2019,Madison Brengle,80.6470588235294,5.555866004397832,2.910992253015045,WW_DCTL,17,-3.177731914952988,-1.346167418214917,-0.02554758287279244,-1.0833560335340267,-0.6795940791522843,0,66
2019,Madison Keys,105.41322314049587,8.07431051905528,2.612998981660943,WC_DNCTL,121,1.6651364343153068,0.23665568183669783,-1.9710192040805254,0.08180192137940473,0.4855638757611471,100,1
2019,Magda Linette,102.24,9.27936779455727,2.5028246923615067,WC_DNCTL,25,1.0446325195550599,0.9940249553897638,-2.690300388668364,0.03652713663679802,0.4402890910185404,95.38461538461539,4
2019,Mandy Minella,93.1891891891892,7.6588287392823755,2.730659938324328,WW_DCTL,37,-0.7251968593473158,-0.024471436449074593,-1.2028607450904822,-0.4348396250769306,-0.031077670695188186,43.07692307692308,38
2019,Margarita Gasparyan,96.91666666666667,5.815396854876728,2.5587462305923774,WBC_DNCTL,24,0.0036880203318317923,-1.1830542652654612,-2.3252123947412673,-0.37876336548671585,0.02499858889502654,50.76923076923077,33
2019,Maria Sakkari,96.98837209302326,11.091591076705772,2.8576033410463992,WBW_DNCTL,86,0.017709567444608068,2.1329934165734956,-0.37410113460294186,-0.3318948755837921,0.07186707879795029,60,27
2019,Maria Sharapova,99.22222222222223,7.159358229367368,2.7269287057870435,WC_DNCTL,27,0.45452497209309334,-0.33838482873818965,-1.2272203790527823,-0.24520603948545544,0.15855591489628695,75.38461538461539,17
2019,Mihaela Buzarnescu,86,5.798706752371601,2.5125426336449204,WBC_DNCTL,49,-2.1309977874052253,-1.1935438669356961,-2.626856073642276,-0.8019479110156549,-0.3981859566339125,6.153846153846154,62
2019,Misaki Doi,98.28571428571429,11.382944635349352,2.2359263506290326,WBC_DNCTL,7,0.2713967094155414,2.316106898017826,-4.432766408885716,-0.01767711677338263,0.38608483760835977,92.3076923076923,6
2019,Naomi Osaka,100.28,8.658409420400215,2.766139498313769,WC_DNCTL,150,0.6613667928529576,0.6037573703522715,-0.971229752958539,-0.17376083322991037,0.23000112115183202,81.53846153846153,13
2019,Natalia Vikhlyantseva,104.56862745098039,4.6957636310222615,2.9013799981979265,WB_DNCTL,51,1.4999810359930532,-1.886735176235683,-0.08830191580637164,-0.5437315969520304,-0.13996964257028804,26.153846153846157,49
2019,Ons Jabeur,97.17777777777778,6.879775659955282,2.6390471691636614,WW_DCTL,45,0.054746663061419364,-0.5141003335514556,-1.8009616409007883,-0.2577435449967164,0.14601840938502597,69.23076923076923,21
2019,Petra Kvitova,98.625,4.204317073114497,2.8184539577019216,WW_DCTL,40,0.337741906275416,-2.1956055761075133,-0.6296908462040436,-0.3562974404205334,0.04746451396120899,55.38461538461539,30
2019,Petra Martic,103.4659090909091,9.413793821121379,2.9374852429017593,WC_DNCTL,88,1.2843513657785246,1.0785106841225105,0.14741390632908866,-0.09480300835853966,0.30895894602320273,87.6923076923077,9
2019,Qiang Wang,96.0925925925926,6.076945084472653,2.7365071799324925,WC_DNCTL,162,-0.15745450459488447,-1.0186732049829628,-1.1646865857903848,-0.40879311744009433,-0.0050311630583519396,46.15384615384615,36
2019,Serena Williams,104.50961538461539,8.076320959312465,2.5756231454067446,WC_DNCTL,208,1.48844159594225,0.23791922814944239,-2.2150301792983016,0.06116119539438025,0.46492314977612265,96.92307692307692,3
2019,Shuai Peng,92.3132530120482,9.064710064704522,3.044178173456829,WC_DNCTL,83,-0.8964806937741566,0.859114215272949,0.8439667769196616,-0.6026884913116817,-0.19892653692993928,21.53846153846154,52
2019,Shuai Zhang,94.16030534351145,5.538420760598888,2.810841681888082,WC_DNCTL,131,-0.5353011763889112,-1.3571316204080937,-0.6793881648761596,-0.5350061958871426,-0.1312442415054002,29.230769230769234,47
2019,Simona Halep,92.55357142857143,6.516886157882857,3.136005856497886,WC_DNCTL,56,-0.8494879322697293,-0.7421736078695872,1.4434707542606438,-0.7090034922396253,-0.30524153785788294,12.307692307692308,58
2019,Sloane Stephens,94.0909090909091,6.191544821183746,2.8422415598718747,WC_DNCTL,33,-0.5488711790338326,-0.9466481476626811,-0.47439168542792226,-0.5314600919929331,-0.1276981376111907,30.76923076923077,46
2019,Sofia Kenin,96.53658536585365,7.216570646784393,2.8240925775309247,WC_DNCTL,82,-0.07063449801611822,-0.30242726232351713,-0.5928786899756254,-0.39367166624325384,0.010090288138488557,47.69230769230769,35
2019,Sorana Cirstea,95.03225806451613,6.954537468289999,2.9143481368424515,WW_DCTL,31,-0.3647962818655779,-0.4671131092766666,-0.003638441365597115,-0.4596384703558581,-0.05587651597411569,40,40
2019,Svetlana Kuznetsova,91.80952380952381,8.055412042989863,2.800221674192613,WW_DCTL,42,-0.9949817850326151,0.22477813428779642,-0.7487216887327823,-0.5083835465296462,-0.10462159214790384,36.92307692307693,42
2019,Taylor Townsend,94.82738095238095,6.525855553435555,2.9230471873963024,WC_DNCTL,168,-0.4048587182263523,-0.7365364114208732,0.053153968433005384,-0.5259245643572195,-0.12216260997547707,35.38461538461539,43
2019,Timea Babos,102.51020408163265,8.909551169437007,2.698508762695186,WC_DNCTL,49,1.0974692357309856,0.7615980372596657,-1.4127621280671308,-0.04701038941731067,0.3567515649644317,89.23076923076924,8
2019,Venus Williams,102.02127659574468,11.034509822847923,2.9160086715000877,WB_DNCTL,47,1.0018625274741053,2.0971182854517756,0.007202484799558641,-0.461722884549581,-0.0579609301678386,38.46153846153847,41
2019,Viktorija Golubic,87,5.512224177645117,2.874483800935062,WC_DNCTL,27,-1.935454049291907,-1.3735959722730333,-0.2638957748741821,-0.8530359285469908,-0.44927397416524845,3.076923076923077,64
2019,Yulia Putintseva,92.65714285714286,6.767110817762317,2.815233210800131,WBW_DNCTL,70,-0.8292351879651358,-0.5849093244777259,-0.650717736066537,-0.6199782992119276,-0.2162163448301852,18.461538461538463,54
2019,Zarina Diyas,95.65,8.22613097204456,2.580094401109086,WC_DNCTL,40,-0.2440007146117043,0.3320736744321866,-2.1858392481053235,-0.29521668086939196,0.10854527351235044,67.6923076923077,22
2021,Ajla Tomljanovic,99.22448979591837,7.9063932625293,2.854893115651046,WC_DNCTL,49,0.4549683819300849,0.13112097143123,-0.3917950461794566,-0.27703378009244756,0.042509527948265735,57.95454545454546,38
2021,Aliaksandra Sasnovich,98.66666666666667,9.042383860595221,2.3355055565170972,WW_DCTL,18,0.3458895620301385,0.8450823668859789,-3.7826560280797477,-0.0028534489671422913,0.316689859073571,92.04545454545455,8
2021,Alison Riske,97.3125,6.377569058565669,2.571711491893328,WC_DNCTL,32,0.08109075000168596,-0.8297333383889728,-2.240567705255748,-0.2801162772266153,0.039427030814097985,55.68181818181818,40
2021,Alison Van Uytvanck,103.13953488372093,9.13283295991743,2.6315267474443464,WC_DNCTL,43,1.22053093328118,0.9019289334681805,-1.8500592831661935,0.013753623405648008,0.3332969314463613,95.45454545454545,5
2021,Alizé Cornet,96.88888888888889,5.916933412681016,2.734234255833719,WC_DNCTL,45,-0.0017437501713174772,-1.119239315896123,-1.1795255427615594,-0.38039183412762306,-0.06084852608690977,34.090909090909086,59
2021,Amanda Anisimova,100.89285714285714,4.030800726574622,2.392515945623278,WC_DNCTL,28,0.7812071694966902,-2.3046592717285312,-3.4104593888197647,-0.12962387265813324,0.18991943538258005,81.81818181818183,17
2021,Anastasia Pavlyuchenkova,99.75,5.999413116837252,2.8933835815608395,WW_DCTL,72,0.5577286116528989,-1.0674014531740723,-0.1405071269110212,-0.2883944733583221,0.031148834682391213,54.54545454545454,41
2021,Anastasia Potapova,99.89473684210526,5.76001817604213,2.981112632195753,WW_DCTL,38,0.5860309948008785,-1.2178593410174137,0.4322386186226422,-0.327112759609499,-0.00756945156878569,44.31818181818182,50
2021,Anastasija Sevastova,97.84210526315789,6.702098824619848,2.82584593404075,WC_DNCTL,19,0.18465174288406735,-0.6257688645340584,-0.5814317693246178,-0.35705673453490766,-0.03751342649419437,39.77272727272727,54
2021,Andrea Petkovic,96.65116279069767,4.829885737237785,3.0295519634006647,WBW_DNCTL,43,-0.04822960005872181,-1.8024404591156666,0.7484784578016165,-0.6079003704616524,-0.28835706242093906,10.227272727272728,80
2021,Anett Kontaveit,100.03448275862068,5.986842144283555,2.7746241336109896,WC_DNCTL,116,0.613357433702376,-1.0753022131996761,-0.9158371693876644,-0.2680149567782187,0.05152835126249461,61.36363636363637,35
2021,Angelique Kerber,90.10204081632654,7.214648999785329,2.858835130162196,WBW_DNCTL,147,-1.3288693922873274,-0.30363500275319966,-0.3660593061508899,-0.728559940483618,-0.40901663244290476,5.681818181818182,84
2021,Anhelina Kalinina,95.59375,5.656052282233151,2.6488970818788395,WBW_DNCTL,32,-0.25500004988057956,-1.2832011094703697,-1.7366557403961378,-0.46372247618293344,-0.14417916814222015,20.454545454545457,71
2021,Arantxa Rus,96.88888888888889,8.315435325132693,2.831797800846234,WC_DNCTL,45,-0.0017437501713174772,0.38820077676872133,-0.5425745565068202,-0.34948614464660716,-0.029942836605893863,42.04545454545455,52
2021,Aryna Sabalenka,107.42168674698796,6.684437796314136,2.943874719758744,WBW_DNCTL,166,2.0578789157933257,-0.6368686856380181,0.18912808948208987,-0.07897529355267163,0.24056801448804166,85.22727272727273,14
2021,Ashleigh Barty,103.33035714285714,7.26014467983943,2.631534062671736,WC_DNCTL,112,1.257845031147903,-0.2750413160854657,-1.8500115251506366,-0.03508061857917044,0.28446268946154285,87.5,12
2021,Astra Sharma,104.93548387096774,9.608799730354697,2.8048675851258853,WBW_DNCTL,31,1.5717175117082505,1.2010704054046955,-0.718390507648496,-0.032204741350184196,0.2873385666905291,88.63636363636364,11
2021,Barbora Krejcikova,101.04929577464789,4.857293214629916,2.70023128469924,WC_DNCTL,142,0.8117977643423863,-1.7852150693649982,-1.4015165128203007,-0.22933699798383683,0.09020631005687646,70.45454545454545,27
2021,Belinda Bencic,99.02453987730061,7.946542784459909,2.733243165220381,WC_DNCTL,163,0.415869427408114,0.15635463864046764,-1.185995952826636,-0.23212837084612675,0.08741493719458654,69.31818181818183,28
2021,Bernarda Pera,99.8076923076923,7.778901735926131,2.6942374312668553,WC_DNCTL,52,0.5690099811594362,0.05099352284386696,-1.440647838508947,-0.1888504132297189,0.1306928948109944,75,23
2021,Bianca Andreescu,98.14356435643565,7.885636742467034,2.9826388383724356,WC_DNCTL,202,0.24360018087185134,0.11807565745268969,0.44220257113524625,-0.3758509778145542,-0.056307669773840885,36.36363636363637,57
2021,Caroline Garcia,101.43478260869566,7.989422055905329,2.8280868080580874,WC_DNCTL,92,0.8871773008655551,0.18330393252492155,-0.5668020537353294,-0.17354970911561135,0.14599359892510194,78.4090909090909,20
2021,Christina Mchale,94.41379310344827,7.375234821343029,2.566996102101805,WC_DNCTL,29,-0.48573323224489456,-0.20270804310689297,-2.2713524843235944,-0.36543276513189243,-0.04588945709117914,37.5,56
2021,Clara Burel,99.60606060606061,7.627824861729072,3.120638257074695,WBC_DNCTL,33,0.5295821645002249,-0.043957136172427864,1.3431422185589774,-0.45428014827312857,-0.13473684023241528,21.59090909090909,70
2021,Clara Tauson,101.26086956521739,6.779406910362144,2.907728067886766,WC_DNCTL,69,0.853169694237151,-0.5771813243990637,-0.04685806248388807,-0.25105341161652756,0.06848989642418574,67.04545454545455,30
2021,Coco Gauff,104.30392156862744,10.40543385813229,2.9664475904905676,WW_DCTL,102,1.4482194582571748,1.7017488568842396,0.33649678414556844,-0.0018930104091398614,0.31765029763157343,93.18181818181817,7
2021,Coco Vandeweghe,100.77777777777777,10.609623111312795,3.0739957249318333,WW_DCTL,27,0.7587041202693635,1.8300802395434093,1.038632918020512,-0.184398643776768,0.13514466426394528,76.13636363636364,22
2021,Danielle Collins,105.27941176470588,7.530724308062182,2.702635688503781,WBW_DNCTL,68,1.6389704576912465,-0.10498409089676454,-1.385819180640943,-0.03750825426483517,0.2820350537758781,86.36363636363636,13
2021,Daria Kasatkina,93.01886792452831,9.590651333038531,2.9366784184153407,WW_DCTL,106,-0.7585021161192931,1.1896642766082273,0.14214649161703766,-0.4711080798107475,-0.1515647717700342,19.318181818181817,72
2021,Dayana Yastremska,99.53448275862068,10.023158302618324,2.9763829960394927,WBW_DNCTL,58,0.515585564645717,1.461491596368469,0.40136083108458537,-0.31156845995343213,0.007974848087281161,50,45
2021,Donna Vekic,107.53703703703704,4.0315405687023596,2.9270500131961046,WC_DNCTL,54,2.080434942701978,-2.3041942866143628,0.07928671956113262,-0.08796214655592077,0.23158116148479252,84.0909090909091,15
2021,Ekaterina Alexandrova,103.984375,5.958832812897463,2.8354467231239804,WBC_DNCTL,64,1.3857341277264803,-1.092905863578663,-0.51875229130234,-0.20585215139208368,0.11369115664862961,71.5909090909091,26
2021,Elena Rybakina,105.45744680851064,9.04191540943255,2.5466525353902725,WC_DNCTL,94,1.6737840956719965,0.8447879489159952,-2.404166998999003,0.1410681194475806,0.46061142748829387,98.86363636363636,2
2021,Elina Svitolina,99.45070422535211,6.786096568708629,2.6034016131502353,WC_DNCTL,71,0.4992031970767296,-0.5729769253342264,-2.033676350636252,-0.1946278103596782,0.1249154976810351,72.72727272727273,25
2021,Elise Mertens,100.32758620689656,9.978041859018724,2.833913039511471,WC_DNCTL,116,0.6706719776321436,1.4331362569095267,-0.5287650608205585,-0.16082982482431224,0.15871348321640105,79.54545454545455,19
2021,Emma Raducanu,96.46288209606988,7.560555099427309,2.878177281483937,WC_DNCTL,229,-0.08504671090081246,-0.08623566686330306,-0.23978260762490985,-0.40929596972662846,-0.08975266168591517,27.27272727272727,65
2021,Fiona Ferro,89.89024390243902,7.6190244305364,3.0904329221362707,WBC_DNCTL,82,-1.3702849525497558,-0.04948813981420165,1.1459444037735877,-0.835378514376842,-0.5158352063361287,1.1363636363636365,88
2021,Garbine Muguruza,99.35593220338983,5.246522804756694,2.6598833080174327,WC_DNCTL,177,0.4806711216336669,-1.5405872513246694,-1.664931331721803,-0.26901812909231587,0.05052517894839742,60.22727272727273,36
2021,Greet Minnen,99.41044776119404,7.861787937386671,2.9391098053207183,WC_DNCTL,134,0.4913312975920345,0.10308686601014251,0.15801998501201886,-0.3067027936660937,0.012840514374619583,51.13636363636363,44
2021,Harriet Dart,96.70588235294117,9.658766210333614,2.9857915043425254,WC_DNCTL,51,-0.037529532309702365,1.2324739556034787,0.46278498948344027,-0.38189307917816323,-0.06234977113744994,32.95454545454545,60
2021,Heather Watson,101.85185185185185,5.749272219518837,2.653811355748633,WC_DNCTL,27,0.9687325797244093,-1.2246130924374767,-1.7045725315737312,-0.15011087244551685,0.16943243559519644,80.68181818181817,18
2021,Iga Swiatek,98.87218045112782,8.880872819030614,2.8519881173700887,WC_DNCTL,133,0.38607649567748586,0.7435739135474195,-0.4107605472781182,-0.2606392312179619,0.058904076822751394,64.77272727272727,32
2021,Jasmine Paolini,97.51785714285714,5.460572968366702,2.8541312727021677,WBC_DNCTL,56,0.12124705336424156,-1.406058361940806,-0.39676879551992106,-0.4908858453123619,-0.1713425372716486,18.181818181818183,73
2021,Jessica Pegula,99.85148514851485,6.22637316359028,2.899028457888004,WC_DNCTL,101,0.5775733969564787,-0.9247588010534045,-0.10365412466092713,-0.3211628709837225,-0.0016195629430091896,46.590909090909086,48
2021,Jil Teichmann,99.97222222222223,6.665416549457189,3.0164309060164665,WW_DCTL,36,0.6011827756780819,-0.648823393689649,0.6628166417975135,-0.3116634307962601,0.007879877244453215,48.86363636363637,46
2021,Kaia Kanepi,98.22222222222223,5.9142013643245,2.5880472015925524,WC_DNCTL,36,0.2589812339797752,-1.120956387375754,-2.133918788360022,-0.264204554789159,0.055338753251554296,63.63636363636363,33
2021,Kaja Juvan,98.16666666666667,9.224688167893362,2.9432707653262904,WC_DNCTL,66,0.24811769297347944,0.9596592285762013,0.18518512726854194,-0.31770789161612084,0.001835416424592451,47.72727272727273,47
2021,Kamilla Rakhimova,96.11504424778761,6.145195876788313,2.8663141821205205,WW_DCTL,113,-0.1530642240112203,-0.9757781044376382,-0.31723174950056493,-0.4197573315813879,-0.1002140235406746,26.136363636363637,66
2021,Karolina Muchova,98.65306122448979,8.65436070334912,2.8743439058532645,WBW_DNCTL,49,0.34322910300818643,0.6012127826765261,-0.2648090905015678,-0.34518295050253206,-0.025639642461818768,43.18181818181818,51
2021,Katerina Siniakova,96.55555555555556,5.969756513589245,2.800262957204854,WC_DNCTL,63,-0.06692499620908926,-1.0860404013092455,-0.7484521694634774,-0.420416308667872,-0.1008730006271587,25,67
2021,Katie Boulter,104.11428571428571,5.6504629095709475,2.608714174525201,WW_DCTL,35,1.4111373544188799,-1.2867139874047628,-1.9989928916978839,-8.861784563769515e-4,0.31865712958433634,94.31818181818183,6
2021,Kristina Mladenovic,88.6923076923077,6.83858276092195,2.902416411915922,WW_DCTL,52,-1.6045338771001378,-0.5399897552832343,-0.08153561042293704,-0.7149607696843066,-0.39541746164359326,6.8181818181818175,83
2021,Lauren Davis,93.93939393939394,6.3734772394048855,2.8887750917897486,WC_DNCTL,33,-0.5784990181419121,-0.8323050154107328,-0.1705940011063441,-0.5519170212968725,-0.2323737132561592,14.772727272727273,76
2021,Liudmila Samsonova,106.15873015873017,8.05065885744232,2.8272474964621033,WC_DNCTL,63,1.8109156634505539,0.2217907935543813,-0.5722815630004815,0.020075594678378716,0.339618902719092,96.5909090909091,4
2021,Madison Brengle,86.07692307692308,9.79356146423997,2.0681873374585056,WB_DNCTL,26,-2.1159559613965078,1.3171917408945806,-5.527863249192805,-0.7843070046457786,-0.46476369660506534,2.272727272727273,87
2021,Magda Linette,96.64285714285714,7.484355978678754,2.573669186292685,WW_DCTL,56,-0.04985371748491179,-0.13412623098829443,-2.2277867492306678,-0.23332203928556766,0.08622126875514563,68.18181818181817,29
2021,Maria Sakkari,103.57692307692308,8.58283242332902,2.736384971801631,WC_DNCTL,156,1.3060594555865592,0.5562578061964608,-1.1654844308202128,-0.029780918406205004,0.2897623896345083,89.77272727272727,10
2021,Marie Bouzkova,99.1842105263158,6.888514777974472,2.3830198366503312,WC_DNCTL,38,0.4470920229835225,-0.5086078647698937,-3.4724554548209023,-0.10850100870905416,0.21104229933165913,82.95454545454545,16
2021,Marketa Vondrousova,99.85245901639344,7.52514909170968,2.980668685631763,WBC_DNCTL,61,0.5777638307218856,-0.10848807169886958,0.4293402798861644,-0.3878023412673919,-0.06825903322667859,30.681818181818183,62
2021,Marta Kostyuk,100.16666666666667,9.571105505951786,2.117492461184755,WBW_DNCTL,12,0.6392051692001157,1.1773798738975634,-5.205971018023693,0.06608370499952015,0.38562701304023345,97.72727272727273,3
2021,Martina Trevisan,91.23584905660377,7.404698491392318,2.9944090071202174,WBW_DNCTL,106,-1.1071602906798341,-0.18419035201030895,0.5190450084546634,-0.7345999892919692,-0.41505668125125594,4.545454545454546,85
2021,Misaki Doi,94.55555555555556,6.185176655230654,3.0739957249318333,WW_DCTL,27,-0.45801247243572546,-0.9506504912191314,1.038632918020512,-0.5701660279168921,-0.2506227198761788,12.5,78
2021,Nadia Podoroska,93.71641791044776,10.039023811876927,3.0272623466209283,WBW_DNCTL,67,-0.6221005843517111,1.4714629474951049,0.7335305213996395,-0.568505018939798,-0.2489617108990847,13.636363636363635,77
2021,Nao Hibino,86.17241379310344,9.55087492445902,2.8159368244767573,WW_DCTL,29,-2.0972833497994814,1.1646651082841613,-0.6461241409361829,-0.6983254792232199,-0.37878217118250657,7.954545454545454,82
2021,Naomi Osaka,107.24137931034483,9.113001592755081,2.586453306130082,WW_DCTL,29,2.022620925622497,0.8894650710056636,-2.1443246554969466,0.23988815422392518,0.5594314622646385,100,1
2021,Nina Stojanovic,101.23214285714286,10.538226642999323,3.0430140314442555,WBC_DNCTL,56,0.8475523663565676,1.7852081057120086,0.8363665876998654,-0.2674329793732316,0.052110328667481665,62.5,34
2021,Ons Jabeur,96.7948717948718,6.84780555305427,2.608253115139359,WC_DNCTL,78,-0.020128204181970557,-0.5341933010238495,-2.002002952786751,-0.3024461155760551,0.017097192464658184,52.27272727272727,43
2021,Paula Badosa,99.33333333333333,9.795660006092236,2.8946101977759153,WW_DCTL,75,0.47625205410568205,1.3185106583854607,-0.13249907013276077,-0.19113709424532982,0.12840621379538347,73.86363636363636,24
2021,Petra Kvitova,98.75,6.752914322857343,2.6689869584530608,WC_DNCTL,28,0.36218487353958073,-0.5938317128585612,-1.6054974609789157,-0.251947434029611,0.06759587401110229,65.9090909090909,31
2021,Petra Martic,96.75,8.91026695126791,2.7942086837942446,WW_DCTL,36,-0.02890260268705549,0.7620479006614431,-0.7879779515519499,-0.27981077432978013,0.03973253371093316,56.81818181818182,39
2021,Polona Hercog,101.14285714285714,10.222394753547453,2.4393634033505274,WBW_DNCTL,28,0.8300931040250197,1.5867101807238286,-3.104612216096889,-0.011731318738256225,0.30781198930245707,90.9090909090909,9
2021,Rebecca Peterson,96.1,10.833589740555373,2.8661950105486844,WBW_DNCTL,70,-0.15600603246071337,1.9708415516718472,-0.3180097701250181,-0.37934330530338173,-0.059799997262668436,35.22727272727273,58
2021,Sara Errani,91.11111111111111,6.406695843723731,2.905764584655453,WBC_DNCTL,18,-1.1315520148260432,-0.8114273768678425,-0.05967681133643445,-0.7438994194670723,-0.424356111426359,3.4090909090909087,86
2021,Sara Sorribes Tormo,91.6375,7.515795602882226,2.9698053002953984,WB_DNCTL,80,-1.0286199637913938,-0.11436666783072942,0.3584178466845507,-1.0116678366378655,-0.6921245285971522,0,89
2021,Shelby Rogers,99.64285714285714,8.10847903778852,2.6812047075415304,WC_DNCTL,154,0.5367774968550425,0.2581303343179242,-1.525732961536881,-0.18002605350903084,0.13951725453168246,77.27272727272727,21
2021,Shuai Zhang,93.73770491803279,5.400313692568431,2.9477602003429024,WW_DCTL,61,-0.6179380433152877,-1.4439308555259422,0.2144947434903672,-0.5732650757987297,-0.25372176775801636,11.363636363636363,79
2021,Simona Halep,97.98958333333333,6.351949210433741,2.9809729366057893,WC_DNCTL,96,0.21349015601591084,-0.8458352168329955,0.43132660539278844,-0.4277052233804976,-0.10816191533978431,23.863636363636363,68
2021,Sloane Stephens,97.73737373737374,7.653978368737343,2.9976882497686494,WC_DNCTL,99,0.1641721488339241,-0.02751985720951021,0.5404537922254813,-0.4057148458182302,-0.0861715377775169,28.40909090909091,64
2021,Sorana Cirstea,100.28282828282828,6.942975313574592,2.9333780021271845,WBW_DNCTL,99,0.6619198458496404,-0.4743798350128921,0.12059947413706947,-0.35596969468765555,-0.036426386646942255,40.909090909090914,53
2021,Stefanie Voegele,102.38461538461539,4.416567997268233,3.0154195262217147,WC_DNCTL,39,1.072911152451449,-2.0622074949496554,0.6562137722762943,-0.32273814595792555,-0.0031948379172122565,45.45454545454545,49
2021,Tamara Zidansek,99.13793103448276,6.651057642407733,3.129978341443846,WBW_DNCTL,87,0.4380423581525065,-0.6578478568601087,1.4041196661278428,-0.49488554670787294,-0.17534223866715964,17.045454545454543,74
2021,Tereza Martincova,98.6,7.453765537609509,2.647742678581274,WBC_DNCTL,30,0.3328533128225819,-0.15335208904606262,-1.7441923496780765,-0.2989593428603443,0.02058396518036898,53.40909090909091,42
2021,Varvara Gracheva,99.50704225352112,7.660423784317157,2.97160594022776,WBW_DNCTL,71,0.5102197457028309,-0.02346896285397226,0.37017346073752755,-0.3820114002286788,-0.06246809218796551,31.818181818181817,61
2021,Vera Zvonareva,99.51351351351352,2.7850954663631833,2.572751274371896,WBW_DNCTL,37,0.511485160072047,-3.087575492531857,-2.233779406664,-0.3591852837709501,-0.03964197573023681,38.63636363636363,55
2021,Veronika Kudermetova,103.68888888888888,5.142612628466648,3.068484765870544,WC_DNCTL,45,1.327953668999245,-1.6058940017434655,1.0026542047742133,-0.27055171957245966,0.04899158846825363,59.09090909090909,37
2021,Victoria Azarenka,96.5,6.8478558520892046,2.9127659815488642,WBW_DNCTL,132,-0.07778853721538502,-0.5341616884654067,-0.013967661921587694,-0.5033501326990817,-0.1838068246583684,15.909090909090908,75
2021,Viktorija Golubic,89.32,8.593146231861889,2.822153732942029,WC_DNCTL,75,-1.4817925768690103,0.5627399559124155,-0.6055365835867418,-0.6436896523394982,-0.32414634429878486,9.090909090909092,81
2021,Yulia Putintseva,94.15384615384616,7.269017290392432,2.4565635841267985,WBW_DNCTL,52,-0.5365642304812455,-0.2694649482682205,-2.992319534360075,-0.39146020330038706,-0.07191689525967376,29.545454545454547,63
2021,Zarina Diyas,95.325,7.043409358017989,2.8321866001074065,WC_DNCTL,40,-0.30755242949853323,-0.411257806851695,-0.5400362511097878,-0.45144254500217934,-0.13189923696146605,22.727272727272727,69
2022,Ajla Tomljanovic,100.63716814159292,7.702112357406819,2.989171715964742,WC_DNCTL,113,0.7312087863950245,0.0027319862280777885,0.48485295683994,-0.28313279689444243,0.06619038571687291,57.14285714285714,34
2022,Aleksandra Krunic,96.35135135135135,7.549711837796544,2.6087551860759963,WC_DNCTL,74,-0.1068558496376344,-0.09305057379859122,-1.9987251446851693,-0.29943105306075773,0.04989212955055761,54.54545454545454,36
2022,Aliaksandra Sasnovich,91.68518518518519,11.153853846336554,2.9448072748167786,WC_DNCTL,54,-1.0192954244276564,2.17212509069664,0.195216345744979,-0.5227279036432071,-0.17340472103189175,20.77922077922078,62
2022,Alison Van Uytvanck,99.80392156862744,6.079538166154193,2.9165196888399536,WBW_DNCTL,51,0.5682726367472432,-1.017043472994835,0.010538700171592476,-0.39427723144590815,-0.04495404883459281,38.961038961038966,48
2022,Alizé Cornet,96.09016393442623,5.726557095781942,3.0746538457437977,WW_DCTL,122,-0.1579294134913351,-1.2388893738334077,1.0429295095414717,-0.5221149365401034,-0.1727917539287881,22.07792207792208,61
2022,Amanda Anisimova,93.86842105263158,8.45391658035806,3.0177941349118993,WW_DCTL,38,-0.5923773217241176,0.4752351856743579,0.6717165847969763,-0.5055544611125424,-0.1562312785012271,24.675324675324674,59
2022,Ana Konjuh,100.52941176470588,10.278117818080942,2.6312929881819,WC_DNCTL,17,0.7101377016529854,1.6217317002514362,-1.8515853981996553,-0.0573186045915654,0.29200457801974994,88.31168831168831,10
2022,Anastasia Potapova,92.97058823529412,6.443718654362242,2.8240816203523518,WW_DCTL,68,-0.7679429070270963,-0.7881588237723048,-0.5929502247450692,-0.5201752943402453,-0.17085211172893,23.376623376623375,60
2022,Andrea Petkovic,93.875,7.497649204233523,2.9291945732530333,WC_DNCTL,40,-0.5910908497628451,-0.12577154047999567,0.09328764217180721,-0.5377807785549953,-0.18845759594367995,18.181818181818183,64
2022,Anhelina Kalinina,98.4074074074074,5.198071086464961,3.0558392436106088,WW_DCTL,27,0.29519303733409163,-1.5710387853977872,0.9200969558126383,-0.43617019160104337,-0.08684700898972803,28.57142857142857,56
2022,Anna Bondar,102.44444444444444,7.729975760151208,2.7188105993481084,WC_DNCTL,45,1.0846103504582278,0.020243921572763796,-1.2802200512370736,-0.09394728598719537,0.25537589662411997,84.4155844155844,13
2022,Anna Kalinskaya,100.03508771929825,6.994806523109796,2.8086154999424706,WW_DCTL,57,0.6134757299746784,-0.44180431656153735,-0.6939219621634325,-0.21068555290314878,0.13863762970816657,70.12987012987013,24
2022,Arantxa Rus,89.66666666666667,11.272385136547928,2.2516291673878226,WC_DNCTL,6,-1.4140040809897245,2.2466210992978075,-4.3302493814426715,-0.3058056095162501,0.043517573095065265,53.246753246753244,37
2022,Aryna Sabalenka,102.39408866995073,6.631933288311453,2.8859768666104295,WW_DCTL,203,1.0747635940781366,-0.6698673670224264,-0.18886242593143093,-0.15899533537290017,0.19032784723841517,77.92207792207793,18
2022,Barbora Krejcikova,102,6.421119001448987,2.529943077126098,WW_DCTL,40,0.9977020224078647,-0.8023625326394486,-2.5132559616825874,-0.029743275933246383,0.31957990667806896,90.9090909090909,8
2022,Beatriz Haddad Maia,102.47272727272727,9.583656121046115,2.9688679518144667,WBC_DNCTL,55,1.0901408804250687,1.1852678394157798,0.3522982961975609,-0.21442652438830856,0.13489665822300678,68.83116883116884,25
2022,Belinda Bencic,97.66666666666667,9.06282690227912,2.768156243783358,WC_DNCTL,90,0.1503458239168204,0.8579306621032333,-0.9580632775530513,-0.2682987850952026,0.08102439751611273,61.038961038961034,31
2022,Bernarda Pera,98.68181818181819,6.364981304999019,3.0792258015191027,WC_DNCTL,22,0.34885234594094644,-0.8376446451527673,1.0727778687807759,-0.4410947458964564,-0.09177156328514108,27.27272727272727,57
2022,Bianca Andreescu,93.61864406779661,8.463011013267737,2.9603345946633803,WBC_DNCTL,118,-0.6412196470334205,0.48095096714483615,0.29658762831693836,-0.6034165837445787,-0.2540934011332634,11.688311688311687,69
2022,Camila Giorgi,99.73737373737374,9.069556453148866,2.7595759094430936,WC_DNCTL,99,0.5552596250605603,0.862160133313583,-1.0140806395679884,-0.18053548407691405,0.1687876985344013,74.02597402597402,21
2022,Caroline Garcia,103.91735537190083,8.952268592242886,2.6620193195313626,WC_DNCTL,121,1.3726288591210032,0.788445610513037,-1.650986218920965,0.026834916058833425,0.37615809867014877,98.7012987012987,2
2022,Claire Liu,99.54166666666667,6.358692555430932,2.7689704621597437,WBW_DNCTL,24,0.5169903328792919,-0.8415970761191338,-0.952747591270852,-0.33365035079130506,0.01567283182001028,46.75324675324675,42
2022,Clara Burel,94.80952380952381,7.4782958235756105,2.764028384488182,WW_DCTL,105,-0.40835057069266073,-0.13793499208321805,-0.9850123193170197,-0.3888424606678325,-0.03951927805651717,40.25974025974026,47
2022,Coco Gauff,96.67032967032966,7.640615078578346,2.895067477853912,WBC_DNCTL,91,-0.04448163676751331,-0.03591858278525724,-0.12951368254114246,-0.4768109246903117,-0.12748774207899638,25.97402597402597,58
2022,Cristina Bucsa,91.04123711340206,7.221088222717883,2.97415487175976,WC_DNCTL,97,-1.1452154375349928,-0.2995880004290624,0.3868143531220235,-0.680103321466561,-0.3307801388552457,9.090909090909092,71
2022,Dalma Galfi,100.30232558139535,9.238117668521848,3.0113360211802793,WBC_DNCTL,86,0.6657324204945576,0.9680995669252149,0.6295543006141604,-0.3308914202801677,0.018431762331147628,48.05194805194805,41
2022,Danielle Collins,103.25342465753425,4.943559577296947,2.7964437652231218,WC_DNCTL,146,1.242801365385518,-1.7309973207538563,-0.7733860533147513,-0.17838257179424016,0.17094061081707518,75.32467532467533,20
2022,Daria Kasatkina,81.6086956521739,9.787698085680061,2.9204242978674206,WC_DNCTL,46,-2.989689854772406,1.313506652350856,0.036030235669459565,-0.9619181084593385,-0.6125949258480231,1.2987012987012987,77
2022,Dayana Yastremska,104.17647058823529,6.726116391442386,2.867346857269044,WC_DNCTL,34,1.4232972171250855,-0.6106740076283397,-0.31048985165082466,-0.1173273183201346,0.23199586429118074,83.11688311688312,14
2022,Donna Vekic,106.60526315789474,5.625902804111415,2.5539701754876747,WC_DNCTL,38,1.898232395298146,-1.3021498256909756,-2.3563932318967553,0.08128440013975252,0.43060758275106786,100,1
2022,Ekaterina Alexandrova,102.16666666666667,4.995032993877926,2.8160069711256437,WW_DCTL,48,1.0302926454267518,-1.6986466724355092,-0.6456661832309261,-0.1878611824410284,0.16146200017028695,71.42857142857143,23
2022,Elena Rybakina,100.57142857142857,9.693149274469205,2.522740045214949,WW_DCTL,21,0.7183538251031241,1.2540834482278467,-2.560281500568471,0.014266316185711891,0.36358949879702723,96.1038961038961,4
2022,Elisabetta Cocciaretto,93.27586206896552,6.755402873278215,2.7278279775131806,WBC_DNCTL,29,-0.7082485204428061,-0.5922676779676296,-1.2213494155407392,-0.5698893996376534,-0.22056621702633805,14.285714285714285,67
2022,Emma Raducanu,98.23333333333333,5.92879201124847,2.7337756156114947,WW_DCTL,30,0.2611539421810332,-1.1117862774680125,-1.182519810157689,-0.2840279231350514,0.06529525947626397,55.84415584415584,35
2022,Garbine Muguruza,102.42857142857143,4.703973491559483,2.850218471099991,WC_DNCTL,84,1.081506481599287,-1.8815753417303418,-0.4223138168617134,-0.24193850773200537,0.10738467487930997,66.23376623376623,27
2022,Greet Minnen,98.59615384615384,3.961875251100044,2.6907603261248543,WBW_DNCTL,52,0.3321012215221459,-2.3479784054748793,-1.4633483825412994,-0.4110582270070336,-0.06173504439571825,36.36363636363637,50
2022,Harmony Tan,98.9,5.057616748972502,3.0715963831787416,WBW_DNCTL,40,0.39151643425657956,-1.6593132614053512,1.0229686338270885,-0.5277983558331443,-0.17847517322182893,19.480519480519483,63
2022,Harriet Dart,89.125,11.042730704334446,3.0821503492922893,WC_DNCTL,72,-1.519923605801106,2.1022850465393925,1.0918710002187664,-0.6883016808403084,-0.33897849822899306,7.792207792207792,72
2022,Iga Swiatek,99.32534246575342,7.886238495903667,2.901777550578383,WBW_DNCTL,292,0.4746894899883387,0.11845385488149716,-0.0857064650077441,-0.35282262427739347,-0.003499441666078129,44.15584415584416,44
2022,Jasmine Paolini,94.2258064516129,7.8473336338714645,3.022767181969868,WC_DNCTL,31,-0.5224928448601903,0.0940024468911698,0.7041834988257571,-0.5528441778175053,-0.20352099520618994,16.883116883116884,65
2022,Jessica Pegula,97.0909090909091,7.280989225188507,2.724782461734426,WC_DNCTL,143,0.037760035306121646,-0.2619406788879531,-1.2412322957567385,-0.32698104566215597,0.022342136949159375,49.35064935064935,40
2022,Jule Niemeier,104.15894039735099,8.35870222401523,3.0343771151675005,WC_DNCTL,151,1.4198692980697294,0.41539369153031275,0.7799798262309887,-0.13984281220812284,0.2094803704031925,79.22077922077922,17
2022,Kaia Kanepi,96.77011494252874,7.82616534070952,2.902485390079623,WC_DNCTL,87,-0.024969251633051994,0.08069833667139463,-0.08108528126163317,-0.3991736959064494,-0.04985051329513407,37.66233766233766,49
2022,Kaja Juvan,92.54545454545455,10.298940810499971,2.8540706364040926,WW_DCTL,33,-0.8510751379362337,1.6348187915973904,-0.3971646641802572,-0.43372585102882416,-0.08440266841750882,29.87012987012987,55
2022,Kamilla Rakhimova,95.03030303030303,7.6912484701966966,2.6109467701524487,WC_DNCTL,33,-0.3651785765637463,-0.004095883725958708,-1.9844172222047238,-0.3496191251949133,-2.9594258359794123e-4,45.45454545454545,43
2022,Karolina Muchova,101.1,6.028989795041782,2.9884790868834985,WW_DCTL,40,0.8217126581058772,-1.0488127373169394,0.48033107547174925,-0.2732867714649477,0.07603641114636767,59.74025974025974,32
2022,Katerina Siniakova,94.57142857142857,7.277247648206933,2.9156314076145753,WBC_DNCTL,49,-0.45490860357678464,-0.2642922313810056,0.004739488975405318,-0.5815909520106183,-0.23226776939930294,12.987012987012985,68
2022,Lauren Davis,97.41379310344827,7.505891831704891,2.9813136134661606,WC_DNCTL,87,0.10089798209505979,-0.12059111220735814,0.43355074005476535,-0.4163276457211535,-0.06700446310983815,33.76623376623377,52
2022,Lesia Tsurenko,90.1896551724138,8.444778094893335,2.7734726653087485,WBW_DNCTL,58,-1.3117369535856338,0.4694917175102323,-0.9233546173305355,-0.6515096884147755,-0.3021865058034602,10.38961038961039,70
2022,Linda Fruhvirtova,98.31818181818181,7.396178959669864,2.6081108934918174,WW_DCTL,22,0.277745532081556,-0.18954481248519292,-2.002931457574648,-0.18276404008185038,0.16655914252946497,72.72727272727273,22
2022,Liudmila Samsonova,102.96969696969697,9.852714888597491,2.907351003028654,WC_DNCTL,66,1.187320192699567,1.3543692153139353,-0.049319758942597866,-0.08882235362531349,0.26050082898600185,85.71428571428571,12
2022,Madison Brengle,77.30909090909091,6.4316138383501045,2.7670407880703207,WB_DNCTL,55,-3.8304506386446073,-0.7957666079797295,-0.9653456145822286,-1.5386831045437768,-1.1893599219324615,0,78
2022,Madison Keys,103.6258064516129,9.045446861451055,2.9207954156836258,WW_DCTL,155,1.315618293405001,0.8470074394781583,0.038453106415066884,-0.05101107201617733,0.298312110595138,89.6103896103896,9
2022,Magdalena Frech,97.14285714285714,5.3313488371406,2.4802650829121937,WC_DNCTL,28,0.04791815157174727,-1.4872747392714765,-2.837582506045489,-0.27965568620677045,0.06966749640454489,58.44155844155844,33
2022,Maria Sakkari,100.4054054054054,9.76234107698063,2.655304893628466,WC_DNCTL,37,0.6858890346055462,1.297569966478255,-1.694821856509121,-0.08814570862650767,0.2611774739848077,87.01298701298701,11
2022,Marta Kostyuk,98.8076923076923,9.948964793006793,2.914960220942747,WW_DCTL,52,0.37346624304611814,1.414861543491165,3.5759599963004334e-4,-0.21647045566619355,0.1328527269451218,67.53246753246754,26
2022,Maryna Zanevska,98.60606060606061,8.28001884787783,2.7947325751909537,WC_DNCTL,33,0.3340384263869068,0.36594179190914244,-0.7845576869256341,-0.26519338660210084,0.0841297960092145,62.33766233766234,30
2022,Mayar Sherif,99.61764705882354,5.493879271281389,2.9615606372064005,WB_DNCTL,34,0.531847822784961,-1.3851256055017176,0.30459193983377375,-0.7458659828554989,-0.39654280024418354,5.194805194805195,74
2022,Naomi Osaka,103.96774193548387,7.795228758532328,2.734430377705153,WW_DCTL,31,1.3824816361147165,0.06125493157681621,-1.1782451462833454,0.004430943609245286,0.3537541262205606,94.8051948051948,5
2022,Nuria Parrizas Diaz,90.13513513513513,7.103059443187383,2.8120689222711754,WBW_DNCTL,37,-1.3223980054771811,-0.37376818491376446,-0.6713760331697647,-0.7106777934326212,-0.3613546108213058,6.493506493506493,73
2022,Ons Jabeur,96.94708994708995,9.119616132351238,2.7981645379046443,WC_DNCTL,189,0.00963710231146935,0.8936222585109153,-0.762151858652438,-0.3085179761105998,0.04080520650071556,51.94805194805194,38
2022,Paula Badosa,100.25925925925925,9.705351034275452,3.0482335051767078,WC_DNCTL,108,0.6573110708772725,1.261752160867814,0.8704423169201361,-0.26308609904623653,0.08623708356507881,64.93506493506493,28
2022,Petra Kvitova,99.48148148148148,5.545518711336007,2.973860881350482,WC_DNCTL,81,0.5052214967891374,-1.3526706127010135,0.3848950144887778,-0.38858189841153207,-0.039258715800216726,41.55844155844156,46
2022,Petra Martic,102.9375,10.004756751548618,2.8448140046680592,WW_DCTL,112,1.1810242768891004,1.4499263623756635,-0.4575972849189468,-0.017575880742711714,0.33174730186860363,93.5064935064935,6
2022,Qinwen Zheng,101.93055555555556,7.035776559818185,2.8166218654664177,WW_DCTL,72,0.9841225961499956,-0.4160549620950876,-0.6416517989980837,-0.1360509935157645,0.21327218909555085,80.51948051948052,16
2022,Rebecca Marino,100.32786885245902,7.122081417384035,2.552945643622692,WC_DNCTL,61,0.6707272472019891,-0.36181301973469643,-2.3630819657036968,-0.1274535239823184,0.22186965862899694,81.81818181818183,15
2022,Rebecca Peterson,102.04,6.984983894040129,2.6734111926211233,WBW_DNCTL,25,1.0055237719323986,-0.4479777637445985,-1.576613513430599,-0.1728127977699454,0.17651038484136994,76.62337662337663,19
2022,Shelby Rogers,99.671875,7.12263257800582,2.339651207045838,WW_DCTL,64,0.5424517571127959,-0.36146661950275855,-3.7555908349011857,-0.021871568684002085,0.32745161392731326,92.20779220779221,7
2022,Shuai Zhang,95.6,5.942998466197915,2.7168652087942715,WC_DNCTL,105,-0.25377790151737245,-1.1028576292754664,-1.2929206806756421,-0.424436204531129,-0.07511302191981367,31.16883116883117,54
2022,Sloane Stephens,96.04597701149426,7.850208182659444,2.877843191818598,WC_DNCTL,87,-0.16656988957717775,0.09580907880120758,-0.24196373728566611,-0.41729827486662036,-0.06797509225530501,32.467532467532465,53
2022,Sofia Kenin,93.51020408163265,5.845662383980364,2.703790632914902,WBW_DNCTL,49,-0.6624244072888774,-1.164032611891043,-1.3782790386582122,-0.5657944607178014,-0.21647127810648603,15.584415584415584,66
2022,Sorana Cirstea,98.68115942028986,5.013196566308438,2.919235133386349,WC_DNCTL,69,0.34872352924917194,-1.6872310061958318,0.028266685370621426,-0.41383210175052293,-0.06450891913920759,35.064935064935064,51
2022,Tereza Martincova,95.36842105263158,7.298356174163482,2.412164880169276,WC_DNCTL,38,-0.29906171455414043,-0.25102568439233397,-3.282179832799913,-0.2631500751751346,0.08617310743618073,63.63636363636363,29
2022,Varvara Gracheva,96.6923076923077,7.918430302878119,2.8010521033236246,WW_DCTL,26,-0.040183972193592855,0.13868615915304694,-0.7433001693123397,-0.31502005578741893,0.03430312682389641,50.649350649350644,39
2022,Veronika Kudermetova,103.85555555555555,7.595920121807423,2.588284136322797,WC_DNCTL,90,1.3605442920181325,-0.06400902099864281,-2.132371942044753,0.014757261130259214,0.36408044374157456,97.40259740259741,3
2022,Victoria Azarenka,97.95774647887323,8.029297460316029,2.802248766509489,WBW_DNCTL,71,0.20726465848501405,0.2083653189711267,-0.7354876631518351,-0.36154142067893263,-0.012218238067617293,42.857142857142854,45
2022,Viktorija Golubic,86.4,7.577644070235314,2.8275392486883923,WW_DCTL,30,-2.052780292159897,-0.07549537951784335,-0.5703768365142411,-0.7536436876165171,-0.4043205050052018,3.896103896103896,75
2022,Yulia Putintseva,87.92727272727272,7.485409772766074,2.906188647664636,WBW_DNCTL,110,-1.7541316739504675,-0.133463929470671,-0.05690828389210479,-0.8286669002604121,-0.4793437176490968,2.5974025974025974,76
2023,Aliaksandra Sasnovich,85.5111111111111,9.336200858199573,2.484630934447279,WBW_DNCTL,45,-2.2265969482606263,1.0297441008607835,-2.8090797139343833,-0.6911833091106239,-0.27912011643180046,17.857142857142858,70
2023,Alizé Cornet,89.25925925925925,7.261127271455249,2.8748341985801673,WW_DCTL,54,-1.4936700483692267,-0.27442376477616204,-0.2616081773334965,-0.6674810469333907,-0.2554178542545673,20.238095238095237,68
2023,Alycia Parks,104.30555555555556,11.14276047984121,2.6917303552273,WC_DNCTL,36,1.4485389741691261,2.165152994768388,-1.4570154741438086,0.09607752682317433,0.5081407195019978,100,1
2023,Ana Bogdan,98.45,8.84612040127457,2.5775671571169285,WC_DNCTL,40,0.30352175210558585,0.7217322849998109,-2.202338551744859,-0.16195589862590704,0.2501072940529164,76.19047619047619,21
2023,Anastasia Pavlyuchenkova,99.36363636363636,5.55153856327959,2.8081810929035007,WW_DCTL,66,0.4821776219272979,-1.3488871818333736,-0.6967580213889597,-0.28130139693809314,0.13076179574073027,64.28571428571429,31
2023,Anastasia Potapova,99.49090909090908,4.772113155936683,2.95810735680451,WC_DNCTL,55,0.5070650067780834,-1.838750084243712,0.2820469374200527,-0.4048527536697932,0.007210439009030234,47.61904761904761,45
2023,Anhelina Kalinina,93.86363636363636,6.642326956690491,2.898362371045011,WBW_DNCTL,44,-0.5933129376959517,-0.663335026004441,-0.10800272301824718,-0.6102530605132115,-0.19818986783438808,25,64
2023,Anna Blinkova,100.36,11.135079703351925,2.5868193111659017,WW_DCTL,25,0.6770102919020228,2.1603256855373068,-2.141935163924969,0.021968674177475167,0.4340318668562986,95.23809523809523,5
2023,Anna Kalinskaya,96.42028985507247,6.1462705026071784,2.802302322681194,WC_DNCTL,69,-0.0933753569200689,-0.975102710336195,-0.7351380176322596,-0.4214341913566904,-0.009370998677867004,45.23809523809524,47
2023,Arantxa Rus,103.94444444444444,7.6981170612889604,3.0098031082302406,WC_DNCTL,54,1.377925957628205,2.2097319996121936e-4,0.619546562424198,-0.1580240739193382,0.2540391187594852,77.38095238095238,20
2023,Aryna Sabalenka,106.30962343096235,7.405167360641658,2.932865723156894,WW_DCTL,239,1.8404218979589853,-0.18389567127605375,0.11725502211534111,0.0030566393642330603,0.41511983204305647,92.85714285714286,7
2023,Ashlyn Krueger,101.57894736842105,5.18121126893811,3.0918180557620816,WC_DNCTL,38,0.915367816886468,-1.5816350516600934,1.1549873534628559,-0.36481708384809713,0.047246108830726274,54.761904761904766,39
2023,Barbora Krejcikova,96.13157894736842,5.194441169285338,2.551146936731612,WW_DCTL,38,-0.14983096704660676,-1.5733201605600124,-2.3748249597503923,-0.31361565023851484,0.09844754244030857,59.523809523809526,35
2023,Beatriz Haddad Maia,96.44144144144144,9.84856674822621,2.945734391149657,WC_DNCTL,111,-0.08923929665445329,1.3517621408424876,0.20126909487913547,-0.36982053517675956,0.04224265750206385,53.57142857142857,40
2023,Belinda Bencic,96.096,7.860091110035844,2.9852541265797687,WC_DNCTL,125,-0.15678820741316482,0.10202042300849733,0.4592766780958692,-0.4607051092428038,-0.04864191656398037,40.476190476190474,51
2023,Bernarda Pera,94.02803738317758,7.621293338373265,2.7568725476733977,WC_DNCTL,107,-0.5611653477852216,-0.04806214860606626,-1.0317297414450293,-0.45447549146880545,-0.04241229878998204,41.66666666666667,50
2023,Camila Giorgi,104.37254901960785,6.248074213111511,2.931628659150683,WC_DNCTL,51,1.4616391265590707,-0.9111198575397967,0.10917875614206844,-0.15119026742343428,0.26087292525538913,78.57142857142857,19
2023,Caroline Dolehide,95.36842105263158,9.911557688775423,2.8507279363435636,WBW_DNCTL,38,-0.29906171455414043,1.3913514648140874,-0.4189877344677774,-0.4302515042643857,-0.018188311585562278,42.857142857142854,49
2023,Claire Liu,99.78947368421052,8.161074037480283,2.402351452072088,WC_DNCTL,38,0.5654474434205287,0.2911858890362514,-3.34624754071522,-0.053769175934214486,0.3582940167446089,89.28571428571429,10
2023,Clara Burel,96.72881355932203,6.418804562873425,2.9307180875516017,WBW_DNCTL,59,-0.0330454784945409,-0.8038171395683402,0.10323402055444819,-0.5146811087308942,-0.10261791605207082,34.523809523809526,56
2023,Clara Tauson,98.8051948051948,7.7290275840989295,2.8129069717661923,WC_DNCTL,77,0.37297787207180866,0.019648000181711582,-0.6659047636262809,-0.2815047623310975,0.1305584303477259,63.095238095238095,32
2023,Coco Gauff,104.45887445887446,8.723122523141361,3.0178078714813323,WBC_DNCTL,231,1.4785195256475392,0.6444290600792268,0.6718062650299671,-0.18077519308560458,0.23128799959321883,75,22
2023,Cristina Bucsa,92.35555555555555,4.513391969539879,2.583258033345667,WC_DNCTL,45,-0.8882086962850259,-2.0013543695151395,-2.1651852356565224,-0.5421983351237725,-0.13013514244494906,30.952380952380953,59
2023,Danielle Collins,100.8529411764706,6.258760322348792,2.7508872416225842,WC_DNCTL,68,0.7734018522190597,-0.9044037196808913,-1.0708052649063087,-0.21653076227313378,0.19553243040568963,73.80952380952381,23
2023,Danka Kovinic,90.95652173913044,7.830466495273244,2.517519978343203,WC_DNCTL,23,-1.161780998495735,0.08340157939154698,-2.594361102143503,-0.4707088838509084,-0.05864569117208501,38.095238095238095,53
2023,Daria Kasatkina,85.8103448275862,10.663194052199252,3.1039995826532207,WC_DNCTL,174,-2.168083668771544,1.8637491658322687,1.234515373548682,-0.8433807110745917,-0.43131751839576826,8.333333333333332,78
2023,Daria Saville,92.1842105263158,9.152920854606851,2.8157595032443696,WBW_DNCTL,38,-0.9217141438097043,0.9145540215178749,-0.6472817960197362,-0.5673040593768577,-0.15524086669803427,27.380952380952383,62
2023,Diane Parry,104.04,7.050295502081219,2.6634651896016472,WW_DCTL,25,1.3966112481590347,-0.4069299180178822,-1.6415467467580187,0.015073470160368196,0.4271366628391916,94.04761904761905,6
2023,Ekaterina Alexandrova,100.78,6.367295264049865,2.91829757027802,WC_DNCTL,50,0.7591386619096168,-0.836190339601489,0.022145733672425352,-0.2874864049918456,0.12457678768697783,61.904761904761905,33
2023,Elena Rybakina,105.85,6.164619343120029,2.7027715132505286,WW_DCTL,80,1.7505454141441383,-0.9635706045249007,-1.384932438503933,0.04492944631338669,0.4569926389922101,97.61904761904762,3
2023,Elina Avanesyan,85.66101694915254,7.94986463249054,2.9047775820632658,WBW_DNCTL,118,-2.197283800324995,0.15844239470066385,-0.0661205324460864,-0.9058681272591225,-0.49380493458029906,4.761904761904762,81
2023,Elina Svitolina,99.80392156862744,7.197413198244412,2.913107052920993,WW_DCTL,102,0.5682726367472432,-0.31446757209037995,-0.011740951659749345,-0.2584223205739263,0.15364087210489713,66.66666666666666,29
2023,Elise Mertens,103.82417582417582,7.973000838375873,3.156862380634102,WC_DNCTL,91,1.3544081820431484,0.17298332300371838,1.5796341502986253,-0.2172081374684896,0.1948550552103338,72.61904761904762,24
2023,Emma Navarro,93.98113207547169,8.293859095364418,3.018648019367264,WC_DNCTL,53,-0.5703373869913857,0.3746402815144146,0.6772912340773236,-0.5475177461536864,-0.13545455347486302,29.761904761904763,60
2023,Eva Lys,87.21621621621621,6.511251523048115,2.6841067226488304,WBW_DNCTL,37,-1.8931743221322719,-0.745714932732962,-1.5067869363131792,-0.7923476207585478,-0.3802844280797244,11.904761904761903,75
2023,Iga Swiatek,101.30275229357798,9.926120225199291,2.9977665921650156,WBW_DNCTL,109,0.8613595995031657,1.4005039074876864,0.5409652564883326,-0.2519521523376976,0.16011104034112583,69.04761904761905,27
2023,Jasmine Paolini,91.95348837209302,7.154597217946797,3.0467351045904314,WBC_DNCTL,43,-0.9668304163119832,-0.3413770879728997,0.8606598953085497,-0.7471966481335408,-0.3351334554547174,16.666666666666664,71
2023,Jelena Ostapenko,96.55045871559633,8.233892236083165,2.8461086269017644,WC_DNCTL,218,-0.06792165134728088,0.3369515694719248,-0.44914524570204445,-0.37175569464050356,0.040307498038319844,52.38095238095239,41
2023,Jessica Pegula,102.070796460177,5.930726307844494,2.9775796650669495,WC_DNCTL,113,1.0115458268760644,-1.1105705868634674,0.4091733753823689,-0.2736090614298468,0.1384541312489766,65.47619047619048,30
2023,Jodie Burrage,104.75,4.809122536853068,2.76364629233445,WC_DNCTL,48,1.5354473022194894,-1.815489971625733,-0.9875068368555991,-0.10783649972771314,0.30422669295111027,84.52380952380952,14
2023,Kaia Kanepi,94.48484848484848,8.835727234222192,2.9647216804769174,WC_DNCTL,33,-0.4718387973528292,0.715200259061794,0.3252290500217172,-0.48777973884494813,-0.07571654616612472,36.904761904761905,54
2023,Kamilla Rakhimova,93.43333333333334,6.190556397105766,2.5976526836137337,WBC_DNCTL,30,-0.6774560007628931,-0.9472693646298086,-2.0712086721372183,-0.5251446854608289,-0.11308149278200552,32.142857142857146,58
2023,Karolina Muchova,100.35119047619048,7.2311202707939515,2.954985297781679,WW_DCTL,168,0.6752876446853114,-0.29328293500347413,0.2616643388430682,-0.25305890786129975,0.15900428481752366,67.85714285714286,28
2023,Katerina Siniakova,89.65517241379311,8.31210761509535,2.662550068044581,WC_DNCTL,29,-1.4162517101634404,0.38610933648217727,-1.6475211870906399,-0.570642387835878,-0.15857919515705454,26.190476190476193,63
2023,Katie Boulter,98.96103896103897,7.2119082051138435,2.770136768285896,WBW_DNCTL,77,0.40345222086869104,-0.3053575712248403,-0.9451332734717967,-0.33190359413373965,0.08015959854508375,57.14285714285714,37
2023,Laura Siegemund,94.82051282051282,6.448081542424505,2.8555892142311676,WB_DNCTL,78,-0.4062017384057019,-0.7854167820208598,-0.38725051392530374,-0.8663093870229602,-0.4542461943441368,7.142857142857142,79
2023,Lauren Davis,83.77777777777777,8.522970470500624,2.8191592611823424,WBW_DNCTL,27,-2.5655394276570447,0.5186350270565867,-0.6250862190617512,-0.9284145692358576,-0.5163513765570342,3.571428571428571,82
2023,Lesia Tsurenko,87.76923076923077,8.696241451605134,2.826245258402609,WBW_DNCTL,26,-1.7850357892047384,0.6275345123796252,-0.5788247500113152,-0.7644609933483579,-0.3523978006695345,13.095238095238097,74
2023,Lin Zhu,92.54744525547446,9.369828615200547,3.036525004625414,WBW_DNCTL,137,-0.8506858670574408,1.0508788887325355,0.7940024850879278,-0.640029165563164,-0.22796597288434062,22.61904761904762,66
2023,Linda Fruhvirtova,88,9.760774931977853,2.9053323495842465,WBW_DNCTL,23,-1.739910311178589,1.2965856563320528,-0.06249869070606522,-0.7566293290903763,-0.34456613641155287,15.476190476190476,72
2023,Linda Noskova,98.3012048192771,10.436491957758927,2.5960310750637094,WC_DNCTL,83,0.27442578625378333,1.7212686347656405,-2.081795466263288,-0.12781037871448026,0.28425281396434315,80.95238095238095,17
2023,Liudmila Samsonova,103.47945205479452,9.414984494353632,2.6656147199500975,WW_DCTL,73,1.2869996075618149,1.0792590131349844,-1.627513375223044,0.06286837788481953,0.47493157056364294,98.80952380952381,2
2023,Lucia Bronzetti,98.06849315068493,5.787808273457025,3.0937311858361882,WBW_DNCTL,146,0.22892047667468207,-1.2003934775111995,1.1674773679183528,-0.5488610511433589,-0.13679785846453552,28.57142857142857,61
2023,Madison Brengle,78.47222222222223,11.549857416834476,2.9675857649105266,WB_DNCTL,36,-3.6030075937582575,2.421010303548861,0.3439274419720118,-1.4223445871018978,-1.0102813944230744,0,85
2023,Madison Keys,103.63181818181818,7.089505161653444,2.870307601691846,WC_DNCTL,220,1.316793849601869,-0.38228694710672023,-0.2911604076468169,-0.12968175139641874,0.28238144128240467,79.76190476190477,18
2023,Magda Linette,96.61290322580645,7.045932251329314,2.824647522289988,WB_DNCTL,31,-0.05571101839614005,-0.40967218771699093,-0.5892556911233714,-0.7624484705788417,-0.3503852779000183,14.285714285714285,73
2023,Magdalena Frech,97.13333333333334,6.786977461511351,2.8646859460046508,WW_DCTL,75,0.04605583025638442,-0.5724232909505016,-0.3278618121917654,-0.3584175265193635,0.053645666159459926,55.952380952380956,38
2023,Maria Sakkari,105.48484848484848,5.256669645086683,2.5574316879640966,WC_DNCTL,33,1.67914232189367,-1.534210039846168,-2.3337944857615347,0.02325798566115944,0.43532117833998285,96.42857142857143,4
2023,Marie Bouzkova,92.29559748427673,7.318740864175727,2.9640265277670945,WC_DNCTL,159,-0.8999331216729527,-0.23821406275406218,0.3206906929533824,-0.6220137037771041,-0.20995051109828067,23.809523809523807,65
2023,Marketa Vondrousova,96.04827586206896,8.841451485351039,2.961520195272813,WC_DNCTL,145,-0.16612036374243624,0.7187979070800459,0.30432791161010486,-0.4228923530729292,-0.010829160394105808,44.047619047619044,48
2023,Marta Kostyuk,101.52941176470588,9.34923524377763,2.5823698034922797,WC_DNCTL,34,0.9056814397663034,1.037936112425006,-2.1709841114667787,-0.024024086889071372,0.38803910578975204,90.47619047619048,9
2023,Martina Trevisan,89.13725490196079,7.000762639765904,3.061939714445165,WBC_DNCTL,102,-1.5175272364614816,-0.43806094283421404,0.9599243412791095,-0.8724329392230163,-0.46036974654419294,5.952380952380952,80
2023,Maryna Zanevska,106.22222222222223,3.586571073252566,2.7788638893696596,WC_DNCTL,36,1.82333113888632,-2.5838542084896097,-0.8881576030945614,-0.0915864276256847,0.3204767650531387,85.71428571428571,13
2023,Mayar Sherif,93.83720930232558,8.468232605163223,2.7103855975344042,WW_DCTL,43,-0.5984805840520122,0.4842326976825216,-1.3352233130983402,-0.37550155633733323,0.03656163634149018,51.19047619047619,42
2023,Nadia Podoroska,96.48,6.49435652445003,2.8350849518197796,WBC_DNCTL,25,-0.0816994119776506,-0.7563333100292455,-0.5211141426370757,-0.4936065438278755,-0.08154335114905209,35.714285714285715,55
2023,Ons Jabeur,95.7841726618705,8.156763522278775,2.796669747748559,WC_DNCTL,139,-0.21776409075693365,0.28847676322690274,-0.7719107092973193,-0.38408630199675803,0.02797689068206538,50,43
2023,Petra Kvitova,96.70967741935483,4.5839833361178846,2.7106842129147886,WC_DNCTL,31,-0.03678743083678722,-1.9569882359618351,-1.3332737799912535,-0.4178876833085304,-0.005824490629706969,46.42857142857143,46
2023,Petra Martic,99.92307692307692,9.304955782356727,2.753299221778003,WW_DCTL,52,0.591572720172511,1.0101068098587025,-1.0550584699469452,-0.12189568477022522,0.2901675079085982,82.14285714285714,16
2023,Peyton Stearns,95.9390243902439,9.724231401142188,2.9835199176929796,WBW_DNCTL,164,-0.18748380493749056,1.273618326923961,0.4479547641507542,-0.46932704794796326,-0.05726385526913985,39.285714285714285,52
2023,Qinwen Zheng,105.00746268656717,6.9146203051767525,2.712876454512035,WC_DNCTL,134,1.5857925183755306,-0.49220074074778064,-1.3189615648365483,-0.012192364747312723,0.3998708279315107,91.66666666666666,8
2023,Rebecca Peterson,98.66666666666667,9.963702239571422,2.6735332098491886,WBW_DNCTL,24,0.3458895620301385,1.424123915849384,-1.5758169147241217,-0.2195846858979244,0.192478506780899,71.42857142857143,25
2023,Rebeka Masarova,106.02222222222223,5.65077986930239,2.709297379357665,WBW_DNCTL,45,1.784222391263656,-1.2865147806397166,-1.3423278278107298,-0.06702786892386464,0.34503532375495877,86.90476190476191,12
2023,Sara Sorribes Tormo,91.2439024390244,6.487605443477886,2.8588819564748045,WB_DNCTL,41,-1.1055855021768486,-0.7605763127441503,-0.36575359702567595,-1.0114448040079274,-0.599381611329104,1.1904761904761905,84
2023,Sloane Stephens,92.38461538461539,8.360420719998762,2.969402766702058,WBW_DNCTL,65,-0.8825262286817322,0.4164737531017507,0.35578987566068154,-0.648537106491629,-0.23647391381280558,21.428571428571427,67
2023,Sofia Kenin,90.79797979797979,7.078250386232459,2.9401325250172534,WC_DNCTL,99,-1.1927828823160738,-0.3893604873092336,0.16469688794012202,-0.6797889596717261,-0.26772576699290274,19.047619047619047,69
2023,Sorana Cirstea,100.38255033557047,5.6920966016145025,2.9322895950871413,WW_DCTL,149,0.6814198688151826,-1.2605475306401048,0.11349372641630767,-0.2886103087451212,0.12345288393370218,60.71428571428571,34
2023,Tamara Korpatsch,92.16,9.231648462400056,2.938688570451097,WW_DCTL,25,-0.9264483606271863,0.9640337203961477,0.15526992129082295,-0.5176094550973913,-0.1055462624185679,33.33333333333333,57
2023,Tatjana Maria,100.33333333333333,9.064266078410865,2.5307501784370428,WC_DNCTL,30,0.6717957922190002,0.8588351732858746,-2.5079867397006685,-0.05911944158794841,0.352943751090875,88.09523809523809,11
2023,Taylor Townsend,98.14406779661017,6.466581315493856,2.924493206041022,WC_DNCTL,118,0.24369862544549462,-0.7737898162531172,0.06259441057539314,-0.3939356352568451,0.018127557421978302,48.80952380952381,44
2023,Varvara Gracheva,96.05405405405405,7.795817774600351,2.942147543684876,WB_DNCTL,37,-0.16499047448213597,0.061625123666950596,0.1778520897883054,-0.8124716176276277,-0.40040842494880424,10.714285714285714,76
2023,Veronika Kudermetova,100.02702702702703,7.6973533925141595,2.5247935038092653,WC_DNCTL,37,0.6118995120761839,-2.5898677950549336e-4,-2.5468753407501152,-0.11028182259049585,0.30178137008832756,83.33333333333334,15
2023,Victoria Azarenka,99.91304347826087,5.954740733068706,3.00693981708184,WW_DCTL,46,0.5896107428670277,-1.0954777044282489,0.600853349496416,-0.33148591476837236,0.08057727791045105,58.333333333333336,36
2023,Viktoriya Tomova,88.46341463414635,8.105854553887609,2.946699959390914,WBC_DNCTL,41,-1.6492924813211967,0.25648086627528954,0.20757288020680098,-0.8172932977219152,-0.40523010504309176,9.523809523809524,77
2023,Yanina Wickmayer,101.8695652173913,5.770649465780866,2.84403193505307,WC_DNCTL,23,0.9721963174365609,-1.2111776567937285,-0.46270308557966955,-0.22973757415930657,0.18232561851951684,70.23809523809523,26
2023,Yulia Putintseva,83.88888888888889,6.866033062522307,2.7649467871889395,WBW_DNCTL,72,-2.543812345644453,-0.5227374508454934,-0.9790164577895246,-0.9508770101750916,-0.5388138174962682,2.380952380952381,83
2024,Ajla Tomljanovic,96.8076923076923,7.0994040920022625,2.670789720711593,WBW_DNCTL,26,-0.017621233180518118,-0.3760655451537602,-1.593727991158936,-0.3802581733700397,0.03108919179380576,51.80722891566265,41
2024,Amanda Anisimova,96.4,7.399324293474371,2.5190795706241746,WC_DNCTL,25,-0.09734291102671572,-0.18756799426498943,-2.5841791859227183,-0.2638209777005445,0.14752638746330093,69.87951807228916,26
2024,Ana Bogdan,95.91836734693878,9.378247736770707,2.5856778998131005,WBW_DNCTL,49,-0.19152316040374265,1.0561702421952917,-2.1493869543124116,-0.3112252586003615,0.10012210656348397,65.06024096385542,30
2024,Anastasia Pavlyuchenkova,98.62121212121212,7.337501464322017,2.628440374252794,WC_DNCTL,66,0.3370012102977147,-0.22642316916496158,-1.8702089040933274,-0.2222454248072963,0.18910194035654915,77.10843373493977,20
2024,Anastasia Potapova,99.9,6.222040911425147,2.3459265481648375,WW_DCTL,30,0.5870601723698977,-0.9274815883780059,-3.714621795550281,-0.04250142280309349,0.36884594236075197,92.7710843373494,7
2024,Anhelina Kalinina,97.27272727272727,4.823592587951998,3.0630584228356,WC_DNCTL,33,0.07331344223581408,-1.80639565527093,0.9672279136588104,-0.5378654211745526,-0.12651805601070715,30.120481927710845,59
2024,Anna Blinkova,93.23529411764706,11.273618503093747,2.9908683555108015,WC_DNCTL,34,-0.7161813292912178,2.2473962607310614,0.49592959650122764,-0.475910176931778,-0.06456281176793255,39.75903614457831,51
2024,Anna Bondar,101.73972602739725,6.0828250866688265,2.9299588027320445,WC_DNCTL,73,0.9468070768715202,-1.014977668611091,0.09827697215483142,-0.26215474551211243,0.14919261965173303,72.28915662650603,24
2024,Anna Kalinskaya,98.95081967213115,5.258092903668264,3.012740435563685,WBC_DNCTL,61,0.40145390291479605,-1.533315532721964,0.6387231261883634,-0.5064677516613277,-0.09512038649748228,34.93975903614458,55
2024,Arantxa Rus,95.48611111111111,7.359946906490133,2.9611934991146773,WC_DNCTL,72,-0.27604816058027637,-0.2123163805707334,0.3021950510205929,-0.49028058566606353,-0.07893322050221807,36.144578313253014,54
2024,Aryna Sabalenka,102.63179916317992,7.839138588405909,2.8429258353297095,WW_DCTL,239,1.1212463925129326,0.08885192354496901,-0.46992434132227356,-0.09457038486936092,0.31677698029448453,85.54216867469879,13
2024,Ashlyn Krueger,106.703125,4.278702100715434,2.888868783891064,WBC_DNCTL,64,1.9173686657220639,-2.1488551556398403,-0.16998232513321782,-0.16917892751423547,0.24216843764961,80.72289156626506,17
2024,Beatriz Haddad Maia,97.06862745098039,10.89064297967617,3.0591642235574947,WBW_DNCTL,204,0.033403000143167334,2.0066990757457686,0.9418043389973572,-0.42053088125028343,-0.00918351608643797,44.57831325301205,47
2024,Bernarda Pera,98.72972972972973,7.11277664429241,2.955396867892256,WC_DNCTL,37,0.35822114911836417,-0.36766099839948224,0.26435130545351115,-0.36384402675355193,0.04750333841029353,55.42168674698795,38
2024,Bianca Andreescu,96.95061728395062,6.771080479819859,2.782334565048868,WC_DNCTL,81,0.010326850946789848,-0.5824144222603029,-0.8654990342965699,-0.3725712087128648,0.03877615645098065,54.21686746987952,39
2024,Caroline Dolehide,95.1015625,9.458437755965019,2.9133978425204563,WBW_DNCTL,128,-0.3512442334832283,1.1065690554451455,-0.009842509755583284,-0.4814339920756365,-0.07008662691179102,37.34939759036144,53
2024,Caroline Garcia,96.5,7.454208032467591,2.532415628686154,WC_DNCTL,24,-0.07778853721538502,-0.1530739844148309,-2.4971137217246038,-0.26378925245478874,0.14755811270905672,71.08433734939759,25
2024,Caroline Wozniacki,91.64655172413794,8.421767149419443,2.88381716451211,WC_DNCTL,116,-1.0268499558170918,0.4550295144169635,-0.20296220450512584,-0.5808466365608771,-0.16949927139703164,20.481927710843372,67
2024,Clara Burel,93.31111111111112,9.284086232824793,2.9333628004781147,WC_DNCTL,90,-0.7013557909767427,0.9969904577236588,0.12050022902080763,-0.5084464959799606,-0.09709913081611515,33.734939759036145,56
2024,Clara Tauson,100.58333333333333,5.973154227757009,2.5324916460369966,WW_DCTL,36,0.7206817267473297,-1.083904963962578,-2.49661743669739,-0.10176340718899474,0.3095839579748507,84.33734939759037,14
2024,Coco Gauff,106.8343949044586,10.247480699625866,2.9588829972719015,WBW_DNCTL,157,1.9430376735416777,1.6024765058139652,0.28711076490418885,-0.001543387204813118,0.40980397795903234,97.59036144578313,3
2024,Cristina Bucsa,86.06666666666666,6.609871063812515,2.9007576401587567,WBW_DNCTL,60,-2.1179615381976715,-0.6837333062449125,-0.09236502735896948,-0.9281929775356292,-0.5168456123717837,3.614457831325301,81
2024,Danielle Collins,99.06557377049181,6.720289806397282,2.720371863435226,WC_DNCTL,61,0.4238933482720635,-0.6143359717296458,-1.2700272205033591,-0.2620236557172368,0.14932370944660867,73.49397590361446,23
2024,Dayana Yastremska,94.29729729729729,8.77770175205606,2.8307163799980084,WW_DCTL,37,-0.5085132576541815,0.6787316876759047,-0.5496346943456558,-0.3987442717382101,0.01260309342563537,48.19277108433735,44
2024,Diana Shnaider,93.38571428571429,7.155604247580765,3.054373191670415,WBC_DNCTL,140,-0.6867676073397185,-0.34074417755625014,0.9105257247848271,-0.6923832977373036,-0.2810359325734581,13.253012048192772,73
2024,Diane Parry,95.44444444444444,6.008540929590486,2.7497406322591122,WW_DCTL,27,-0.2841958163349989,-1.0616646927274243,-1.0782909908997493,-0.4014247000413869,0.00992266512245854,46.98795180722892,45
2024,Donna Vekic,103.8099173553719,5.929184949027953,2.6261340069164874,WC_DNCTL,121,1.3516200277534556,-1.111539319081346,-1.885266197771389,-0.05355008125553751,0.35779728390830795,90.36144578313254,9
2024,Ekaterina Alexandrova,103.2871287128713,4.794448109351829,2.8895512709032607,WC_DNCTL,101,1.2493919823557011,-1.82471273698499,-0.16552665703025027,-0.22116302574618701,0.19018433941765844,78.3132530120482,19
2024,Elina Avanesyan,87.86486486486487,8.303821617391202,2.7853835150421666,WBW_DNCTL,37,-1.7663351406533607,0.3809016503502144,-0.8455937335510509,-0.7550409307288803,-0.3436935655650349,10.843373493975903,75
2024,Elina Svitolina,101.14942528735632,7.242524189991285,2.6624270305627835,WBW_DNCTL,87,0.8313774635528586,-0.2861156590791454,-1.6483244466008105,-0.1964440644277315,0.21490330073611397,79.51807228915662,18
2024,Elisabetta Cocciaretto,94.5,6.602669013000583,2.7676461209612238,WC_DNCTL,22,-0.46887601344202123,-0.6882597400521793,-0.9613936529983843,-0.4707051552529136,-0.05935779008906816,40.963855421686745,50
2024,Elise Mertens,99.5,8.515261441632596,3.1857763453427985,WC_DNCTL,156,0.5088426771245693,0.5137899614217223,1.76840115682116,-0.38835941906355725,0.022987946100288204,50.602409638554214,42
2024,Emma Navarro,97.37552742616033,7.526106557265908,2.990924906066148,WC_DNCTL,237,0.09341536851673839,-0.10788631192569172,0.4962987910809918,-0.42135982638191144,-0.010012461218065982,43.373493975903614,48
2024,Emma Raducanu,96.22222222222223,4.474947735192491,3.003323845472875,WC_DNCTL,54,-0.13210624224686104,-2.025516276531431,0.5772462052264524,-0.5655302048478705,-0.15418283968402507,26.506024096385545,62
2024,Erika Andreeva,98.27142857142857,9.019980122365432,2.8907611604830303,WBW_DNCTL,70,0.26860322744249293,0.8310017888977667,-0.15762780135629184,-0.35659368419523557,0.054753680968609886,59.036144578313255,35
2024,Eva Lys,84.7,6.9166955958825955,2.9314222502184455,WC_DNCTL,60,-2.385204646952538,-0.4908964364244521,0.10783119980897812,-0.9280553260434845,-0.516707960879639,4.819277108433735,80
2024,Greet Minnen,100.325,3.957927471975418,2.873822004437064,WC_DNCTL,80,0.6701662610680573,-2.3504595544364677,-0.2682163633895498,-0.3597605247800036,0.05158684038384187,56.62650602409639,37
2024,Harriet Dart,94.125,6.7045964012180335,2.9248008763572906,WBC_DNCTL,32,-0.5422049152345155,-0.6241991567597763,0.06460305951658753,-0.6208812761037577,-0.2095339109399122,16.867469879518072,70
2024,Iga Swiatek,102.07462686567165,9.621894570347454,3.098780502208538,WBW_DNCTL,134,1.0122948386849788,1.2093004121058097,1.2004422119373743,-0.27287275202385813,0.13847461313998732,68.67469879518072,27
2024,Jasmine Paolini,94.28571428571429,6.2952259792536545,2.9793507145414844,WC_DNCTL,133,-0.5107782430377311,-0.8814853334422236,0.4207358058923122,-0.5788117118492915,-0.16746434668544602,21.686746987951807,66
2024,Jelena Ostapenko,101.6,8.10534093818008,2.32130288176529,WC_DNCTL,30,0.9194845271625363,0.25615806273457425,-3.8753792649143515,0.05241951096387065,0.4637668761277161,100,1
2024,Jessica Bouzas Maneiro,94.75728155339806,7.540044753881686,2.8829780988511033,WBW_DNCTL,103,-0.41856621674296357,-0.09912626204247404,-0.2084401081651659,-0.5403766313753633,-0.12902926621151783,28.915662650602407,60
2024,Jessica Pegula,99.064,7.274584684318224,2.875253680874118,WC_DNCTL,250,0.42358560730716127,-0.265965883801426,-0.25886955543518503,-0.31128926462791434,0.10005810053593112,63.85542168674698,31
2024,Jule Niemeier,96.61627906976744,11.060442076742165,2.8083364551660335,WW_DCTL,86,-0.05505089324871973,2.113416508526105,-0.6957437271017408,-0.22629970855919385,0.1850476566046516,75.90361445783132,21
2024,Kamilla Rakhimova,97.02173913043478,6.904070073143756,2.9661344487430163,WC_DNCTL,46,0.024234282669824195,-0.4988314808238641,0.3344524145512213,-0.44392883374538333,-0.032581468581537876,42.168674698795186,49
2024,Karolina Muchova,99.31555555555556,8.800009018754396,2.889899647827338,WC_DNCTL,225,0.47277572098366977,0.6927516340450393,-0.16325225191970305,-0.2612573194995255,0.15009004566431994,74.69879518072288,22
2024,Katerina Siniakova,94.36363636363636,5.413052407250124,2.974014758223292,WC_DNCTL,33,-0.49554106863929265,-1.4359246708568736,0.3858996112967919,-0.6000278694673544,-0.18868050430350897,19.27710843373494,68
2024,Katie Boulter,99.4,6.092450140784799,2.794484343805628,WBW_DNCTL,40,0.48928830331323864,-1.008928395774091,-0.7861782843084192,-0.3582955292705428,0.053051835893302646,57.831325301204814,36
2024,Katie Volynets,89.25531914893617,11.871537179515775,2.8436953571818604,WC_DNCTL,47,-1.4944405122703819,2.623183572099245,-0.46490045968073235,-0.5564605480319151,-0.14511318286806968,27.710843373493976,61
2024,Lesia Tsurenko,86.34285714285714,8.710854814347364,2.92355846048674,WBW_DNCTL,35,-2.063954220052088,0.6367188990052647,0.05649185349200008,-0.863250473044199,-0.45190310788035354,7.228915662650602,78
2024,Liudmila Samsonova,105.4375,9.9279642265779,3.040988436480334,WC_DNCTL,96,1.6698836221723956,1.4016628482392508,0.8231423377009865,-0.04345080057749734,0.3678965645863481,91.56626506024097,8
2024,Lucia Bronzetti,96.48,8.95414243055507,2.8530201924480454,WW_DCTL,25,-0.0816994119776506,0.7896233035489663,-0.4040225670344821,-0.31446632475779884,0.09688104040604661,62.65060240963856,32
2024,Madison Keys,99.29752066115702,6.313536552650415,2.9867177906237408,WC_DNCTL,121,0.4692491103165004,-0.8699772782204767,0.46883231956250504,-0.37831271749071177,0.03303464767313369,53.01204819277109,40
2024,Magdalena Frech,96.5111111111111,8.189855760252275,2.632232245482987,WC_DNCTL,45,-0.07561582901412697,0.30927498148901367,-1.8454533858358413,-0.28361811617654115,0.1277292489873043,67.46987951807229,28
2024,Marie Bouzkova,93.06024096385542,8.872194709631804,2.945565005739043,WC_DNCTL,83,-0.7504118773521602,0.7381197882167769,0.2001632494085345,-0.5362482260216463,-0.12490086085780089,31.32530120481928,58
2024,Marta Kostyuk,99.09345794392523,10.797914465198495,3.2103287360933965,WBW_DNCTL,107,0.4293459237794347,1.9484199141861194,1.9286932977176297,-0.40564511492852456,0.005702250235320894,45.78313253012048,46
2024,Martina Trevisan,94.14285714285714,7.543601483704434,3.014972864874848,WB_DNCTL,42,-0.5387130627682071,-0.09689088457383314,0.6532977098743781,-0.9285397751761304,-0.5171924100122849,2.4096385542168677,82
2024,Mccartney Kessler,99.4,5.531103275864216,2.6933448637229622,WBW_DNCTL,30,0.48928830331323864,-1.361730603552215,-1.446475033259904,-0.3321885478189474,0.07915881734489805,61.44578313253012,33
2024,Mirra Andreeva,104,6.572670690061994,2.724129026400548,WBW_DNCTL,26,1.3887894986345009,-0.7071134563971933,-1.2454982977794606,-0.12743973103279,0.28390763413105546,81.92771084337349,16
2024,Moyuka Uchijima,96.03508771929825,7.798729091242784,2.81302911564983,WC_DNCTL,57,-0.16869922247859412,0.06345486389207264,-0.6651073380393162,-0.39169854635311,0.019648818810735436,49.39759036144578,43
2024,Nadia Podoroska,93.25,5.024937810560445,2.6086949695628423,WBC_DNCTL,20,-0.7133056860836688,-1.6798517240566928,-1.9991182727478831,-0.5724817742030117,-0.16113440903916626,24.096385542168676,64
2024,Nao Hibino,93.29629629629629,4.622809791714382,2.7558442261991316,WC_DNCTL,27,-0.7042527352450905,-1.9325861058161868,-1.0384432160029364,-0.5742557924921112,-0.16290842732826577,22.89156626506024,65
2024,Naomi Osaka,105.6056338028169,6.55412383430558,2.7409634213227925,WC_DNCTL,71,1.702761134478419,-0.718770013273361,-1.1355936766697017,-0.010801121419570847,0.4005462437442746,96.3855421686747,4
2024,Paula Badosa,101.82926829268293,10.548644009720988,2.908391076247282,WC_DNCTL,123,0.964316506144615,1.7917553409569362,-0.042529562232367694,-0.11445620083758784,0.2968911643262576,83.13253012048193,15
2024,Petra Martic,97.63636363636364,12.499545446280692,2.3878033046491582,WW_DCTL,33,0.1444202560952045,3.01788196067744,-3.4412262220251892,0.0375524659582937,0.44889983112213916,98.79518072289156,2
2024,Peyton Stearns,93.16091954022988,11.308438466028923,2.6603559375857473,WC_DNCTL,87,-0.7307248121799704,2.2692803409067306,-1.6618457338211474,-0.33715002624489926,0.0741973389189462,60.24096385542169,34
2024,Qinwen Zheng,105.31481481481481,6.267804178510352,2.705839721214112,WC_DNCTL,162,1.6458933024501587,-0.8987197253094651,-1.3649014106421586,-0.016278856522468632,0.3950685086413768,95.18072289156626,5
2024,Renata Zarazua,86.52,7.126956819955732,2.5077244236933023,WC_DNCTL,75,-2.0293150435863008,-0.35874886653710997,-2.6583121219057113,-0.6675589085946076,-0.2562115434307622,14.457831325301203,72
2024,Sara Errani,78.90441176470588,7.483194679705926,2.9206307873391943,WBW_DNCTL,136,-3.5184956350475187,-0.13485609850356417,0.03737831781100753,-1.2004967499538997,-0.7891493847900541,0,84
2024,Sara Sorribes Tormo,88.03225806451613,8.479323365173828,3.085933505196758,WBW_DNCTL,31,-1.7336024486588046,0.4912031554550654,1.1165696198127726,-0.870922157438091,-0.4595747922742455,6.024096385542169,79
2024,Sloane Stephens,92.75,7.309396194438548,2.88361055618227,WBW_DNCTL,56,-0.811077555140328,-0.2440871161551893,-0.20431106262055207,-0.6289492491833168,-0.2176018840194714,15.66265060240964,71
2024,Sofia Kenin,94.1747572815534,4.772115049781735,2.730648932322514,WC_DNCTL,103,-0.5324751904012074,-1.8387488939765935,-1.2029325986061523,-0.523422748576196,-0.11207538341235052,32.53012048192771,57
2024,Tamara Korpatsch,89.8,9.690598139830808,2.881355371317821,WC_DNCTL,40,-1.387931582574617,1.252480079635251,-0.21903420765810963,-0.6162980443498587,-0.20495067918601323,18.072289156626507,69
2024,Tatjana Maria,104.61290322580645,6.868660322337677,2.683856297238366,WC_DNCTL,31,1.5086388865104048,-0.5210862381618698,-1.5084218575551056,-0.01721253724492322,0.39413482791892224,93.97590361445783,6
2024,Taylor Townsend,98.22826086956522,9.76211927638482,2.9314713896825144,WC_DNCTL,92,0.26016205365437156,1.297430566501559,0.10815201051853893,-0.2939554482389643,0.11739191692488116,66.26506024096386,29
2024,Varvara Gracheva,99.88888888888889,10.203164958158752,2.6416041678685938,WC_DNCTL,18,0.5848874641686369,1.574624401516323,-1.78426808136736,-0.08992722325181829,0.32142014191202717,86.74698795180723,12
2024,Veronika Kudermetova,101.62790697674419,6.568406546687653,2.5625821324774702,WW_DCTL,43,0.9249415617145368,-0.7097934378681199,-2.3001694190214645,-0.05426878708091315,0.3570785780829323,89.1566265060241,10
2024,Victoria Azarenka,93.20833333333333,7.151301031461131,2.908879413516438,WC_DNCTL,120,-0.7214533418383914,-0.3434487159485118,-0.03934141541816626,-0.5666063295959665,-0.155258964432121,25.301204819277107,63
2024,Viktorija Golubic,87.92105263157895,10.612031873474633,2.9671108170473457,WC_DNCTL,38,-1.7553479747138514,1.8315941281242767,0.3408267089078959,-0.7011152955613384,-0.289767930397493,12.048192771084338,74
2024,Viktoriya Tomova,90.50877192982456,7.078949697663852,2.9105790671900547,WB_DNCTL,57,-1.2493356699469311,-0.3889209754274763,-0.028245097797044313,-1.0453827793802992,-0.6340354142164537,1.2048192771084338,83
2024,Yafan Wang,96.57522123893806,7.168638680459035,3.1200045557346794,WW_DCTL,113,-0.06307949496792246,-0.33255213626420493,1.33900505140846,-0.47821176849855346,-0.066864403334708,38.55421686746988,52
2024,Yue Yuan,98.7,5.417051268397268,2.1219280948873624,WC_DNCTL,10,0.3524076866339154,-1.4334114172351398,-5.177012647751497,-0.0614013447904288,0.34994602037341666,87.95180722891565,11
2024,Yulia Putintseva,88.88235294117646,6.332920523182111,2.9067081876448113,WC_DNCTL,51,-1.5673717187256626,-0.8577946011157319,-0.05351642781790168,-0.7656929370661505,-0.35434557190230503,9.63855421686747,76
2024,Yuliia Starodubtseva,88.5,7.8453183241882,2.9432424322315778,WBW_DNCTL,52,-1.6421384421219298,0.0927358401814074,0.18500015251574328,-0.8103650679425924,-0.399017702778747,8.433734939759036,77
