year,ServerName,avg_speed,sd_speed,location_entropy,modal_location,n_serves,avg_speed_z,sd_speed_z,location_entropy_z,SQS_FE_logodds,SQS_FE_centered,SQS_percentile,SQS_rank
2016,Andreas Seppi,113.8108108108108,5.611683436455676,2.97517524399656,WC_DNCTL,37,0.218192183584492,-2.187220916738145,1.2456311687050583,-0.252235611791213,-0.22769582430648413,15.384615384615385,45
2016,Andy Murray,117.45528455284553,9.756422924722264,2.8624778328702085,WC_DNCTL,246,0.9772767670847569,0.1951357661747123,0.5281231322396722,0.03565185403475657,0.06019164151948544,63.46153846153846,20
2016,Benjamin Becker,113.24193548387096,9.517344794121712,2.4885289249772677,WC_DNCTL,62,0.09970470879955326,0.05771593947946617,-1.8526888487899575,0.034373478020197745,0.058913265504926614,61.53846153846154,21
2016,Daniel Evans,110,8.94427190999916,3.0847160275876964,WC_DNCTL,91,-0.5755377049748397,-0.2716808824801426,1.9430419766537625,-0.3396636083284794,-0.31512382084375057,7.6923076923076925,49
2016,David Goffin,100.65079365079364,11.534183039652921,2.6928489924095356,WW_DCTL,63,-2.5228252723927778,1.2169753057671635,-0.5518489365985519,-0.38743992770625446,-0.3629001402215256,3.8461538461538463,51
2016,Denis Istomin,111.94117647058823,6.920727605406479,2.5411434571277223,WW_DCTL,51,-0.17122222982634433,-1.4347948274853517,-1.5177091072367785,-0.055054000428918504,-0.030514212944189635,36.53846153846153,34
2016,Dominic Thiem,111.136,13.84554429317221,2.6380784072423284,WW_DCTL,125,-0.3389273881243025,2.5455236848717906,-0.9005555717077062,0.06677679447972795,0.09131658196445683,67.3076923076923,18
2016,Donald Young,104.42424242424242,12.21104242518046,2.859562201093726,WBC_DNCTL,66,-1.7368772883214842,1.60602761775655,0.5095602459223054,0.30183103814141976,0.3263708256261486,94.23076923076923,4
2016,Dustin Brown,113.31914893617021,12.025527888582477,2.455888396916251,WW_DCTL,47,0.11578701462142722,1.4993956334562473,-2.0605005541715147,0.16827328372076522,0.1928130712054941,84.61538461538461,9
2016,Evgeny Donskoy,110,8.71512985400063,2.8989152968104723,WBW_DNCTL,87,-0.5755377049748397,-0.4033895483661124,0.7601087026645801,-0.3119917251552666,-0.2874519376705377,11.538461538461538,47
2016,Federico Delbonis,107.85714285714286,10.513879715246254,2.9428370023676886,WC_DNCTL,49,-1.0218599827361656,0.6305146969931712,1.0397440234550175,-0.3137498927661493,-0.28921010528142044,9.615384615384617,48
2016,Feliciano Lopez,118.05263157894737,9.280203685864217,2.6065381868348987,WC_DNCTL,57,1.1016944335598307,-0.07859050526813348,-1.101361973452359,0.14851131478461577,0.17305110226934464,76.92307692307693,13
2016,Fernando Verdasco,115.9074074074074,11.198498077393149,2.6333268591842174,WW_DCTL,54,0.6548791422363236,1.0240267946588382,-0.9308071443327761,0.16378957600386101,0.1883293634885899,80.76923076923077,11
2016,Gael Monfils,113.28518518518518,10.935947466571028,2.786913925068597,WC_DNCTL,270,0.10871291789431528,0.8731152104529695,0.047032124269673944,-0.0475428113544899,-0.02300302386976103,40.38461538461539,32
2016,Gilles Muller,113.25,7.011894655987543,2.3092676371396212,WC_DNCTL,40,0.10138441629650592,-1.382392877295694,-2.9939876005992727,0.03945631578588771,0.06399610327061658,65.38461538461539,19
2016,Grigor Dimitrov,111.4954128440367,10.357162357349631,2.857390625210609,WW_DCTL,109,-0.2640675404943061,0.5404350560482077,0.4957345232871697,-0.10615060895778694,-0.081610821473058065,30.76923076923077,37
2016,Horacio Zeballos,113.2258064516129,8.453187108410281,2.6475848301622373,WC_DNCTL,62,0.0963452938056509,-0.5539517374407976,-0.8400312457724277,-0.06057864355282472,-0.03603885606809585,34.61538461538461,35
2016,Illya Marchenko,113.18032786885246,11.917086048640849,2.717452756800384,WC_DNCTL,61,0.08687284497038619,1.4370642992858698,-0.3952047111341147,0.004150775864592227,0.028690563349321095,53.84615384615385,25
2016,Ivo Karlovic,122.94652406417113,9.053445028560702,2.7428917686698773,WW_DCTL,187,2.1210126127510813,-0.20892921634145742,-0.23324273460179037,0.3073732661837092,0.33191305366843804,96.15384615384616,3
2016,Jack Sock,116.66666666666667,10.637325235793208,2.716627409190774,WC_DNCTL,156,0.8130204925048445,0.7014700035168354,-0.4004594329316599,0.09189143451284776,0.11643122199757663,73.07692307692307,15
2016,Janko Tipsarevic,113.76811594202898,9.479303969757781,2.8637471103299594,WW_DCTL,69,0.20929953707889412,0.035850436857774004,0.5362042120867914,-0.05297542050847248,-0.028435633023743613,38.46153846153847,33
2016,Jared Donaldson,115.5979381443299,8.897166910753146,2.7561958185246644,WC_DNCTL,97,0.5904217299191841,-0.2987563862771924,-0.148540143895038,-0.00959040590816107,0.014949381576567798,48.07692307692308,28
2016,Joao Sousa,104.79878048780488,9.784913815714814,3.12476397451067,WBW_DNCTL,164,-1.6588671035573124,0.2115120582795344,2.198014326719167,-0.5579944707857707,-0.5334546833010418,0,53
2016,John Isner,120.70491803278688,10.750727513824483,2.233940447810438,WC_DNCTL,61,1.654122548191306,0.766652550137718,-3.473571498471092,0.43477131685870085,0.4593111043434297,100,1
2016,Karen Khachanov,118.68656716417911,9.246144086122047,2.6876143458642545,WW_DCTL,67,1.2337329015919725,-0.09816763799090213,-0.5851762413410182,0.18564830482125672,0.2101880923059856,90.38461538461539,6
2016,Kei Nishikori,110.21024258760107,10.102394829561135,3.0273656892109124,WC_DNCTL,371,-0.5317475947039182,0.3939971136553676,1.5779108856368014,-0.2770118757129329,-0.25247208822820405,13.461538461538462,46
2016,Kevin Anderson,123.98,9.526525803122093,2.7578639454869416,WC_DNCTL,50,2.3362688351400567,0.06299309579046214,-0.1379197180190919,0.30147907694553266,0.3260188644302615,92.3076923076923,5
2016,Kyle Edmund,112.63333333333334,12.215853197842156,2.710890348599175,WC_DNCTL,150,-0.02705721697036339,1.6087928039481092,-0.4369854457213074,-0.004185634624493395,0.020354152860235473,50,27
2016,Lucas Pouille,114.73732718894009,10.873861721988801,2.844827335306525,WW_DCTL,217,0.4111704703770813,0.837428917276327,0.4157481120596901,0.027069032855828845,0.051608820340557714,57.692307692307686,23
2016,Lukas Rosol,120.53191489361703,5.191343395833973,2.868315588091871,WBW_DNCTL,47,1.6180888091287038,-2.4288283585824044,0.56529023523341,-0.026028411456911926,-0.0014886239721830577,46.15384615384615,29
2016,Marcel Granollers,118.3265306122449,8.661186781416564,2.85165007164626,WW_DCTL,49,1.1587431457548865,-0.43439551142634986,0.45918627186759864,0.0897100950127856,0.11424988249751447,71.15384615384616,16
2016,Marcos Baghdatis,113.53164556962025,8.93973475634452,2.790300134734279,WW_DCTL,79,0.1600466059685114,-0.2742887950790236,0.06859102809896982,-0.04596585750826121,-0.02142607002353234,42.30769230769231,31
2016,Marin Cilic,120.29230769230769,9.853176957400397,2.747069228810131,WC_DNCTL,65,1.5681825275957164,0.2507490603279522,-0.20664619442674242,0.1852960738291226,0.20983586131385148,88.46153846153845,7
2016,Milos Raonic,118.7936507936508,12.145990258726513,2.8484632190503296,WC_DNCTL,126,1.256036679319791,1.568636253612133,0.43889661014638237,0.15393597236904066,0.17847575985376954,78.84615384615384,12
2016,Mischa Zverev,115.56363636363636,8.541323594982732,2.6279697776899917,WC_DNCTL,55,0.5832772271036594,-0.5032917265067568,-0.9649139528715939,0.032017549982764515,0.056557337467493383,59.61538461538461,22
2016,Nick Kyrgios,116.15384615384616,10.95871864447703,2.099760695373079,WW_DCTL,52,0.7062083234679463,0.8862038660888025,-4.327850667287151,0.38462258889038525,0.4091623763751141,98.07692307692307,2
2016,Nicolas Almagro,116.64516129032258,9.101654366210768,2.8121373166649435,WC_DNCTL,93,0.8085412725129728,-0.1812189493742395,0.20762131612787366,0.009874977390405215,0.034414764875134084,55.769230769230774,24
2016,Nicolas Mahut,109.93478260869566,7.113062081404396,3.0680900125667736,WC_DNCTL,46,-0.5891214264719227,-1.3242428071363446,1.8371895061073744,-0.3853458820693176,-0.36080609458458873,5.769230769230769,50
2016,Novak Djokovic,113.88950276243094,9.101828282532832,2.88451553316368,WC_DNCTL,181,0.2345824367591628,-0.181118983932911,0.6684300559546569,-0.11661165680545815,-0.09207186932072928,28.846153846153843,38
2016,Pablo Carreno Busta,111.31428571428572,10.018161561714033,2.966835162295501,WC_DNCTL,70,-0.30179337461455874,0.3455806355758109,1.192532560800228,-0.21571555517305346,-0.1911757676883246,21.153846153846153,42
2016,Pablo Cuevas,110.16417910447761,10.931740019147155,2.7838430120039996,WC_DNCTL,67,-0.5413418687682505,0.8706968098474199,0.027480612117679486,-0.1560535596079093,-0.1315137721231804,23.076923076923077,41
2016,Paolo Lorenzi,114.65333333333334,9.14669240665619,3.081658231629438,WW_DCTL,75,0.3936759168659798,-0.15533151375996349,1.923573976883457,-0.12033136849364473,-0.09579158100891585,26.923076923076923,39
2016,Rafael Nadal,113.34319526627219,6.404097774154439,2.971370035938965,WC_DNCTL,169,0.12079547393878856,-1.7317487215864698,1.2214046373725311,-0.24537891854169158,-0.2208391310569627,17.307692307692307,44
2016,Ricardas Berankis,107.45652173913044,11.328835424583353,2.7606579575830814,WC_DNCTL,46,-1.1053028433611096,1.0989434573322692,-0.12013114494606704,-0.2307925831196853,-0.20625279563495644,19.230769230769234,43
2016,Richard Gasquet,111,9.13534594060594,2.4730724143730924,WW_DCTL,23,-0.3672539753528872,-0.16185335410693277,-1.951095462246006,5.050789000583533e-4,0.025044866384787222,51.92307692307693,26
2016,Roberto Bautista Agut,103.75483870967741,9.77629118285653,2.7440130983549547,WBW_DNCTL,155,-1.8763031906138727,0.2065558512435096,-0.22610359047657008,-0.43881077177984124,-0.4142709842951124,1.9230769230769231,52
2016,Ryan Harrison,117.42682926829268,11.228830648715965,2.8183693700277437,WC_DNCTL,164,0.9713499942906357,1.0414616670327022,0.2472987881017149,0.09310516277883796,0.11764495026356683,75,14
2016,Sam Querrey,118.98181818181818,9.715377099657644,2.6358469586525524,WC_DNCTL,55,1.2952288847205158,0.17154301784271403,-0.9147624845384599,0.18107314072122127,0.20561292820595015,86.53846153846155,8
2016,Sergiy Stakhovsky,115.7,9.661448635871835,3.086280045756848,WC_DNCTL,40,0.61167955387029,0.14054545178022615,1.9529995754515381,-0.12037608636827768,-0.0958362988835488,25,40
2016,Stan Wawrinka,111.2038567493113,11.361089284275469,2.738086848566694,WW_DCTL,363,-0.3247939312977223,1.1174826679158953,-0.2638341098086525,-0.039957539484806515,-0.015417752000077646,44.230769230769226,30
2016,Steve Johnson,111.47777777777777,9.495389511364678,2.6104123856384263,WC_DNCTL,90,-0.26774063786684393,0.045096252584901804,-1.0766962003115805,-0.07818009289671546,-0.05364030541198659,32.69230769230769,36
2016,Taylor Fritz,115.57446808510639,13.805476053684746,2.6506486205671633,WC_DNCTL,94,0.5855332984496627,2.5224928433953253,-0.8205250812952748,0.1674301401066024,0.19196992759133127,82.6923076923077,10
2016,Vasek Pospisil,119.98039215686275,9.194542285678894,2.9173052713062293,WC_DNCTL,51,1.5032155965462162,-0.1278278601795578,0.8771917337583955,0.08648654120123356,0.11102632868596243,69.23076923076923,17
2017,Adrian Mannarino,109.53333333333333,9.382563242376728,2.7750065186636284,WC_DNCTL,120,-0.6727367787984179,-0.019755209537746878,-0.028778488446581426,-0.21706966801897898,-0.09995753020876884,35.08771929824561,38
2017,Alexander Zverev,121.76666666666667,7.9705215314398385,2.8298506365892586,WBW_DNCTL,90,1.875267513576801,-0.8313833024795036,0.32039630599813135,0.10932145297555662,0.22643359078576675,87.71929824561403,8
2017,Andrey Rublev,111.3457249070632,8.733801121420107,2.791280665166272,WC_DNCTL,269,-0.2952451022865609,-0.3926574821310281,0.07483374883161292,-0.17785195628439598,-0.060739818474185844,40.35087719298245,35
2017,Bernard Tomic,108.21917808219177,9.269493836328667,2.4279357304675657,WW_DCTL,73,-0.9464539358084549,-0.08474642452101731,-2.2384661579694733,-0.0750142719714132,0.04209786583879695,54.385964912280706,27
2017,Bjorn Fratangelo,108.12727272727273,9.67634485906997,2.940781289711284,WBW_DNCTL,55,-0.9655963259032238,0.14910765864188777,1.0266559645822178,-0.3685986147029512,-0.25148647689274106,8.771929824561402,53
2017,Borna Coric,111.2158273381295,8.074618122551945,2.5115192200880263,WC_DNCTL,139,-0.32230065241289657,-0.7715495758468824,-1.7063170613831833,-0.08579379721608871,0.03131834059412143,52.63157894736842,28
2017,Damir Dzumhur,101.97297297297297,9.049291159666055,2.6618504899791247,WW_DCTL,74,-2.247436831940243,-0.21131682051998826,-0.7492063948570671,-0.3964069329684507,-0.27929479515824057,5.263157894736842,55
2017,David Goffin,107.2139534883721,8.59258486549442,2.742325688702737,WC_DNCTL,215,-1.1558258633169294,-0.4738272376712479,-0.2368467830146656,-0.3068203689766176,-0.18970823116640745,17.543859649122805,48
2017,Denis Shapovalov,112.39682539682539,8.537468995909666,2.6145977725302796,WW_DCTL,63,-0.07631797207143076,-0.5055073132493406,-1.0500491930679559,-0.024832542187964712,0.09227959562224543,68.42105263157895,19
2017,Diego Schwartzman,101.64878048780488,8.177177768068749,2.888844545949285,WC_DNCTL,205,-2.314960851866461,-0.7125992708673248,0.6959914828995115,-0.573807329637924,-0.4566951918277139,1.7543859649122806,57
2017,Dominic Thiem,109.09493670886076,10.359025096570754,2.507482548035757,WW_DCTL,158,-0.7640476627972401,0.5415057407666388,-1.7320172492502413,-0.0469850946493553,0.07012704316085484,63.1578947368421,22
2017,Donald Young,104.8170731707317,9.654689960920212,3.033120605371897,WC_DNCTL,82,-1.6550570353325211,0.13666062995144362,1.614550579072717,-0.48113145803104634,-0.3640193202208362,3.508771929824561,56
2017,Dudi Sela,106.05128205128206,10.750639437405127,2.739653180012395,WW_DCTL,39,-1.3979914065589583,0.7666019246528465,-0.2538617831258422,-0.2383688353019534,-0.12125669749174327,29.82456140350877,41
2017,Dusan Lajovic,112.93846153846154,5.650986979825192,3.1880778628685382,WC_DNCTL,65,0.03649602360659,-2.164629615288779,2.6011134153549342,-0.36909211365415306,-0.25197997584394294,7.017543859649122,54
2017,Feliciano Lopez,122.93457943925233,7.3770053596413385,2.732481093200891,WC_DNCTL,107,2.118524741724059,-1.1725307309979511,-0.29952414461267335,0.21622085246966083,0.33333299027987096,94.73684210526315,4
2017,Fernando Verdasco,111.74137931034483,12.348109230683772,2.9812250652923797,WC_DNCTL,58,-0.21283672752971589,1.6848123088139115,1.284148427935294,-0.14272812846526473,-0.025615990655054585,49.122807017543856,30
2017,Florian Mayer,113.8048780487805,6.241872764624099,2.9878321144699984,WC_DNCTL,41,0.21695648578185905,-1.824994108102147,1.3262133772086047,-0.24035485223093078,-0.12324271442072064,28.07017543859649,42
2017,Frances Tiafoe,114.54054054054055,8.340673060435451,2.8336645440249297,WC_DNCTL,74,0.3701830133086217,-0.6186237379062643,0.34467822346259785,-0.09375922481032595,0.023352912999884193,50.877192982456144,29
2017,Gael Monfils,111.52032520325203,11.814376899892785,2.7523167123486303,WC_DNCTL,123,-0.25887870140325425,1.3780280612764757,-0.1732371606924027,-0.07128163898069673,0.045830498829513414,56.14035087719298,26
2017,Gilles Muller,113.91666666666667,8.42194027609935,2.688384514827605,WC_DNCTL,48,0.24024023604447522,-0.5719121183010519,-0.5802728241718278,-0.05388930193471997,0.06322283587549017,61.40350877192983,23
2017,Gilles Simon,109.12,10.933266965121279,2.4774233779689143,WW_DCTL,50,-0.7588273870421569,0.87157448381370894,-1.9233942815785063,-0.018036746322869557,0.09907539148734058,73.68421052631578,16
2017,Grigor Dimitrov,117.98412698412699,7.684278175625161,2.3891777648658383,WC_DNCTL,63,1.0874260410544008,-0.9959132502832193,-2.4852256133850905,0.19146050723793628,0.3085726450481464,91.22807017543859,6
2017,Guido Pella,108.04123711340206,9.374074983001874,2.660578337167655,WC_DNCTL,97,-0.9835161444405198,-0.024634179978525555,-0.7573057811403802,-0.22281348631670744,-0.1057013485064973,33.33333333333333,39
2017,Horacio Zeballos,111.15492957746478,4.615650046538697,2.8412568931759017,WW_DCTL,71,-0.33498466512976866,-2.7597313989024803,0.39301625959872477,-0.26891661155901087,-0.15180447374880074,22.807017543859647,45
2017,Hyeon Chung,113.84615384615384,7.517404867904593,2.898010430127128,WC_DNCTL,143,0.2255535628018993,-1.0918304342156002,0.7543477085943481,-0.16710815215276043,-0.049996014342550285,43.859649122807014,33
2017,Jack Sock,115.144578313253,9.66150587934392,2.9080228228008753,WC_DNCTL,83,0.49599425344171,0.14057835478140662,0.8180933806187619,-0.06680789595620684,0.0503042418540033,59.64912280701754,24
2017,Jared Donaldson,118.57142857142857,9.111472596367426,2.660827871485491,WW_DCTL,84,1.2097514060704668,-0.17557552442695248,-0.7557170766916084,0.18889241826004877,0.3060045560702589,89.47368421052632,7
2017,Jeremy Chardy,117.45098039215686,8.888900326790028,2.952956758446301,WW_DCTL,51,0.9763802804436302,-0.3035079398079144,1.104173243619915,0.023658381959906438,0.14077051977011656,78.94736842105263,13
2017,John Isner,122.01886792452831,8.122843898039267,2.478692758797716,WW_DCTL,106,1.9277969321795716,-0.7438298605677617,-1.9153125436140106,0.3575809228048684,0.47469306061507854,98.24561403508771,2
2017,Jordan Thompson,109.20952380952382,12.236212993606658,2.9390724403117376,WW_DCTL,105,-0.7401810341045721,1.6204954201534496,1.0157762720939048,-0.16843239896039464,-0.051320261150184496,42.10526315789473,34
2017,Julien Benneteau,108.76271186440678,7.693120489360759,2.847371509545184,WC_DNCTL,59,-0.8332446924731871,-0.9908307727764784,0.4319460481450129,-0.32013300391244826,-0.20302086610223813,14.035087719298245,50
2017,Kevin Anderson,123.13968253968254,8.948873531261677,2.657460032579648,WC_DNCTL,315,2.161244380438688,-0.26903591451580416,-0.7771590198233292,0.2972804154030336,0.41439255321324375,96.49122807017544,3
2017,Kyle Edmund,108.53333333333333,11.746570601837576,2.941400338454544,WC_DNCTL,60,-0.8810205084203704,1.3390536485847462,1.0305972480936454,-0.25560613817412947,-0.13849400036391935,26.31578947368421,43
2017,Leonardo Mayer,117.17511520737327,7.277993727326175,2.8145262833579556,WC_DNCTL,217,0.9189220508840534,-1.2294416718664665,0.2228310958730585,-0.02248504895137604,0.0946270888588341,71.9298245614035,17
2017,Lucas Pouille,114.0160642570281,12.054301825986581,2.8635172380816134,WC_DNCTL,249,0.2609431368803898,1.5159346179358368,0.5347406896872952,-0.022606857392491686,0.09450528041771845,70.17543859649122,18
2017,Marcos Baghdatis,115.05,7.729231892046301,2.462814895472355,WC_DNCTL,40,0.4762951296160198,-0.9700742833129542,-2.01640177382776,0.059415133431221845,0.17652727124143197,82.45614035087719,11
2017,Marin Cilic,113.6470588235294,9.404820469090971,2.653328591478926,WW_DCTL,119,0.18408530894051525,-0.006961968139610002,-0.8034625716292161,0.026995471413580607,0.14410760922379073,80.7017543859649,12
2017,Mikhail Kukushkin,108.2063492063492,8.150121174952593,2.431249362593819,WC_DNCTL,63,-0.9491259819158029,-0.7281511422478066,-2.2173693319047545,-0.15655100211230788,-0.03943886430209774,45.614035087719294,32
2017,Mikhail Youzhny,106.1470588235294,10.34876666380357,2.7613925998312165,WC_DNCTL,102,-1.3780426632241283,0.5356092915619786,-0.11545391490417212,-0.3039718538080332,-0.18685971599782308,19.298245614035086,47
2017,Mischa Zverev,113.74528301886792,8.359837456559179,2.826371332047144,WW_DCTL,106,0.20454381068473676,-0.6076082260004857,0.29824469714281443,-0.06914745818489954,0.047964679625310605,57.89473684210527,25
2017,Nicolas Almagro,114.63829787234043,7.075449077512581,2.5001638011135734,WC_DNCTL,47,0.39054427497379207,-1.345862402635595,-1.7786133483179982,0.011713076991574534,0.12882521480178466,77.19298245614034,14
2017,Nicolas Mahut,107.5,9.246621004453464,2.9305566213007417,WC_DNCTL,54,-1.0962470290297208,-0.09789350988773146,0.9615588014669721,-0.3560082493042717,-0.2388961114940616,10.526315789473683,52
2017,Pablo Carreno Busta,108.35395189003437,8.12075734435855,2.9680398173256743,WW_DCTL,291,-0.9183827444556475,-0.7450291917005352,1.2002022104991783,-0.32320363344652486,-0.20609149563631474,12.280701754385964,51
2017,Paolo Lorenzi,114.63478260869566,7.586149006615417,2.916324020709077,WC_DNCTL,115,0.38981210275125455,-1.0523169596697453,0.8709444279666605,-0.14502354720266497,-0.02791140939245483,47.368421052631575,31
2017,Philipp Kohlschreiber,111.31481481481481,12.224046938308321,2.7305635500432346,WW_DCTL,54,-0.30168317158301433,1.6135024877323092,-0.311732522889838,-0.009314619699308246,0.1077975181109019,75.43859649122807,15
2017,Radu Albot,107.73684210526316,9.657285223847168,2.9501117510426424,WW_DCTL,76,-1.0469166720139937,0.1381523623016801,1.086059999885862,-0.2954075841210008,-0.1782954463107907,21.052631578947366,46
2017,Rafael Nadal,113.96138996138995,6.866843688811149,2.899103568958821,WC_DNCTL,259,0.2495553706704225,-1.4657667882480994,0.7613073706564423,-0.1813443167684407,-0.06423217895823057,38.59649122807017,36
2017,Richard Gasquet,107.71875,8.966372361960735,2.66777627200578,WW_DCTL,64,-1.0506849631749187,-0.25897775371291715,-0.711478853612127,-0.19923588112063745,-0.08212374331042731,36.84210526315789,37
2017,Roger Federer,113.66666666666667,9.0577546033736,2.6847166341362323,WC_DNCTL,234,0.18816930363898712,-0.2064521138878333,-0.6036250364946611,-0.043736715183477326,0.07337542262673281,66.66666666666666,20
2017,Ruben Bemelmans,111.42372881355932,7.799653815992597,2.8480893316885694,WC_DNCTL,59,-0.2789981577164667,-0.9295964338336364,0.4365161900097117,-0.2240134297662702,-0.10690129195606006,31.57894736842105,40
2017,Ryan Harrison,120.5,7.608135180859535,2.5605935499637815,WC_DNCTL,44,1.6114414560556614,-1.0396795166433643,-1.3938766448901154,0.20749015499638168,0.3246022928065918,92.98245614035088,5
2017,Sam Querrey,122.00392156862745,10.966842667972424,2.5378674994611137,WC_DNCTL,255,1.9246838494282834,0.8908734772238774,-1.5385660721787395,0.36173379313498977,0.4788459309451999,100,1
2017,Steve Johnson,115.625,8.168358915880274,2.51736178596824,WC_DNCTL,104,0.5960582741486431,-0.7176682629007948,-1.6691193304793934,0.06929426252312432,0.18640640033333444,84.21052631578947,10
2017,Taro Daniel,110.36842105263158,5.498707982215842,2.696940160170293,WC_DNCTL,76,-0.4988015940614895,-2.2521581291191213,-0.5258017921474645,-0.26220970913385677,-0.14509757132364665,24.561403508771928,44
2017,Taylor Fritz,114.62878787878788,10.605633893137732,2.8715464240977657,WC_DNCTL,132,0.3885634980479851,0.6832541223548254,0.585859925127458,-0.044089821529024964,0.07302231628118518,64.91228070175438,21
2017,Thomas Fabbiano,105.16363636363636,6.8007723863179725,3.0053313686384184,WBW_DNCTL,55,-1.5828735609646476,-1.5037439420569159,1.4376254795142618,-0.5780287778210836,-0.4609166400108735,0,58
2017,Tomas Berdych,120.14545454545454,7.196753851096061,2.7857814020687615,WC_DNCTL,55,1.5375954064624229,-1.276137577026182,0.0398217159227345,0.09143305292391923,0.20854519073412936,85.96491228070175,9
2017,Yuichi Sugita,110.4,6.9767955162578525,2.932076653061451,WC_DNCTL,75,-0.49222421312605746,-1.4025675276775187,0.9712363530015751,-0.3169748205945619,-0.19986268278435176,15.789473684210526,49
2018,Adrian Mannarino,106.95238095238095,8.61249761726372,3.01022415828901,WBW_DNCTL,63,-1.2103071666798384,-0.4623815780858686,1.468776291764049,-0.4675154605698666,-0.39534840758981576,3.076923076923077,64
2018,Alex De Minaur,112.41666666666667,6.448615528457011,3.0901752956070783,WW_DCTL,192,-0.07218535838845348,-1.7061603414792899,1.9777993738111235,-0.2763813465973338,-0.204214293617283,16.923076923076923,55
2018,Alexander Zverev,123.87826086956522,8.344709245233801,2.8017933384955924,WC_DNCTL,115,2.3150782296046066,-0.6163037774226099,0.1417645462930209,0.247492168380943,0.31965922136099384,92.3076923076923,6
2018,Andreas Seppi,112.01123595505618,6.352333826710091,2.643874350419284,WC_DNCTL,89,-0.15662997910596904,-1.7615021443231946,-0.8636546725051512,-0.15933063068347353,-0.08716357770342271,35.38461538461539,43
2018,Benoit Paire,117.48780487804878,7.652195603941108,2.8758786884752925,WW_DCTL,41,0.9840502217066088,-1.0143540061553091,0.6134420539084211,0.022644930982482547,0.09481198396253336,66.15384615384615,23
2018,Borna Coric,117.82352941176471,8.031701892757079,2.5605974124766395,WW_DCTL,51,1.0539761797145542,-0.796217414958764,-1.3938520535176173,0.17410287731829477,0.2462699302983456,87.6923076923077,9
2018,Bradley Klahn,122.5,5.261527674486541,2.8317923126756397,WC_DNCTL,50,2.028008915299566,-2.388487105348829,0.332758330842066,0.10223604168224798,0.1744030946622988,78.46153846153847,15
2018,Cameron Norrie,107.32857142857142,7.184365933861916,3.0196193790278705,WC_DNCTL,70,-1.1319528112506283,-1.2832580335696353,1.5285926293100893,-0.45508659520805955,-0.3829195422280087,4.615384615384616,63
2018,Daniil Medvedev,117.03296703296704,8.304551027332408,2.744455164288233,WW_DCTL,91,0.8893148989597719,-0.6393863376322663,-0.22328909938396424,0.07843079713411372,0.15059785011416454,73.84615384615385,18
2018,David Goffin,107.72881355932203,8.875839690094624,2.7545408709414274,WC_DNCTL,118,-1.0485888875060536,-0.311015069074416,-0.15907666091910908,-0.28597290159586075,-0.21380584861580992,13.846153846153847,57
2018,Denis Shapovalov,117.71022727272727,7.740144550480802,2.9118864386948236,WC_DNCTL,176,1.0303771876216903,-0.9638017914414201,0.8426917757905482,-0.030928461949120578,0.041238591030930236,55.38461538461539,30
2018,Diego Schwartzman,102.04347826086956,8.301540591509884,2.8612406148881298,WW_DCTL,207,-2.2327517276190707,-0.6411167073987074,0.5202461647376794,-0.4961761482229079,-0.42400909524285707,1.5384615384615385,65
2018,Dominic Thiem,115.9,11.338728815871496,2.707491464875501,WW_DCTL,320,0.6533362997946812,1.104630084180278,-0.4586250411864891,0.13696847223088082,0.20913552521093165,84.61538461538461,11
2018,Dusan Lajovic,110.21019108280255,8.095608058388708,3.1111745480063013,WC_DNCTL,157,-0.5317583223154474,-0.7594847611447315,2.1114948350077873,-0.3663942397997878,-0.294227186819737,7.6923076923076925,61
2018,Fabio Fognini,108.2520325203252,7.417959482511324,3.011760068119269,WW_DCTL,123,-0.9396108908993911,-1.1489906922118345,1.4785549338418302,-0.36397764735359295,-0.2918105943735421,9.230769230769232,60
2018,Federico Delbonis,110.31372549019608,8.566189808960413,2.8501114153514666,WC_DNCTL,51,-0.5101937897993254,-0.488998864140817,0.44939014393672333,-0.24282514830554985,-0.17065809532549903,24.615384615384617,50
2018,Frances Tiafoe,112.2482269503546,9.949986380729225,2.948710921933046,WW_DCTL,141,-0.10726861071839401,0.306394192498329,1.0771413731507442,-0.12830376911661684,-0.056136716136566026,43.07692307692308,38
2018,Gilles Simon,100.671875,11.679659007171807,2.551196828926411,WC_DNCTL,64,-2.518434370354615,1.3005935028584301,-1.4537025343524523,-0.3736739575002045,-0.30150690452015366,6.153846153846154,62
2018,Grigor Dimitrov,118.44897959183673,8.2058445241024085,2.5066383419023612,WW_DCTL,49,1.1842472759126768,-0.6961218932160735,-1.7373920371809584,0.22297404957905953,0.29514110255911036,90.76923076923077,7
2018,Guido Pella,110.51785714285714,9.383695024015449,2.8172748583903555,WW_DCTL,112,-0.46767648784918653,-0.019104672258326127,0.24033038582892066,-0.15073991485654692,-0.0785728618764961,36.92307692307693,42
2018,Hyeon Chung,111.05555555555556,6.358523225566051,2.7362395960887316,WBW_DNCTL,54,-0.3556826570405561,-1.757944536958618,-0.27559497001894173,-0.2728247749350664,-0.20065772195501558,18.461538461538463,54
2018,Jack Sock,112.796875,12.308442950151854,2.7412956845335215,WC_DNCTL,64,0.007005851311558707,1.6620125095070961,-0.24340448706144766,-0.008366556857448693,0.06380049612260212,63.07692307692307,25
2018,Jaume Munar,114.7536231884058,8.340908747749127,2.805108791186167,WW_DCTL,69,0.41456466192371705,-0.6184882670887609,0.1628729633030704,-0.025521995017975696,0.04664505796207512,58.46153846153847,28
2018,Jeremy Chardy,122.6046511627907,6.69093037478176,2.8499204812553343,WW_DCTL,43,2.049806049794888,-1.5668800814906942,0.44817452818263454,0.18670852691308626,0.2588755798931371,89.23076923076924,8
2018,Joao Sousa,109.77099236641222,7.747520581546056,2.5777959678708866,WW_DCTL,131,-0.6232362690104009,-0.959562119213183,-1.2843544032376815,-0.12365994617879572,-0.05149289319874491,44.61538461538462,37
2018,John Isner,121.775,9.189710751653697,2.6917404594521015,WW_DCTL,320,1.877003211323652,-0.13060497980462313,-0.5589066080898157,0.2909193917403765,0.36308644472042734,93.84615384615384,5
2018,John Millman,111.73867595818815,7.847631306445435,2.9486364641146223,WC_DNCTL,287,-0.21339979179938912,-0.902019430421654,1.076667324256783,-0.25285435317657795,-0.18068730019652712,21.53846153846154,52
2018,Julien Benneteau,115.7125,6.990398025646467,2.683645749244733,WC_DNCTL,80,0.6142831004905651,-1.3947489351608864,-0.6104430149033976,-0.02810044351529062,0.044066609464760195,56.92307692307692,29
2018,Karen Khachanov,117.8425925925926,8.8382791459862,2.7489963520371457,WW_DCTL,108,1.0579467301158438,-0.33260451119107193,-0.19437682294054356,0.11964813641221328,0.1918151893922641,83.07692307692308,12
2018,Kei Nishikori,107.54208754208754,9.187558403146584,2.8850188904684826,WW_DCTL,297,-1.0874808787931065,-0.13184212917538465,0.6716347694241138,-0.288442439844914,-0.2162753868648632,12.307692307692308,58
2018,Kevin Anderson,123.8817891373802,9.508873419696188,2.5718310018654367,WC_DNCTL,313,2.315813110384214,0.05284667434634109,-1.3223314162265132,0.3738133496883247,0.4459804026683755,98.46153846153847,2
2018,Kyle Edmund,111.5657894736842,7.090529883942929,2.5032861797780677,WW_DCTL,76,-0.24940923359309936,-1.3371940990945008,-1.758734171305219,-0.0480668811411511,0.024100171838899717,53.84615384615385,31
2018,Laslo Djere,112.06122448979592,7.063427411867492,2.7933898069059873,WW_DCTL,49,-0.14621818065203956,-1.3527723412627146,0.08826197343025731,-0.15033838584550252,-0.0781713328654517,38.46153846153847,41
2018,Lucas Pouille,115.72727272727273,9.060968621993899,2.800454008050389,WC_DNCTL,143,0.6173600192236168,-0.20460472667308705,0.13323746170153197,-0.01870003958504407,0.05346701339500674,60,27
2018,Marco Cecchinato,114.30508474576271,5.760310807251862,2.6148634379644276,WC_DNCTL,59,0.32114140221119325,-2.101791323133422,-1.0483577870089602,-0.08307587492519453,-0.010908821945143712,46.15384615384615,36
2018,Marcos Baghdatis,113.25675675675676,8.34210447941655,2.732666819408293,WW_DCTL,74,0.10279173879395179,-0.6178009719434522,-0.2983416858049579,-0.04838119061853774,0.023785862361513074,52.307692307692314,32
2018,Marin Cilic,115.64150943396227,8.507246622978316,2.8558088055632314,WW_DCTL,212,0.599496920628252,-0.5228788446399898,0.4856635882240746,-0.01055189215077812,0.061615160829272694,61.53846153846154,26
2018,Marton Fucsovics,108.75438596491227,8.025140634625277,2.7755461522008975,WW_DCTL,57,-0.8349788418723608,-0.7999887634844952,-0.025342815915446158,-0.2328386679141976,-0.16067161493414678,27.692307692307693,48
2018,Maximilian Marterer,117.07272727272728,7.238923967139053,3.2026406233586853,WW_DCTL,55,0.897596309987698,-1.2518985969748089,2.6938298103490146,-0.13723357258908447,-0.06506651960903366,41.53846153846154,39
2018,Michael Mmoh,110.26315789473684,12.34975672748537,2.9360508206741196,WBW_DNCTL,76,-0.5207261971795903,1.6857592742447858,0.9965385952789346,-0.21831818581398454,-0.14615113283393372,29.230769230769234,47
2018,Mikhail Kukushkin,110.45588235294117,7.134545740226913,3.026803056745976,WC_DNCTL,136,-0.48058482823542065,-1.3118942051761653,1.574328786357559,-0.3495217623077537,-0.2773547093277029,10.76923076923077,59
2018,Milos Raonic,122.9367816091954,10.430143232381017,2.7414337762093948,WW_DCTL,174,2.1189834178930638,0.5823837661777709,-0.24252530193893418,0.3453743036651242,0.41754135664517505,96.92307692307692,3
2018,Mirza Basic,114.28,10.2699084907395,2.710655558074129,WW_DCTL,50,0.3159166578071172,0.4902823666410456,-0.43848028120086735,0.049449338315731395,0.12161639129578221,69.23076923076923,21
2018,Mischa Zverev,115.2741935483871,7.965436307477594,2.893060021002668,WW_DCTL,62,0.5229909980312659,-0.8343062406580931,0.7228300517547478,-0.053584414738129804,0.01858263824192101,50.76923076923077,33
2018,Nick Kyrgios,124.13533834586467,10.225326515411428,2.5761555310613797,WC_DNCTL,133,2.3686232851700537,0.4646570729016056,-1.2947985348496773,0.4005920138324328,0.47275906681248364,100,1
2018,Nicolas Jarry,118.79347826086956,10.008280136229027,2.816788367003968,WC_DNCTL,92,1.2560007435486333,0.3399008865571932,0.2372330522174776,0.10830518449460647,0.1804722374746573,80,14
2018,Nikoloz Basilashvili,110.03535353535354,9.279843482087577,2.797767747339886,WW_DCTL,198,-0.5681741387760836,-0.07879754695963652,0.11613490691732051,-0.16254226749433975,-0.09037521451428894,33.84615384615385,44
2018,Novak Djokovic,110.6125,8.144069134589019,2.7942068743900603,WW_DCTL,320,-0.44796392058139434,-0.7316297972624911,0.09346397834144109,-0.17194482503326503,-0.09977777205321421,32.30769230769231,45
2018,Paolo Lorenzi,113.82142857142857,5.344382056180074,2.846128029804065,WC_DNCTL,112,0.22040369036619264,-2.340863197864416,0.42402921404458777,-0.20628518199648643,-0.1341181290164356,30.76923076923077,46
2018,Peter Polansky,117.2439024390244,7.958581807724533,2.4071530488070216,WC_DNCTL,41,0.9332493120427198,-0.8382461416677844,-2.3707827831847927,0.165604529692448,0.23777158267249882,86.15384615384616,10
2018,Philipp Kohlschreiber,112.35820895522389,9.626407121105599,2.9737799870352934,WW_DCTL,134,-0.08436114855292053,0.12040392367717849,1.2367480180395953,-0.14358904058610472,-0.07142198760605391,40,40
2018,Radu Albot,109.47692307692307,9.526456076874306,2.9573384116625423,WW_DCTL,65,-0.6844861173924774,0.06295301780899663,1.1320698151936215,-0.2408207981805065,-0.16865374520045567,26.153846153846157,49
2018,Rafael Nadal,111.21794871794872,7.805756694860228,2.961661174486879,WC_DNCTL,312,-0.32185880351220575,-0.9260885573322384,1.1595914506526475,-0.27763764405415153,-0.2054705910741007,15.384615384615385,56
2018,Richard Gasquet,112.20618556701031,6.795972815911587,2.622828628543035,WW_DCTL,194,-0.1160251468398106,-1.5065026892990845,-0.9976459898610932,-0.08265241639873822,-0.010485363418687402,49.23076923076923,34
2018,Robin Haase,112.57894736842105,8.725879751842161,2.665147033901797,WC_DNCTL,57,-0.038384928581382774,-0.3972106097293409,-0.7282183638682564,-0.08302910699063637,-0.010862054010585556,47.69230769230769,35
2018,Roger Federer,115.18222222222222,8.006004690924875,2.5130472353028233,WW_DCTL,225,0.5038348671993674,-0.8109879212090165,-1.6965886817735665,0.10009220203485836,0.17225925501490919,76.92307692307693,16
2018,Ryan Harrison,123.37333333333333,8.158519561871593,2.535365640635717,WC_DNCTL,75,2.2099100391694053,-0.7233238296365297,-1.554494599687782,0.33387569171608633,0.40604274469613716,95.38461538461539,4
2018,Stan Wawrinka,116.09401709401709,9.688228643105228,2.751594217251253,WW_DCTL,117,0.6937469037469726,0.15593834423620312,-0.1778370537466801,0.08045155852123553,0.15261861150128636,75.38461538461539,17
2018,Stefanos Tsitsipas,115.74,9.027870678049826,2.5986662342334683,WW_DCTL,50,0.6200109030551665,-0.22362910882522424,-1.151480154497959,0.11260468969236215,0.18477174267241298,81.53846153846153,13
2018,Steve Johnson,115.25,9.891180062963906,2.7085978383924014,WW_DCTL,80,0.5179518755404109,0.27259288254331043,-0.4515811181560068,0.07398945198256246,0.1461565049626133,72.3076923076923,19
2018,Taro Daniel,108.48387096774194,8.127611242925504,2.718616668167312,WC_DNCTL,31,-0.8913227144016708,-0.741089636246878,-0.38779446318646593,-0.2652309992781532,-0.19306394629810236,20,53
2018,Taylor Fritz,113.44444444444444,11.07325422196779,2.665819455277271,WW_DCTL,153,0.14188403038966302,0.9520378224179892,-0.7239372740368967,0.06050005997096186,0.1326671129510127,70.76923076923077,20
2018,Tennys Sandgren,111.33333333333333,11.619793795207265,2.5731651882012443,WW_DCTL,69,-0.297826065478904,1.2661835506282675,-1.3138370825189625,0.039298287831287526,0.11146534081133834,67.6923076923077,22
2018,Vasek Pospisil,115.80952380952381,8.142745073296078,2.773888771067723,WW_DCTL,42,0.634491581400313,-0.7323908550512264,-0.03589482656638843,0.018942617111313287,0.0911096700913641,64.61538461538461,24
2018,Yoshihito Nishioka,106.546875,7.638519110819139,3.1907416461108546,WBW_DNCTL,64,-1.2947674588256444,-1.0222151238154589,2.618072863355217,-0.5824742940604365,-0.5103072410803857,0,66
2018,Yuichi Sugita,108.45714285714286,7.155182643054068,2.5998737308598003,WC_DNCTL,35,-0.8968897449629952,-1.3000323104770952,-1.143792413273569,-0.24414999461922027,-0.17198294163916944,23.076923076923077,51
2019,Adrian Mannarino,107.95,8.529957179935044,2.6582495914590587,WW_DCTL,60,-1.0025193506998415,-0.5098250333469762,-0.7721321533178975,-0.19917077641681002,-0.13992487978575457,24.074074074074073,42
2019,Alex De Minaur,111.51807228915662,9.26951529677614,3.036043720875885,WC_DNCTL,166,-0.25934794675356365,-0.08473408926071954,1.633161111867269,-0.2574554149594499,-0.19820951832839445,18.51851851851852,45
2019,Alexander Bublik,119.38,7.9971678660355145,2.639792583962621,WC_DNCTL,50,1.3781636788790737,-0.8160672437793488,-0.8896419618879321,0.14633641354785243,0.20558231017890788,81.48148148148148,11
2019,Alexander Zverev,123.31686046511628,8.109394582432945,2.8837138862920906,WC_DNCTL,344,2.1981476595547074,-0.7515603987610626,0.6633262291051852,0.18773065557134194,0.2469765522023974,92.5925925925926,5
2019,Alexei Popyrin,117.63333333333334,8.07332965296186,2.888376644299297,WC_DNCTL,90,1.014361431139399,-0.772290175864654,0.6930125041387182,-0.014856557996650976,0.04438933863440447,55.55555555555556,25
2019,Aljaz Bedene,117.816091954023,7.399762308615344,2.6073057923781633,WC_DNCTL,87,1.0524270782772038,-1.1594502540163683,-1.096474876751351,0.08832900122433829,0.14757489785539374,75.92592592592592,14
2019,Andrey Rublev,114.91397849462365,9.999087432932413,2.569070608657384,WC_DNCTL,186,0.44796406316744153,0.33461700847638204,-1.339905948691697,0.07330765508676529,0.13255355171782074,68.51851851851852,18
2019,Antoine Hoang,111.65306122448979,9.084214835838784,2.927291286637448,WC_DNCTL,49,-0.23123194784467463,-0.19124302491533796,0.9407694697578741,-0.2132073809782234,-0.15396148434716794,22.22222222222222,43
2019,Bradley Klahn,118.81967213114754,9.735687266822875,2.3615682607243658,WW_DCTL,61,1.2614565005433642,0.18321710800305893,-2.6610064135502407,0.33741758790323395,0.3966634845342894,98.14814814814815,2
2019,Cameron Norrie,108.02105263157895,8.127938352306971,2.8163068552179547,WW_DCTL,95,-0.9877202435951232,-0.7409016168977272,0.23416742211413832,-0.27249623566272463,-0.21325033903166918,16.666666666666664,46
2019,Cristian Garin,115.16071428571429,10.181581919800596,2.8866797024622923,WC_DNCTL,56,0.49935511396702353,0.4395130970281374,0.6822086232571941,-0.043231654285262544,0.0160142423457929,53.70370370370371,26
2019,Damir Dzumhur,107.57692307692308,7.060994431214512,2.8134802203924267,WW_DCTL,78,-1.0802252036741853,-1.3541707953113788,0.2161711506541368,-0.31619448155535357,-0.2569485849242981,12.962962962962962,48
2019,Daniel Evans,109.59782608695652,7.614416319161292,2.9709303710371584,WW_DCTL,92,-0.6593039875401913,-1.036069178321293,1.218605432872223,-0.2945686225936913,-0.23532272596263587,14.814814814814813,47
2019,Daniil Medvedev,117.7510729613734,9.163637432753658,2.6402627429844023,WC_DNCTL,233,1.0388846799918832,-0.14559167455421382,-0.8866486111696382,0.12089408927475276,0.1801399859058082,79.62962962962963,12
2019,David Goffin,109.4326923076923,10.279364212023786,2.5381281021150692,WC_DNCTL,104,-0.6936986669719091,0.4957174249498134,-1.5369068992068984,-0.09890340850214296,-0.03965751187108752,46.2962962962963,30
2019,Denis Kudla,112.66,7.399972421349602,2.939870184462024,WW_DCTL,50,-0.02150298418044675,-1.159329483222922,1.0208552515766889,-0.1801268778134686,-0.12088098118241314,27.77777777777778,40
2019,Denis Shapovalov,115.90647482014388,7.534358099785983,2.6038717031717113,WW_DCTL,139,0.6546848994828797,-1.0820858784036032,-1.1183386141605962,0.07537120880522041,0.13461710543627586,72.22222222222221,16
2019,Diego Schwartzman,103.6413043478261,9.67231587905623,3.0403407550245594,WW_DCTL,184,-1.8999505509405143,0.14679183939963458,1.6605189411539003,-0.47588098689123187,-0.4166350902601764,3.7037037037037033,53
2019,Dominic Thiem,114.12962962962963,10.664782983570396,2.532626674254497,WC_DNCTL,54,0.2845969562417427,0.7172524547661602,-1.5719327144633772,0.07894288973235364,0.1381887863634091,74.07407407407408,15
2019,Egor Gerasimov,113.765625,7.575529082052017,2.34825044757766,WC_DNCTL,64,0.20878071438282517,-1.0584211909072623,-2.7457966306936705,0.057043905536984796,0.11628980216804025,64.81481481481481,20
2019,Feliciano Lopez,121.56198347107438,6.987956976092835,2.7378715795930613,WC_DNCTL,121,1.8326353342079011,-1.396152027136602,-0.2652046578721732,0.1551189544453908,0.21436485107644626,83.33333333333334,10
2019,Fernando Verdasco,107.86666666666666,7.677780578184139,2.8861565115263565,WC_DNCTL,90,-1.0198763281683396,-0.9996480072517372,0.6788776354608649,-0.36793638838428666,-0.3086904917532312,7.4074074074074066,51
2019,Frances Tiafoe,113.25842696629213,10.566379024020696,3.0285566655800413,WW_DCTL,89,0.10313961626523015,0.6606907984010317,1.5854934477165308,-0.10864590609593117,-0.04940000946487572,38.88888888888889,34
2019,Gael Monfils,111.6701030927835,9.088137379233325,2.652304084214788,WC_DNCTL,291,-0.2276824039567332,-0.18898838442551819,-0.8099852786558397,-0.0997632448040181,-0.04051734817296266,44.44444444444444,31
2019,Gregoire Barrere,113.89473684210526,6.3803426185295535,2.698791841533498,WW_DCTL,76,0.2356726103948694,-1.745402958219868,-0.5140127346545372,-0.06586487438798205,-0.00661897775692661,51.85185185185185,27
2019,Grigor Dimitrov,114.01442307692308,8.73356475265056,2.956999658012107,WW_DCTL,208,0.26060130576713375,-0.39279334464285964,1.1299130800553434,-0.10299907664540575,-0.04375318001435031,42.592592592592595,32
2019,Henri Laaksonen,109.74545454545455,8.561797539324152,2.7017431088732677,WW_DCTL,55,-0.6285553816058812,-0.4915234987893213,-0.49522296820933875,-0.1530469898052133,-0.09380109317415786,31.48148148148148,38
2019,Hugo Dellien,99.64,11.141441431507737,2.8482492420062258,WC_DNCTL,100,-2.7333571438582673,0.9912311793941133,0.4375342873811194,-0.5464687563221635,-0.48722285969110807,0,55
2019,Hyeon Chung,110.29411764705883,6.351573321636987,2.9494704554930467,WC_DNCTL,136,-0.5142777844977943,-1.7619392753777343,1.0819770781400502,-0.34496796049743594,-0.2857220638663805,9.25925925925926,50
2019,Jannik Sinner,116.64285714285714,6.143302502031784,2.926156584455125,WC_DNCTL,70,0.8080613560852724,-1.8816513538682702,0.933545187259506,-0.1180615537538714,-0.05881565712281595,35.18518518518518,36
2019,Jeremy Chardy,122.63380281690141,5.629614137042783,3.0164043692145093,WW_DCTL,71,2.055877865037715,-2.1769145212472023,1.5081236996750025,0.0903799301534901,0.14962582678454556,77.77777777777779,13
2019,John Isner,122.62068965517241,7.040152910783779,2.240512195987509,WC_DNCTL,87,2.053146606805664,-1.3661503022552488,-3.4317312992726503,0.3976517802591166,0.4568976768901721,100,1
2019,John Millman,114.05454545454545,6.70107283234387,2.7387766421407647,WW_DCTL,55,0.2689581442196208,-1.5610502937265522,-0.2594424167967952,-0.06784925853187085,-0.008603361900815405,50,28
2019,Kei Nishikori,105.7063492063492,9.052794008762122,2.8720657268092102,WC_DNCTL,126,-1.4698353059706841,-0.20930341630559182,0.5891661578536203,-0.40036137991532456,-0.3411154832842691,5.555555555555555,52
2019,Kyle Edmund,112.74257425742574,6.803901035944798,2.751639799435256,WW_DCTL,101,-0.004304109873048848,-1.5019456241244955,-0.17754684669564727,-0.1163987391652071,-0.057152842534151656,37.03703703703704,35
2019,Lloyd Harris,116.70588235294117,8.070692924678776,2.6885996096330502,WC_DNCTL,68,0.8211884819017824,-0.773805742105672,-0.5789033849809327,0.034389360324451834,0.09363525695550728,62.96296296296296,21
2019,Marin Cilic,118.49489795918367,7.94500162106749,2.6088296548078507,WW_DCTL,196,1.1938113247218487,-0.8460519032914517,-1.0867729365839542,0.17553983760090197,0.23478573423195742,88.88888888888889,7
2019,Marius Copil,118.22222222222223,11.255756904449541,2.7250357672477707,WC_DNCTL,36,1.1370174052501043,1.0569386217301695,-0.3469261315090603,0.16005342284743773,0.21929931947849318,85.18518518518519,9
2019,Martin Klizan,115.48,7.541017091580565,2.956007305121772,WC_DNCTL,50,0.5658571333534608,-1.0782583535016896,1.1235950895468751,-0.13283397098757566,-0.0735880743565202,33.33333333333333,37
2019,Matteo Berrettini,121.10035842293907,8.004762513195105,2.715785768953438,WC_DNCTL,279,1.7364863474953638,-0.8117019131074846,-0.4058178846304669,0.1758329474489868,0.23507884408004226,90.74074074074075,6
2019,Nick Kyrgios,123.10625,9.619553510866691,2.6329221753829386,WC_DNCTL,160,2.1542809263828757,0.11646453395172902,-0.9333836354583739,0.3245540435402021,0.38379994017125757,96.29629629629629,3
2019,Novak Djokovic,113.85714285714286,7.550517153039951,2.749538126826006,WC_DNCTL,98,0.22784239499554934,-1.0727978088836454,-0.19092751775175104,-0.10494429600550303,-0.04569839937444759,40.74074074074074,33
2019,Pablo Andujar,109.13259668508287,6.375655817926154,2.842607631132743,WC_DNCTL,181,-0.7562037024922237,-1.7480968864560325,0.401615972134321,-0.34130584415310045,-0.282059947522045,11.11111111111111,49
2019,Pablo Carreno Busta,112.72368421052632,7.024905568448165,2.749746725281623,WC_DNCTL,76,-0.008238599293995537,-1.374914329044566,-0.18959943872310736,-0.15926404455908094,-0.10001814792802549,29.629629629629626,39
2019,Paolo Lorenzi,112.78873239436619,8.464911598488277,2.943982268592677,WC_DNCTL,71,0.0053098790413085755,-0.5472126124921416,1.0470355638028281,-0.19712897587432487,-0.13788307924326942,25.925925925925924,41
2019,Radu Albot,109.39285714285714,9.401381412392206,2.9055146582214726,WW_DCTL,84,-0.7019956836738831,-0.00893870509314179,0.8021247064095415,-0.22595719305160294,-0.1667112964205475,20.37037037037037,44
2019,Rafael Nadal,115.87727272727273,8.065849527550045,2.7753721204872224,WW_DCTL,220,0.648602578666908,-0.776589680529377,-0.026450819656736686,0.018606510606312687,0.07785240723736814,57.407407407407405,24
2019,Roberto Carballes Baena,112.81632653061224,7.293471593908929,2.4290576721095416,WW_DCTL,49,0.011057288654332474,-1.220545141940992,-2.231323117712228,0.03186584316211527,0.09111173979317072,61.111111111111114,22
2019,Roger Federer,112.79508196721312,6.854079947550226,2.5688846871989317,WC_DNCTL,244,0.00663239175537326,-1.4731032648536886,-1.341089650599821,-0.08729025535586543,-0.028044358724809988,48.148148148148145,29
2019,Stan Wawrinka,118.4703557312253,8.162299042953764,2.654645071579674,WW_DCTL,253,1.1886995779494456,-0.7211514199978678,-0.7950809678044882,0.1618521421418876,0.22109803877294304,87.03703703703704,8
2019,Stefanos Tsitsipas,114.04123711340206,9.455947781878253,2.574494124345021,WW_DCTL,97,0.2661862332911951,0.02242552307496977,-1.3053761750892428,0.07456658308975828,0.13381247972081373,70.37037037037037,17
2019,Steve Johnson,119.98113207547169,6.729643281315814,2.9025756797270033,WC_DNCTL,53,1.5033697095537035,-1.5446282724548135,0.7834131790753736,0.024969987422227113,0.08421588405328256,59.25925925925925,23
2019,Taylor Fritz,119.83333333333333,9.566903418851945,2.5993295910661085,WW_DCTL,66,1.4725856363076921,0.08620176377705523,-1.1472567756846699,0.27092808055775974,0.3301739771888152,94.44444444444444,4
2019,Tennys Sandgren,111.66666666666667,10.041423638072706,2.4145037745553783,WW_DCTL,54,-0.22839815560491786,0.35895145495502623,-2.32398308525397,0.07278198432719873,0.13202788095825418,66.66666666666666,19
2019,Thomas Fabbiano,104.59210526315789,10.4002277303002,2.972126602089162,WBW_DNCTL,76,-1.7019141901672414,0.5651886212219335,1.2262214498215356,-0.48580802336735684,-0.4265621267363014,1.8518518518518516,54
2021,Adrian Mannarino,112.22727272727273,10.215817983056327,2.7184386757896832,WC_DNCTL,66,-0.11163303445321686,0.45919165929358624,-0.3889276831965963,-0.07638283711041971,-0.05843353170717641,41.11111111111111,54
2021,Alex De Minaur,114,9.00951877579644,3.0533282001615105,WC_DNCTL,71,0.25759721351297027,-0.2341776070122121,1.7432058118262723,-0.18446925365156774,-0.16651994824832445,21.11111111111111,72
2021,Alexander Bublik,120.65306122448979,13.110986201795557,2.789162285623533,WC_DNCTL,49,1.6433216187528976,2.1233067076810817,0.06134671012320025,0.2700347157513432,0.2879840211545865,93.33333333333333,7
2021,Alexander Zverev,126.13675213675214,6.830763513593739,2.6387163906217452,WC_DNCTL,234,2.785485214052906,-1.4865053284611083,-0.896493737480213,0.35219156914869676,0.37014087455194006,96.66666666666667,4
2021,Alexei Popyrin,116.26,11.080807520303447,2.5809326954324274,WC_DNCTL,150,0.7283184424585839,0.956379386180664,-1.2643838714294156,0.1453940674187445,0.1633433728219878,78.88888888888889,20
2021,Andreas Seppi,109.2394366197183,9.374728045201437,2.6360754813333,WW_DCTL,142,-0.7339506824337905,-0.0242588060618077,-0.9133075544002061,-0.1216150002188216,-0.1036656948155783,32.22222222222222,62
2021,Andrey Rublev,115.37142857142857,9.197546480113816,2.699179210426143,WC_DNCTL,140,0.5432434712802184,-0.12610107790311617,-0.5115464819627337,0.014062362146294305,0.032011667549537604,53.333333333333336,43
2021,Andy Murray,116.94117647058823,8.449222197474565,2.6239125406841213,WC_DNCTL,85,0.8701964182834181,-0.5562307303887496,-0.9907450711595998,0.07955464502189247,0.09750395042513577,67.77777777777779,30
2021,Arthur Rinderknech,117.52197802197803,10.353799870406052,2.78668650491215,WC_DNCTL,182,0.9911679315771011,0.5385023306588504,0.045584213547730984,0.08544618963466089,0.10339549503790418,70,28
2021,Aslan Karatsev,112.45933014354067,11.133780956857779,2.904358232579931,WC_DNCTL,209,-0.06329925030649741,0.9868280117093224,0.794762117658941,-0.11928377299961712,-0.10133446759637382,33.33333333333333,61
2021,Benoit Paire,110.13432835820896,9.89627343756999,2.638121201239498,WC_DNCTL,67,-0.5475592935330836,0.2755205056341543,-0.9002831161421819,-0.125749949555932,-0.1078006441526887,30,64
2021,Bernabe Zapata Miralles,109.54651162790698,10.879724236064275,2.76224774273238,WC_DNCTL,86,-0.6699919544545615,0.8407986343902529,-0.11000949610360931,-0.17032750312153794,-0.15237819771829464,23.333333333333332,70
2021,Botic Van De Zandschulp,115.42287234042553,9.817774805303877,2.629613426566382,WC_DNCTL,376,0.5539583713527156,0.2304002413309073,-0.9544493710666468,0.0613951207909843,0.0793444261942276,61.111111111111114,36
2021,Brandon Nakashima,117,6.913754406977442,2.035995395305049,WW_DCTL,31,0.8824484023788277,-1.4388029553606314,-4.733823748560003,0.3295910725516361,0.3475403779548794,95.55555555555556,5
2021,Cameron Norrie,106.18867924528301,12.606555992470415,2.9580539489938786,WC_DNCTL,53,-1.3693738065528487,1.8333650397786994,1.1366254103975717,-0.32123286773071513,-0.30328356232747183,10,82
2021,Carlos Alcaraz,113.28852459016393,9.344751171686811,2.949862020673956,WC_DNCTL,305,0.10940846161800663,-0.04148922673180956,1.0844700472446147,-0.1578566920961536,-0.1399073866929103,24.444444444444443,69
2021,Carlos Taberner,116.53846153846153,6.218306253903282,2.4842477839033625,WC_DNCTL,78,0.7863174502456177,-1.8385399134459124,-1.8799454920000231,0.06149848462961949,0.07944779003286279,62.22222222222222,35
2021,Casper Ruud,113.05405405405405,9.485232779101969,2.8153356790192796,WC_DNCTL,74,0.06057206387058176,0.039258259859153426,0.2279842567653621,-0.10709058470353727,-0.08914127930029397,35.55555555555556,59
2021,Corentin Moutet,105.63380281690141,11.946974377788633,2.8730239196052474,WC_DNCTL,142,-1.4849455385354773,1.4542438254992536,0.5952666620690107,-0.3239519576496774,-0.3060026522464341,8.88888888888889,83
2021,Cristian Garin,114,9.34290399567842,2.8547726533343627,WW_DCTL,139,0.25759721351297027,-0.042550965864164146,0.4790667414661552,-0.04488877624846377,-0.026939470845220474,43.333333333333336,52
2021,Daniel Evans,112.50202429149797,8.839524365458676,2.6984347557186976,WC_DNCTL,247,-0.05440675393691826,-0.3318887709279394,-0.5162861847654698,-0.0962630260248889,-0.0783137206216456,38.88888888888889,56
2021,Daniil Medvedev,116.81205673758865,9.004356202984273,2.484059172023339,WC_DNCTL,282,0.843302878726474,-0.23714500457119259,-1.8811463229537888,0.1475748496955207,0.165524155098764,80,19
2021,David Goffin,106.25925925925925,6.808324048785894,2.3373679186862875,WW_DCTL,27,-1.3546731380051078,-1.4994033185753952,-2.8150821791245235,-0.17422320485227827,-0.15627389944903497,22.22222222222222,71
2021,Denis Kudla,113.75438596491227,10.933697423487214,2.477431682079829,WW_DCTL,57,0.20643980623740155,0.8718219071723312,-1.923341411984988,0.1447975934688136,0.1627468988720569,77.77777777777779,21
2021,Denis Shapovalov,116.84722222222223,8.884904652922883,2.6754673304305587,WC_DNCTL,144,0.8506272770199197,-0.30580461499511996,-0.6625123673942979,0.06706277442429953,0.08501207982754283,65.55555555555556,32
2021,Diego Schwartzman,106.5972850678733,8.58888244689312,2.9688278483447346,WC_DNCTL,221,-1.2842678618784973,-0.47595535253171567,1.2052193496109702,-0.4214482857367894,-0.4034989803335461,2.2222222222222223,89
2021,Dominik Koepfer,108.47058823529412,7.175940192550299,2.955397400201132,WW_DCTL,51,-0.8940892914554732,-1.2881010692246027,1.1197120218023253,-0.33982712595813147,-0.32187782055488817,5.555555555555555,86
2021,Dusan Lajovic,108.7215909090909,10.025498335899163,3.0275289604518947,WW_DCTL,176,-0.8418095184119954,0.34979774332418684,1.5789503809220755,-0.28245275051579516,-0.26450344511255186,12.222222222222221,80
2021,Egor Gerasimov,118.0677966101695,7.5927924234437985,2.325238732646774,WC_DNCTL,59,1.104853062822608,-1.0484983871096907,-2.892304791180602,0.21810526791408813,0.23605457331733143,85.55555555555556,14
2021,Emil Ruusuvuori,117.41304347826087,8.434258412916064,2.899578816834455,WC_DNCTL,46,0.9684786385270265,-0.5648317708752588,0.7643331204644676,-0.01729314242359259,6.561629796507061e-4,46.666666666666664,49
2021,Fabio Fognini,113.29113924050633,9.975806501339047,2.8515665377746733,WC_DNCTL,79,0.10995305074297787,0.32123535128829955,0.4586544386730169,-0.10016420766917822,-0.08221490226593492,37.77777777777778,57
2021,Facundo Bagnis,113.79816513761467,8.0493613923297609,2.894948278031101,WC_DNCTL,109,0.21555829560762113,-0.7860669032214218,0.7348519747010891,-0.15295389097376333,-0.13500458557052003,26.666666666666668,67
2021,Federico Coria,116.76744186046511,7.046908168032429,2.5835012440619236,WC_DNCTL,43,0.8340103257225588,-1.3622674448895022,-1.2480307514659994,0.05157030187714606,0.06951960728038936,57.77777777777777,39
2021,Federico Delbonis,110.54761904761905,8.270436272895076,2.5771110923417613,WC_DNCTL,42,-0.4614775673247221,-0.6589951727471847,-1.288714784644979,-0.1307930108394485,-0.1128437054362052,28.888888888888886,65
2021,Feliciano Lopez,119.61111111111111,11.391594027259645,2.6815435964740315,WC_DNCTL,90,1.426300363058371,1.1350165029167736,-0.6238267429924608,0.23040607953211167,0.24835538493535497,87.77777777777777,12
2021,Filip Krajinovic,113.42307692307692,8.998584637292995,2.4015297142242336,WC_DNCTL,78,0.13743352334645856,-0.24046244542227901,-2.4065847391885606,0.06218215022425688,0.08013145562750018,63.33333333333333,34
2021,Frances Tiafoe,118.38216560509554,9.117843194026792,2.7672795598661963,WC_DNCTL,157,1.1703310095633088,-0.1719137657203065,-0.07797354074799161,0.0897378300552879,0.1076871354585312,72.22222222222221,26
2021,Gael Monfils,114.6930693069307,10.255679241358923,2.5989276436757103,WC_DNCTL,202,0.40195227364699726,0.48210352996129363,-1.1498158449655398,0.06034063048923921,0.07828993589248251,60,37
2021,Gianluca Mager,115.7,14.878119066813928,2.709275017985233,WW_DCTL,90,0.61167955387029,3.1390378054954207,-0.4472697342907431,0.22625155041499045,0.24420085581823375,86.66666666666667,13
2021,Guido Pella,112.07299270072993,8.252125427192851,2.63369344771519,WC_DNCTL,137,-0.14376705378772653,-0.6695200720205825,-0.9284731934955746,-0.10089944322265987,-0.08295013781941657,36.666666666666664,58
2021,Henri Laaksonen,113.07784431137725,13.129105903717766,2.7894036026135702,WC_DNCTL,167,0.06552718739452365,2.133721739334813,0.06288309749853446,0.0042825769512495615,0.022231882354492857,48.888888888888886,47
2021,Hubert Hurkacz,118.0625,10.609600658183423,2.544889625448826,WC_DNCTL,112,1.1037498651021522,0.6855341810274873,-1.4938584628477036,0.21058110554461518,0.22853041094785848,84.44444444444444,15
2021,Ilya Ivashka,117.44148936170212,9.015837634475409,2.7742457557932587,WW_DCTL,188,0.9744034532225615,-0.23054558737748287,-0.033622020058170096,0.10007223752970418,0.11802154293294748,75.55555555555556,23
2021,James Duckworth,105.54320987654322,15.271746284164795,2.5014566026304936,WW_DCTL,81,-1.5038145740307007,3.365290971583893,-1.7703824983927507,-0.034607650466106255,-0.01665834506286296,45.55555555555556,50
2021,Jannik Sinner,119.38620689655173,7.482559543231692,2.7999318894105976,WC_DNCTL,145,1.379456474442246,-1.1118591941262677,0.1299133008686027,0.06679213965945174,0.08474144506269504,64.44444444444444,33
2021,Jaume Munar,107.89583333333333,9.645282351035954,2.9338936296611426,WW_DCTL,48,-1.0138013860543655,0.13125322561603323,0.9828044564683586,-0.2835016040955358,-0.2655522986922925,11.11111111111111,81
2021,Jenson Brooksby,106.24497991967871,8.280383013021625,2.838046623678086,WC_DNCTL,249,-1.3576472921094809,-0.6532778814962469,0.37257751002248074,-0.38866754708881746,-0.37071824168557416,3.3333333333333335,88
2021,Jeremy Chardy,122.15625,6.771130945840162,2.688099916087203,WC_DNCTL,64,1.9564113832420202,-1.5207815590201497,-0.5820847724798297,0.19045840477204057,0.20840771017528387,82.22222222222221,17
2021,Jiri Vesely,123.76595744680851,6.91177199307032,2.685465922357984,WC_DNCTL,94,2.291687253863528,-1.439942427945893,-0.5988545602666586,0.2519502552900772,0.2698995606933205,91.11111111111111,9
2021,John Isner,121.36585365853658,8.126364800945671,2.365642480218122,WW_DCTL,41,1.7917846853624726,-0.7418060791955658,-2.635067173244032,0.3810820234058442,0.3990313288090875,98.88888888888889,2
2021,John Millman,102.59375,14.823389049175827,2.6131081122623816,WW_DCTL,32,-2.118139077487425,3.1075795139320586,-1.0595333791121377,-0.19630201575871692,-0.17835271035547362,18.88888888888889,74
2021,Jordan Thompson,116.78488372093024,10.20521615785307,2.8118316641949574,WC_DNCTL,172,0.8376431814717811,0.45309783139546206,0.20567532552002732,0.04516621837127022,0.06311552377451352,56.666666666666664,40
2021,Karen Khachanov,116.71153846153847,7.447427608166719,2.716148895920746,WC_DNCTL,52,0.8223665572955734,-1.1320526949536747,-0.40350597245168046,0.006205206783610251,0.024154512186853546,50,46
2021,Kei Nishikori,104.05138339920948,8.688235983626575,2.86829418906876,WC_DNCTL,253,-1.8145377566785494,-0.4188478882681499,0.5651539945611409,-0.46695648346050167,-0.44900717805725837,0,91
2021,Kevin Anderson,122.375,10.188629745978059,2.461441565459059,WC_DNCTL,160,2.0019734490968224,0.4435641202206488,-2.025145322693798,0.38476745227418796,0.40271675767743126,100,1
2021,Laslo Djere,115.3913043478261,6.392628605127298,2.526728862628999,WC_DNCTL,46,0.5473832721174272,-1.7383410904329604,-1.6094821771933536,0.008557216419593505,0.0265065218228368,51.11111111111111,45
2021,Lloyd Harris,117.75102040816327,8.907036324482311,2.44554193585402,WC_DNCTL,245,1.0388737340132748,-0.29308354150114085,-2.126373131783823,0.19368752052941818,0.21163682593266148,83.33333333333334,16
2021,Lorenzo Musetti,114.80327868852459,9.658881357126106,2.731787405104599,WW_DCTL,61,0.4249070946847016,0.13906980447015915,-0.3039406327903108,0.04241802450203114,0.060367329905274436,55.55555555555556,41
2021,Mackenzie Mcdonald,107.84722222222223,8.549583431102176,2.8661758199349636,WC_DNCTL,144,-1.0239262895776526,-0.4985440515721486,0.5516670221231056,-0.3365253396685235,-0.3185760342652802,6.666666666666667,85
2021,Marcos Giron,111.85714285714286,10.320441886727874,2.5598544603351727,WW_DCTL,63,-0.1887250642483556,0.5193284801504701,-1.3985821899678144,0.027534085008810272,0.04548339041205357,54.44444444444444,42
2021,Marton Fucsovics,113.71794871794872,6.138863712907112,2.7414661808658622,WC_DNCTL,78,0.19885052054267546,-1.8842027274745345,-0.2423189919518463,-0.14522946697344508,-0.12728016157020178,27.77777777777778,66
2021,Matteo Berrettini,122.05678233438486,8.927446287085735,2.519691283177527,WC_DNCTL,317,1.9356938868709102,-0.28135208987579324,-1.6542881737395705,0.315127707154087,0.3330770125573303,94.44444444444444,6
2021,Mikael Ymer,107.57971014492753,10.065090802169893,2.9846454606613824,WC_DNCTL,69,-1.0796447027555083,0.3725551148984669,1.3059249811020466,-0.352942375039237,-0.3349930696359937,4.444444444444445,87
2021,Mikhail Kukushkin,112.17948717948718,5.865912069655017,2.6614610822194043,WW_DCTL,78,-0.12158598656801953,-2.0410927258096603,-0.7516856283573656,-0.12492869930167677,-0.10697939389843347,31.11111111111111,63
2021,Miomir Kecmanovic,115.43373493975903,6.479221518813961,2.751371512431442,WC_DNCTL,83,0.5562208740552873,-1.688568310455275,-0.17925494344243137,-0.07967569040115963,-0.06172638499791633,40,55
2021,Nikoloz Basilashvili,118.3409090909091,8.561523396876531,2.458336110178569,WW_DCTL,44,1.1617379489173554,-0.49168107325063753,-2.0449167539837076,0.24873158471301893,0.2666808901162622,90,10
2021,Norbert Gombos,112.03571428571429,14.503873195196435,2.585000808377388,WC_DNCTL,56,-0.15153154110157796,2.9239248518768663,-1.2384835095481155,0.08916071483043786,0.10711002023368116,71.11111111111111,27
2021,Novak Djokovic,116.24117647058823,7.941939668083618,2.5500368721253013,WC_DNCTL,340,0.7243978075480507,-0.8478118846303376,-1.4610876048561203,0.07133938824403918,0.08928869364728248,66.66666666666666,31
2021,Pablo Andujar,109.54857142857144,7.459984107890819,2.9309660263057773,WC_DNCTL,175,-0.6695629314898911,-1.1248353388046604,0.9641653509728243,-0.3331860327096075,-0.3152367273063642,7.777777777777778,84
2021,Pedro Martinez,109.64556962025317,8.517554708277366,2.6890336147794134,WC_DNCTL,158,-0.6493597863598344,-0.5169538556341071,-0.5761402143164907,-0.20159594763281624,-0.18364664222957294,16.666666666666664,76
2021,Peter Gojowczyk,114.96113074204948,10.043976431009568,2.760812849068641,WC_DNCTL,283,0.45778510912135006,0.36041877596047034,-0.11914500085847464,-0.0024144355539028606,0.015534869849340435,47.77777777777778,48
2021,Philipp Kohlschreiber,109.16666666666667,9.80024058108547,2.895111012580648,WC_DNCTL,42,-0.7491074796597991,0.22032173667104404,0.7358880530452457,-0.2677404098362769,-0.2497911044330336,13.333333333333334,79
2021,Radu Albot,110.59677419354838,8.709255821513628,2.776286669899298,WC_DNCTL,62,-0.4512393502004492,-0.406765886153004,-0.020628178778382304,-0.19869163037173643,-0.18074232496849313,17.77777777777778,75
2021,Reilly Opelka,120.34134615384616,11.282230143889784,2.714781031795808,WC_DNCTL,208,1.5783964412598723,1.0721551869877344,-0.4122147217709998,0.23943738799255465,0.25738669339579795,88.88888888888889,11
2021,Ricardas Berankis,111.32203389830508,8.836524277631785,3.1047117688221566,WW_DCTL,59,-0.30017955394920864,-0.3336131927652954,2.0703484062107127,-0.25532966561745685,-0.23738036021421355,14.444444444444443,78
2021,Richard Gasquet,108.75438596491227,8.930846827857739,2.644209325131434,WW_DCTL,57,-0.8349788418723608,-0.2793974915092045,-0.8615219966470462,-0.1541616936633904,-0.1362123882601471,25.555555555555554,68
2021,Roberto Bautista Agut,109.16279069767442,8.774775082066991,2.880727268506723,WW_DCTL,43,-0.7499147809374034,-0.36910604078016607,0.6443113977844444,-0.24105817685212272,-0.22310887144887942,15.555555555555555,77
2021,Roberto Carballes Baena,114.51351351351352,7.808928299028054,2.9356410363781653,WBW_DNCTL,111,0.36455372331883823,-0.9242655495397909,0.9939296309502433,-0.1933149427487888,-0.1753656373455455,20,73
2021,Salvatore Caruso,106.53703703703704,7.999322997210246,2.84020203436797,WBW_DNCTL,54,-1.2968165464434527,-0.81482849495781,0.38630031409063526,-0.42921518875112535,-0.41126588334788206,1.1111111111111112,90
2021,Sam Querrey,122.43859649122807,11.568148302033675,2.5770847530482204,WC_DNCTL,57,2.015219563480674,1.2364982142753453,-1.2888824784242905,0.3774139916576009,0.3953632970608442,97.77777777777777,3
2021,Stefano Travaglia,112.53571428571429,11.360160507371662,2.8994586739923314,WW_DCTL,56,-0.04738967629060172,1.1169488158197662,0.7635682097723224,-0.05934750090998808,-0.041398195506744784,42.22222222222222,53
2021,Stefanos Tsitsipas,118.21256038647343,7.840846293421643,2.680441024434475,WC_DNCTL,207,1.1350050020653493,-0.905919391122837,-0.6308464632438594,0.08436844978267455,0.10231775518591785,68.88888888888889,29
2021,Steve Johnson,114.54666666666667,9.249241507738269,2.4235302946223354,WC_DNCTL,75,0.37145898570630437,-0.09638726962080467,-2.2665141458646128,0.09951139243007434,0.11746069783331764,73.33333333333333,25
2021,Taro Daniel,114.66666666666667,11.485498102680033,2.5820189385650787,WC_DNCTL,33,0.3964530332609396,1.188991668850321,-1.2574681120571014,0.10006366639035114,0.11801297179359443,74.44444444444444,24
2021,Taylor Fritz,119.70588235294117,7.968330643220319,2.752908094592459,WC_DNCTL,68,1.4460396707676397,-0.8326426041089701,-0.16947202085175259,0.11062090655248091,0.1285702119557242,76.66666666666667,22
2021,Tennys Sandgren,116.53125,10.653218829469871,2.413001667064456,WW_DCTL,64,0.7848154041185375,0.710605489406429,-2.333546518749024,0.26108545868821875,0.27903476409146205,92.22222222222223,8
2021,Thiago Monteiro,111.28571428571429,6.909650586066714,2.4930297825330583,WC_DNCTL,70,-0.3077443383180423,-1.441161792435875,-1.8240333416670387,-0.10769863431222026,-0.08974932890897697,34.44444444444444,60
2021,Tommy Paul,109.76470588235294,14.710253959534306,2.71190094080089,WW_DCTL,68,-0.6245456413564754,3.0425505446464296,-0.43055133140516816,0.01204010093124075,0.029989406334484044,52.22222222222223,44
2021,Ugo Humbert,110.25,16.30288006166655,2.858438571309753,WC_DNCTL,60,-0.5234667725693515,3.9579768213852398,0.5024064578099172,-0.03635749490032569,-0.018408189497082398,44.44444444444444,51
2021,Vasek Pospisil,119.3109243697479,7.277487808256111,2.8031180588514624,WC_DNCTL,119,1.3637763489841792,-1.2297324693173057,0.15019861316204877,0.05721834125600889,0.07516764665925219,58.88888888888889,38
2021,Yannick Hanfmann,118.20833333333333,8.282147766805762,2.5535088547976783,WC_DNCTL,48,1.1341245756720193,-0.6522635178714071,-1.438982611981829,0.1483583048669891,0.1663076102702324,81.11111111111111,18
2022,Alejandro Davidovich Fokina,110.8108108108108,11.40136811153487,3.0430444666220366,WW_DCTL,222,-0.40665900528136545,1.1406345532329287,1.6777326001021051,-0.17768754476296655,-0.10929823307906472,30.864197530864196,57
2022,Alejandro Tabilo,111.47457627118644,9.78273625815746,2.761051266390377,WC_DNCTL,59,-0.26840745960009715,0.21026041898739622,-0.11762707473516561,-0.13217240451162193,-0.0637830928277201,37.03703703703704,52
2022,Alex De Minaur,111.05298013245033,7.286323333909175,2.9145543418796165,WC_DNCTL,151,-0.35621907577026746,-1.2246538935355913,0.8596774541346085,-0.2783626370384405,-0.20997332535453866,14.814814814814813,70
2022,Alex Molcan,107.97674418604652,7.974627538975225,2.820704289183313,WBC_DNCTL,43,-0.9969489718843703,-0.8290232085532844,0.26216446462324233,0.3264246856347972,0.39481399731869904,97.53086419753086,3
2022,Alexander Bublik,124.5546218487395,12.455138126316395,2.5663498956505584,WC_DNCTL,119,2.4559532169177807,1.7463314960865963,-1.3572278501249488,0.4804791223396154,0.5488684340235173,100,1
2022,Alexei Popyrin,117.54347826086956,12.164994856417534,2.660416405705193,WC_DNCTL,92,0.9956460815211927,1.5795599149045847,-0.7583367464883115,0.1876275472827691,0.2560168589666709,86.41975308641975,12
2022,Andrey Rublev,112.00337837837837,10.727913317187562,2.5600441483885095,WC_DNCTL,296,-0.15826658448221323,0.7535391677461057,-1.3973745073659667,-0.005271076059672253,0.06311823562422958,60.49382716049383,33
2022,Andy Murray,113.09016393442623,11.819583202479748,2.566038058052126,WC_DNCTL,122,0.068093164430702,1.3810205942924663,-1.3592132194489737,0.06038586403839452,0.12877517572229635,74.07407407407408,22
2022,Arthur Rinderknech,116.6842105263158,9.722956606272811,2.6843453897542524,WC_DNCTL,133,0.816674593024528,0.17589964587420898,-0.6059886296322582,0.08067296070762364,0.14906227239152547,75.30864197530865,21
2022,Aslan Karatsev,106.78846153846153,8.327456449604545,3.0019825074718294,WBW_DNCTL,52,-1.244448913568419,-0.6262205196165752,1.4163043615221143,-0.47771089589397586,-0.40932158421007403,2.4691358024691357,80
2022,Benjamin Bonzi,116.76582278481013,9.83116565359989,3.0473313222370972,WC_DNCTL,158,0.8336730986065983,0.23809717307250133,1.7050256259509795,-0.062307931406542005,0.006081380277359827,54.32098765432099,38
2022,Benoit Paire,112.60606060606061,14.295845974310584,2.3129103167094347,WW_DCTL,33,-0.03273768232369012,2.804352791604276,-2.970795835682161,0.26408322965484454,0.3324725413387464,93.82716049382715,6
2022,Bernabe Zapata Miralles,105.98717948717949,10.404161991558318,2.8029843377169605,WC_DNCTL,78,-1.4113429276885716,0.5674499970278525,0.14934725386558045,-0.3251218697506469,-0.25673255806674505,12.345679012345679,72
2022,Botic Van De Zandschulp,117.38095238095238,10.830703922896138,2.6473547613984363,WW_DCTL,63,0.9617945850919521,0.8126222264386318,-0.8414960193223883,0.19972648352411548,0.2681157952080173,90.12345679012346,9
2022,Brandon Nakashima,117.25384615384615,7.005326366096567,2.895586397512358,WC_DNCTL,130,0.9353204260520928,-1.3861682676094582,0.7389146754450623,-0.060427350561221393,0.007961961122680439,55.55555555555556,37
2022,Cameron Norrie,110.83419689119171,10.102777645208864,2.672249981635598,WC_DNCTL,193,-0.40178806523839233,0.39421715243446886,-0.6829961885701754,-0.10949067025600567,-0.04110135857210384,41.9753086419753,48
2022,Carlos Alcaraz,111.50739957716702,10.327705056808291,3.0495816731684937,WW_DCTL,473,-0.2615708990119383,0.523503280962246,1.719352883888911,-0.18533060334983842,-0.11694129166593659,29.629629629629626,58
2022,Casper Ruud,113.00466200466201,9.947055013850902,2.8323613820554927,WC_DNCTL,429,0.050284503609536006,0.3047092708060457,0.33638141188066356,-0.1031440495181315,-0.034754737834229665,44.44444444444444,46
2022,Corentin Moutet,104.36879432624113,9.320033221520902,2.8320277358342705,WC_DNCTL,141,-1.7484262249736369,-0.05569686847440045,0.3342571940954399,-0.4236138503754917,-0.3552245386915899,6.172839506172839,77
2022,Cristian Garin,105.51428571428572,13.157415491561494,2.978279212327361,WC_DNCTL,105,-1.5098390064218825,2.1499938201208164,1.2653931330663066,-0.3381158889407153,-0.2697265772568135,11.11111111111111,73
2022,Daniel Altmaier,111.29268292682927,10.133050440590768,2.6606844551178055,WC_DNCTL,82,-0.3062928837562173,0.41161766616825135,-0.756630162408012,-0.08781050221457032,-0.019421190530668486,51.85185185185185,40
2022,Daniel Evans,113.62837837837837,8.763157575086039,2.913355779707131,WC_DNCTL,148,0.18019447615345957,-0.37578367286614167,0.8520465956937027,-0.146895353262128,-0.07850604157822616,33.33333333333333,55
2022,Daniil Medvedev,116.40939597315436,10.503547291927973,2.5899849044944996,WC_DNCTL,149,0.7594351929376743,0.6245757187262191,-1.206751378500899,0.13110479432335287,0.1994941060072547,79.01234567901234,18
2022,David Goffin,108.72368421052632,10.646562743233801,2.7459988167163276,WC_DNCTL,76,-0.8413735177818055,0.7067796345918052,-0.2134611626851758,-0.19896802372989525,-0.13057871204599342,23.456790123456788,63
2022,Denis Kudla,110.48148148148148,7.745335152963109,2.435843074241071,WC_DNCTL,54,-0.47525294626797376,-0.9608182826956777,-2.188122652756,-0.0895973226120681,-0.021208010928166265,49.382716049382715,42
2022,Denis Shapovalov,117.18831168831169,8.584656841055793,2.610189049440557,WC_DNCTL,154,0.9216706631517922,-0.47838419041993757,-1.078118109787612,0.09757713224066322,0.16596644392456505,77.77777777777779,19
2022,Diego Schwartzman,102.51315789473684,10.075862470835713,2.88971468009116,WW_DCTL,152,-2.134925101749722,0.3787465671971663,0.7015313460903186,-0.4427005002162051,-0.3743111885323033,4.938271604938271,78
2022,Dominic Thiem,110.98611111111111,10.858232491181557,2.5977214073721395,WC_DNCTL,72,-0.3701468049309692,0.828445384639877,-1.157495562121757,-0.05288576259929345,0.015503549084608381,59.25925925925925,34
2022,Emil Ruusuvuori,116.85,11.583697651529553,2.673046920432328,WC_DNCTL,40,0.8512058429355337,1.2454358318967473,-0.6779223365135059,0.1421467725304577,0.21053608421435954,81.48148148148148,16
2022,Fabio Fognini,106.48461538461538,7.690963806281299,2.924319643436192,WW_DCTL,130,-1.307735123722781,-0.9920704136180376,0.9218499767801844,-0.3827411603309066,-0.3143518486470048,8.641975308641975,75
2022,Facundo Bagnis,111.40259740259741,7.532839927627317,2.765979482383479,WC_DNCTL,77,-0.2833994868037883,-1.0829585092645413,-0.0862507143986929,-0.198408258228419,-0.13001894654451718,24.691358024691358,62
2022,Federico Coria,109.36559139784946,11.78501715170632,2.775073650810265,WC_DNCTL,93,-0.7076746947350042,1.3611523583526435,-0.028351079740066763,-0.1571214619146784,-0.08873215023077657,32.098765432098766,56
2022,Filip Krajinovic,112.91111111111111,7.52517659781369,2.6099010850174014,WC_DNCTL,45,0.030799374591288762,-1.0873633180701472,-1.079951486311219,-0.081629565928097,-0.013240254244195171,53.086419753086425,39
2022,Frances Tiafoe,117.04285714285714,11.050853685191495,2.6701356712544624,WC_DNCTL,350,0.8913748479340546,0.9391622077645428,-0.6964573202402382,0.13550697633211073,0.20389628801601256,80.24691358024691,17
2022,Francisco Cerundolo,108.05172413793103,9.144881443972876,2.715935031707676,WC_DNCTL,58,-0.981331867858989,-0.15637243781883642,-0.40486757685817426,-0.2514237928718558,-0.18303448118795396,16.049382716049383,69
2022,Grigor Dimitrov,121.22093023255815,7.468208955756389,2.6470436481683026,WC_DNCTL,86,1.7615994936900936,-1.1201077747843031,-0.8434767768272908,0.19354074986825165,0.2619300615521535,87.65432098765432,11
2022,Holger Rune,114.125,6.596648070479868,2.6730235111244838,WC_DNCTL,112,0.2836326797157143,-1.621072649773912,-0.6780713760197236,-0.09031693688837039,-0.02192762520446856,48.148148148148145,43
2022,Hubert Hurkacz,112.96842105263158,11.637661379075272,2.5865785086771913,WC_DNCTL,95,0.042736102955588724,1.276453667231725,-1.2284388010412495,0.042699606664987844,0.11108891834888968,71.60493827160494,24
2022,Hugo Gaston,104.83783783783784,16.096089092822645,2.7555618110486466,WC_DNCTL,37,-1.650732093023297,3.839115346982337,-0.1525766648290629,-0.19000286810994743,-0.1216135564260456,27.160493827160494,60
2022,Ilya Ivashka,114.25352112676056,10.537791066508651,2.952328534799338,WC_DNCTL,284,0.3104015393326196,0.6442587133876183,1.1001735464583904,-0.0922532715066372,-0.02386395982273537,46.913580246913575,44
2022,Jack Draper,118.55555555555556,13.26314861226817,2.7092840898314487,WW_DCTL,36,1.2064453151240875,2.2107682083384286,-0.44721197677439745,0.2822973828730899,0.35068669455699175,95.06172839506173,5
2022,James Duckworth,113.44444444444444,12.138780828402826,2.7542559111494826,WC_DNCTL,81,0.14188403038966302,1.5644923418994057,-0.16089090792572963,0.004420272959951621,0.07280958464385345,62.96296296296296,31
2022,Jannik Sinner,116.19285714285714,8.827211454268655,2.8201194470375492,WW_DCTL,280,0.7143336777553932,-0.3389661147134053,0.2584409634757434,0.03222369557304716,0.100613007256949,65.4320987654321,29
2022,Jason Kubler,110.74404761904762,10.920505912591247,2.696975589950326,WC_DNCTL,168,-0.42056469186326756,0.8642395526649634,-0.5255762221751844,-0.10037483379957168,-0.03198552211566985,45.67901234567901,45
2022,Jaume Munar,114.03076923076924,9.995263301261176,2.7091875558928127,WW_DCTL,65,0.26400594365518565,0.33241893410545914,-0.4478265771992943,0.033764553535033714,0.10215386521893555,66.66666666666666,28
2022,Jenson Brooksby,107.95238095238095,6.922214291051978,2.7765692716654935,WC_DNCTL,63,-1.002023437057886,-1.4339402947715412,-0.018828944560506614,-0.34071258610159666,-0.2723232744176948,9.876543209876543,74
2022,Jiri Lehecka,115.05,12.322483099748595,3.073046920432328,WBW_DNCTL,40,0.4762951296160198,1.6700826534366686,1.868748538333644,-0.10704853152212312,-0.03865921983822129,43.20987654320987,47
2022,Jiri Vesely,118.20689655172414,9.972746112512368,2.7464191544421537,WW_DCTL,29,1.1338253174398059,0.31947626901203335,-0.210785008075274,0.16460851219438277,0.2329978238782846,82.71604938271605,15
2022,Joao Sousa,105.02439024390245,12.18577961938625,2.7190797526339323,WW_DCTL,82,-1.6118762621182117,1.5915067982012212,-0.3848461538771262,-0.2266654570046157,-0.15827614532071388,18.51851851851852,67
2022,Jordan Thompson,112.53731343283582,10.2990560882715,2.4537116277203412,WC_DNCTL,67,-0.0470565999639164,0.507036127394356,-2.0743593409527334,0.04532383776862425,0.11371314945252609,72.8395061728395,23
2022,Kamil Majchrzak,112.72131147540983,9.892979240419244,2.5535553090560463,WC_DNCTL,61,-0.008732801413461144,0.27362703256567106,-1.4386868527148329,-2.7851890854790895e-4,0.06811079277535392,61.72839506172839,32
2022,Karen Khachanov,116.78590785907859,7.654227078959024,2.6614577692934467,WC_DNCTL,369,0.8378564927849681,-1.0131863337120097,-0.7517067206874823,0.0369100300185935,0.10529934170249533,67.90123456790124,27
2022,Laslo Djere,105.32222222222222,11.580521982547447,2.935825965262691,WW_DCTL,90,-1.5498427068730838,1.2436104876878638,0.9951070134605923,-0.32165646905669776,-0.2532671573727959,13.580246913580247,71
2022,Lorenzo Musetti,113.20588235294117,7.402819930228614,2.9255247508821722,WC_DNCTL,136,0.09219542822494868,-1.1576927623079474,0.9295225068645327,-0.20402545707090802,-0.1356361453870062,22.22222222222222,64
2022,Lorenzo Sonego,116.17283950617283,10.713064598256642,2.847609246451046,WC_DNCTL,81,0.7101643297285698,0.7450042658836563,0.43345964228010003,0.022918482957031472,0.0913077946409333,64.19753086419753,30
2022,Mackenzie Mcdonald,107.79310344827586,13.307836870336505,2.903807392953189,WC_DNCTL,29,-1.0351983496577701,2.2364545923821595,0.7912550995736025,-0.22339545830131674,-0.1550061466174149,19.753086419753085,66
2022,Marcos Giron,115.98076923076923,10.156598134768922,2.7514315004808645,WC_DNCTL,52,0.6701592164179906,0.4251526559429584,-0.17887301889667323,0.04034377671592504,0.10873308839982687,70.37037037037037,25
2022,Marin Cilic,117.8030303030303,10.843395565430033,2.611015813563302,WC_DNCTL,132,1.0497065488934247,0.8199172613843408,-1.0728543695082033,0.1807648102141628,0.24915412189806463,85.18518518518519,13
2022,Marton Fucsovics,113.54761904761905,9.940067103485845,2.766421142997462,WC_DNCTL,84,0.16337362154113536,0.30069268665041493,-0.08343880384319896,-0.05722538132593957,0.01116393035796226,58.0246913580247,35
2022,Matteo Berrettini,122.51741293532338,8.690854116462424,2.7514795484487293,WC_DNCTL,201,2.0316357464123853,-0.417343010512649,-0.1785671129957808,0.22979752581731439,0.2981868375012162,92.5925925925926,7
2022,Mikael Ymer,101.6268656716418,10.588495502045323,2.8312087199203195,WBC_DNCTL,67,-2.3195253515108885,0.6734031387962782,0.3290427841602019,0.17068521347331617,0.239074525157218,83.9506172839506,14
2022,Miomir Kecmanovic,107.12987012987013,7.4539827738892805,2.8894026212313078,WBW_DNCTL,77,-1.1733390588248596,-1.128284848286603,0.6995445680662596,-0.44350926462113244,-0.3751199529372306,3.7037037037037033,79
2022,Nick Kyrgios,120.47368421052632,8.225331049279713,2.366578442168553,WC_DNCTL,304,1.6059603052761362,-0.6849212246060622,-2.6291082056462125,0.30302883536704606,0.3714181470509479,96.29629629629629,4
2022,Oscar Otte,99.38709677419355,11.93783179463462,2.5731144546409044,WC_DNCTL,31,-2.7860327709626573,1.448988755997851,-1.3141600867201997,-0.4207209796097137,-0.3523316679258119,7.4074074074074066,76
2022,Pablo Carreno Busta,111.53921568627452,8.84437941585997,2.8390232889913958,WC_DNCTL,306,-0.25494412114497017,-0.3290981343144328,0.37879562279218,-0.18759528865507147,-0.11920597697116964,28.39506172839506,59
2022,Peter Gojowczyk,110.9090909090909,6.382454808840574,2.562589874267005,WW_DCTL,44,-0.3861888598639743,-1.7441888913967807,-1.3811666924906933,-0.11486618573784602,-0.046476874053944184,39.50617283950617,50
2022,Quentin Halys,114.66666666666667,11.003200558710692,2.55810008827859,WC_DNCTL,72,0.3964530332609396,0.9117716456665829,-1.4097517105181778,0.09664641139796881,0.16503572308187064,76.5432098765432,20
2022,Rafael Nadal,113.12987012987013,7.751619100280533,2.744020181430671,WC_DNCTL,154,0.07636331890685528,-0.9572063297782221,-0.2260584948199933,-0.12272059287141346,-0.054331281187511626,38.2716049382716,51
2022,Richard Gasquet,107.28402366863905,9.449227375793031,2.527989463523156,WC_DNCTL,169,-1.141231384835646,0.01856269782519451,-1.6014563382384643,-0.19299906449187332,-0.12460975280797149,25.925925925925924,61
2022,Roberto Carballes Baena,111.67716535433071,8.766713642607963,2.7890865164817322,WBW_DNCTL,127,-0.2262114497821157,-0.373739679208705,0.06086431245660997,-0.20662434710306277,-0.13823503541916093,20.98765432098765,65
2022,Sam Querrey,117.73214285714286,15.68147844540706,2.4775405859888204,WC_DNCTL,56,1.0349418472806151,3.600801105647367,-1.922648055952023,0.36564374182604764,0.4340330535099495,98.76543209876543,2
2022,Sebastian Korda,110.81547619047619,8.090535522531614,2.6191145305554384,WC_DNCTL,168,-0.4056872826045571,-0.7624004063216295,-1.0212924527894456,-0.14353481337805152,-0.07514550169414969,34.5679012345679,54
2022,Stefan Kozlov,94.06818181818181,14.088421317592235,2.8577947189413697,WBW_DNCTL,44,-3.8938762155427655,2.6851270794617426,0.4983072576242603,-0.7075646274219571,-0.6391753157380553,0,82
2022,Steve Johnson,115.98076923076923,8.984715528171828,2.26913666352791,WC_DNCTL,52,0.6701592164179906,-0.24843427691962558,-3.2494885547897843,0.20594246304883357,0.2743317747327354,91.35802469135803,8
2022,Tallon Griekspoor,113.26315789473684,8.410688857369324,2.7165403215375883,WC_DNCTL,38,0.10412499168626706,-0.5783793263558914,-0.4010138919064774,-0.08870153817748139,-0.020312226493579555,50.617283950617285,41
2022,Taro Daniel,106.82978723404256,10.62875335022097,2.553022825155036,WW_DCTL,47,-1.235841443563582,0.696542965536283,-1.4420770058199015,-0.13784465293391696,-0.06945534125001512,35.80246913580247,53
2022,Thanasi Kokkinakis,121.87037037037037,6.276780499997053,2.618974076914292,WC_DNCTL,54,1.8968673077598177,-1.804929475117001,-1.0221866757823803,0.19520023502430905,0.2635895467082109,88.88888888888889,10
2022,Thiago Monteiro,116.66935483870968,7.445980826908692,2.8734432473094103,WC_DNCTL,124,0.8135803950038278,-1.1328842910065824,0.5979363861970309,-0.05980328001810964,0.008586031665792193,56.79012345679012,36
2022,Tim Van Rijthoven,116.3076923076923,12.25245265870659,2.920357621360508,WC_DNCTL,65,0.7382519741790142,1.6298298245927667,0.89662506121607,0.04003757614303405,0.10842688782693588,69.1358024691358,26
2022,Tommy Paul,109.83464566929133,14.164066196464454,2.864235123253469,WC_DNCTL,254,-0.6099783216839825,2.728607033562484,0.5393112328339189,-0.11196800266993057,-0.043578690986028734,40.74074074074074,49
2022,Ugo Humbert,111.18947368421053,9.204872364783755,2.9510232512450156,WC_DNCTL,95,-0.32778968974030676,-0.12189022934409688,1.0918632274303648,-0.23591659169217916,-0.16752728000827732,17.28395061728395,68
2022,Yoshihito Nishioka,104.56,8.605076811904441,2.994708673796359,WC_DNCTL,50,-1.7086011941182606,-0.4666469861507959,1.3699942105976064,-0.5031933648182468,-0.434804053134345,1.2345679012345678,81
2023,Adrian Mannarino,107.98190045248869,11.571502534991641,2.8039504869260035,WW_DCTL,221,-0.9958750054788704,1.2384261953525828,0.155498413994146,-0.1743921776164255,-0.12238707509352192,20.98765432098765,65
2023,Alejandro Davidovich Fokina,111.66346153846153,8.76512349275049,2.9772451164523153,WC_DNCTL,104,-0.2290657316614006,-0.3746536821636571,1.2588093784493593,-0.24207046641659052,-0.19006536389368694,16.049382716049383,69
2023,Alex De Minaur,113.75862068965517,9.426715680221937,2.7997390141827685,WW_DCTL,116,0.20732183050077527,0.005623190157868344,0.1286853265556232,-0.028509158561585424,0.023495943961318155,50.617283950617285,41
2023,Alex Michelsen,110.82894736842105,8.028927961473206,2.7936575733383537,WW_DCTL,76,-0.40288145541979964,-0.7978118441745887,0.0899667558666809,-0.16727177748344535,-0.11526667496054177,22.22222222222222,64
2023,Alex Molcan,109.95555555555555,10.986110854636506,2.5627683086661657,WC_DNCTL,90,-0.5847947596247056,0.9019486469412353,-1.3800306582721602,-0.07125762517978373,-0.019252522656880156,43.20987654320987,47
2023,Alexander Bublik,115.28571428571429,13.672628370233816,3.052017928432623,WC_DNCTL,42,0.5253905801697676,2.446133263408508,1.7348637347010385,-0.010908692822844679,0.0410964097000589,56.79012345679012,36
2023,Alexander Shevchenko,112.6734693877551,8.068425484313428,2.422942286031205,WW_DCTL,49,-0.018697529863088463,-0.7751090451776225,-2.2702578067475927,0.05060109146282743,0.10260619398573101,70.37037037037037,25
2023,Alexander Zverev,123.36054421768708,8.830559394794907,2.6987973449912364,WC_DNCTL,294,2.2072462744640364,-0.3370417504658353,-0.5139776959157037,0.2848491041516632,0.3368542066745668,100,1
2023,Alexandre Muller,102.45238095238095,14.845878759575621,2.397023285472458,WBW_DNCTL,42,-2.1475839499786247,3.1205063847328414,-2.4352757163178618,-0.20331932659566743,-0.15131422407276385,18.51851851851852,67
2023,Alexei Popyrin,116.05555555555556,11.04776260953566,2.736609115633828,WC_DNCTL,90,0.6857359910692062,0.9373854869918828,-0.27324235836098265,0.07348162908472666,0.12548673160763024,75.30864197530865,21
2023,Andrey Rublev,115.72321428571429,9.585779659726038,2.6632321577484688,WC_DNCTL,224,0.6165147118793718,0.09705164679671761,-0.7404097621898078,0.05180387136527442,0.103808973888178,71.60493827160494,24
2023,Andy Murray,110.7843137254902,9.735743525772016,2.7462213045149926,WC_DNCTL,102,-0.41217791703605394,0.1832494451098511,-0.21204465469300351,-0.1516328119895498,-0.09962770946664623,27.160493827160494,60
2023,Arthur Fils,113.61057692307692,7.953808898512351,2.7828508071689297,WC_DNCTL,208,0.17648672265057463,-0.8409895643100923,0.021163564229291908,-0.11620733809536687,-0.0642022355724633,34.5679012345679,54
2023,Arthur Rinderknech,119.3529411764706,10.006428641504792,2.8297158946396035,WC_DNCTL,119,1.3725277661951878,0.3388366650682078,0.31953844750111426,0.12261080222820075,0.17461590475110433,86.41975308641975,12
2023,Aslan Karatsev,116.12121212121212,7.484771432706023,2.834377627718939,WW_DCTL,165,0.6994111854383247,-1.1105878211760603,0.3492181971497523,-0.012945316799126139,0.03905978572377744,55.55555555555556,37
2023,Ben Shelton,118.3425925925926,10.577880452508483,2.832139960994229,WBW_DNCTL,324,1.16208859492682,0.6673017096774801,0.33497169546116734,0.05956761953166634,0.11157272205456992,74.07407407407408,22
2023,Benjamin Bonzi,114.34597156398104,8.42042417092127,2.7520700999939622,WC_DNCTL,211,0.3296574612020809,-0.5727835610812853,-0.1748072619449292,-0.06495702728940378,-0.0129519247665002,45.67901234567901,45
2023,Bernabe Zapata Miralles,102.15384615384616,9.448279468614576,2.6011249804142498,WW_DCTL,52,-2.2097638912393887,0.01801784982985816,-1.1358261112798644,-0.35421689474183027,-0.3022117922189267,2.4691358024691357,80
2023,Borna Coric,113.8,8.718647533580814,2.4656850369822716,WW_DCTL,55,0.2159404675885792,-0.40136761973105034,-1.9981285093527754,0.09048496008861495,0.14249006261151853,80.24691358024691,17
2023,Borna Gojo,118.17714285714285,11.352631112175262,2.647875747603435,WC_DNCTL,175,1.1276281069623826,1.1126209913533034,-0.838179068336219,0.19275930404438724,0.24476440656729082,93.82716049382715,6
2023,Botic Van De Zandschulp,115.77966101694915,6.612599772039607,2.8541134947686366,WC_DNCTL,59,0.6282716475859358,-1.6119037640279545,0.47487009166305366,-0.10598655024785342,-0.05398144772494984,38.2716049382716,51
2023,Brandon Nakashima,115.23636363636363,7.517790348045875,2.520594823958947,WBW_DNCTL,55,0.5151116428637476,-1.0916088639110455,-1.6485356212588749,-0.005741865702646676,0.0462632368202569,58.0246913580247,35
2023,Cameron Norrie,111.25274725274726,7.736771371678968,2.6533784403155427,WC_DNCTL,91,-0.3146108348989865,-0.9657406624088138,-0.8031452001783239,-0.15191825900086076,-0.09991315647795718,24.691358024691358,62
2023,Carlos Alcaraz,113.2398753894081,9.723767530356929,2.8595274344507358,WC_DNCTL,321,0.09927562464145472,0.17636575729486656,0.5093388979295065,-0.1121393677133884,-0.060134265190484815,35.80246913580247,53
2023,Christopher Eubanks,114.39189189189189,5.704642587984429,2.7197776504257045,WC_DNCTL,74,0.33922191836481563,-2.1337888840351553,-0.38040286392731015,-0.12456443607334877,-0.072559333550445193,32.098765432098766,56
2023,Constant Lestienne,102.9041095890411,11.329857780270535,2.4983035395165674,WW_DCTL,73,-2.0534962247580086,1.09953109761957,-1.7904570333897278,-0.2341145735896059,-0.18210947106670233,17.28395061728395,68
2023,Corentin Moutet,103.74603174603175,12.34839450706859,2.795462990847756,WC_DNCTL,63,-1.8781375378486376,1.6849762829560198,0.10146126633701519,-0.3474735301966942,-0.2954684276737906,3.7037037037037033,79
2023,Daniel Altmaier,110.9171270718232,8.588673712796066,2.6459595336281074,WC_DNCTL,181,-0.38451505791824275,-0.4760753308976603,-0.8503789841385744,-0.13731146352494406,-0.08530636100204048,30.864197530864196,57
2023,Daniel Evans,114.168,7.740484272588734,2.7956803341093566,WC_DNCTL,125,0.2925888800894596,-0.963606522417527,0.10284502072242159,-0.10773127062143206,-0.055726168098528484,37.03703703703704,52
2023,Daniil Medvedev,117.61801242236025,7.942553778427294,2.45489340875345,WC_DNCTL,322,1.0111703346607184,-0.8474588998684619,-2.066835322609071,0.15873683013890882,0.2107419326618124,91.35802469135803,8
2023,Diego Schwartzman,105.70370370370371,11.671008476303507,3.1700812940090106,WC_DNCTL,54,-1.470386321128412,1.295621260312625,2.4865350709505836,-0.45084837823317014,-0.39884327571026656,0,82
2023,Dominic Stricker,115.95185185185186,8.55386911609559,2.6401219230087754,WC_DNCTL,270,0.6641361968861895,-0.4960806807586575,-0.8875451664959529,0.04101912502014837,0.09302422754305195,66.66666666666666,28
2023,Dominic Thiem,114.52173913043478,7.912687787302344,2.1404552399095857,WC_DNCTL,46,0.3662669854896409,-0.8646255863996094,-4.0687616389464205,0.17804430117968073,0.2300494037025843,92.5925925925926,7
2023,Dusan Lajovic,109.0909090909091,7.6016277198795095,2.3678159796798464,WW_DCTL,88,-0.7648865500857049,-1.0434199430799225,-2.6212292038048584,-0.06546770230106513,-0.013462599778161555,44.44444444444444,46
2023,Fabian Marozsan,110.26875,8.190899901413065,2.7081797601992603,WW_DCTL,160,-0.5195614526389405,-0.7047119196431527,-0.45424288705070975,-0.14746930899421418,-0.0954642064713106,28.39506172839506,59
2023,Frances Tiafoe,116.99481865284974,10.807259042598032,2.6704193916033914,WC_DNCTL,193,0.8813692120699065,0.7991463331004852,-0.6946509643671909,0.12702410847268863,0.17902921099559221,87.65432098765432,11
2023,Gael Monfils,114.13846153846154,10.84188965347827,2.678678173699404,WC_DNCTL,130,0.28643649915293357,0.8190516775732679,-0.6420699648031306,0.0242315699790151,0.07623667250191868,61.72839506172839,32
2023,Grigor Dimitrov,117.88,9.460387337283214,2.894015976990489,WC_DNCTL,225,1.065738084446145,0.024977337131827062,0.7289163149342975,0.029527542486597058,0.08153264500950064,62.96296296296296,31
2023,Guido Pella,113.25,9.475339111717917,2.336348644823315,WC_DNCTL,40,0.10138441629650592,0.03357147431385232,-2.8215715667753365,0.09589521613610263,0.1479003186590062,82.71604938271605,15
2023,Holger Rune,107.9,9.553950287796923,2.918501731454961,WC_DNCTL,60,-1.0129335371809387,0.07875642772615557,0.8848092092926217,-0.32858613102600287,-0.2765810285030993,6.172839506172839,77
2023,Hubert Hurkacz,115.88,8.738000518495321,2.396383267064002,WC_DNCTL,50,0.64917062520224,-0.39024370878902165,-2.4393505069183132,0.14346979617447242,0.195474898697376,90.12345679012346,9
2023,Hugo Dellien,109.42553191489361,8.689685742181494,2.8695500878821574,WC_DNCTL,47,-0.6951900602895795,-0.41801458089341625,0.5731498968857272,-0.2786146344389366,-0.226609531916033,9.876543209876543,74
2023,Jack Draper,116.03619909502262,8.441701252289628,2.7037983947678232,WC_DNCTL,221,0.6817043552771269,-0.5605536978693068,-0.48213762639146707,0.014801495518969254,0.06680659804187283,60.49382716049383,33
2023,Jannik Sinner,118.07792207792208,9.017036388342035,2.7651377378533053,WC_DNCTL,231,1.1069620330102838,-0.22985655510092848,-0.09160983009633186,0.07716266922395554,0.12916777174685912,76.5432098765432,20
2023,Jiri Lehecka,111.61538461538461,12.529422386501563,2.7870317965313065,WC_DNCTL,52,-0.23907937250860917,1.7890293795575274,0.04778257382231856,-0.0625693602588524,-0.010564257735948823,46.913580246913575,44
2023,John Isner,118.08602150537635,9.069365437246153,2.3825100803507593,WC_DNCTL,93,1.1086490119682615,-0.19977831744084865,-2.5276766082781434,0.2357496820791336,0.2877547846020372,97.53086419753086,3
2023,Karen Khachanov,111.3061224489796,6.413540629119032,3.0239424809602826,WW_DCTL,49,-0.3034936499584116,-1.7263210587154114,1.556116423760763,-0.2892074261188151,-0.23720232359591154,8.641975308641975,75
2023,Laslo Djere,113.90728476821192,6.855023455712347,2.7562966650366474,WW_DCTL,151,0.23828613924338585,-1.4725609453709383,-0.14789808670779578,-0.07598499174774931,-0.02397988922484573,41.9753086419753,48
2023,Lloyd Harris,117.77235772357723,8.420129090683337,2.5521767443956205,WC_DNCTL,123,1.0433179496478142,-0.572953170384554,-1.447463728889333,0.13736983523435953,0.1893749377572631,88.88888888888889,10
2023,Lorenzo Sonego,117,9.556224598209722,2.7559763653006337,WW_DCTL,57,0.8824484023788277,0.08006367963578448,-0.14993733173011384,0.1068668522884465,0.15887195481135008,83.9506172839506,14
2023,Luca Van Assche,114.50704225352112,6.615724211380511,3.0069675767204824,WBW_DNCTL,71,0.3632058651522689,-1.6101078661276813,1.4480426881837165,-0.25549903921473766,-0.20349393669183408,13.580246913580247,71
2023,Mackenzie Mcdonald,111.96875,9.317961405903374,2.693053013119751,WC_DNCTL,64,-0.16547911228162068,-0.056887728309175156,-0.5505500025971238,-0.09967533328453904,-0.04767023076163546,39.50617283950617,50
2023,Marco Cecchinato,111.09756097560975,7.123218647664764,2.661496826845313,WC_DNCTL,41,-0.34693361148733154,-1.3184049098271573,-0.7514580538630291,-0.17752102350279947,-0.1255159209798959,19.753086419753085,66
2023,Marcos Giron,115.0952380952381,9.22565226409632,2.6960997026453923,WC_DNCTL,42,0.48571748881320537,-0.10994614163057703,-0.531152713897992,0.006391711407723211,0.05839681393062679,59.25925925925925,34
2023,Marton Fucsovics,115.52027027027027,9.303257855674977,2.802162897736014,WC_DNCTL,148,0.5742447754382366,-0.06533918858751855,0.14411741067830167,-0.020030569826297695,0.031974532696605884,51.85185185185185,40
2023,Matteo Arnaldi,108.17857142857143,9.835156383558193,2.816698806417363,WC_DNCTL,224,-0.9549116410719669,0.24039100654811046,0.23666284887387373,-0.26935211661694913,-0.21734701409404555,11.11111111111111,73
2023,Michael Mmoh,115.42173913043479,8.73733426524671,2.899806870653651,WC_DNCTL,230,0.5537223421493993,-0.3906266647947809,0.7657850655125757,-0.07904016302130412,-0.027035060498400543,40.74074074074074,49
2023,Nicolas Jarry,115.6054054054054,9.523482018318273,2.81047121046358,WC_DNCTL,185,0.5919770389060509,0.06124355734799612,0.19701375578433752,-0.014407614055366724,0.037597488467536855,54.32098765432099,38
2023,Novak Djokovic,115.27127659574468,8.749297844167693,2.5636373894495934,WC_DNCTL,376,0.5223834442557715,-0.38375011386205227,-1.3744975014745482,0.053822482096259505,0.10582758461916308,72.8395061728395,23
2023,Nuno Borges,111.3132530120482,7.434146187207055,2.6668050241678283,WC_DNCTL,83,-0.30200846968817907,-1.1396867289071733,-0.7176624750650522,-0.1635942117786101,-0.11158910925570653,23.456790123456788,63
2023,Pavel Kotov,105.71111111111111,9.855409105623217,2.767202939422622,WBW_DNCTL,90,-1.4688434786867697,0.25203207781335546,-0.0784613583781627,-0.3774165330628997,-0.3254114305399961,1.2345679012345678,81
2023,Pedro Cachin,114.88524590163935,7.2642924882738065,2.7038188980140054,WC_DNCTL,61,0.4419795315389624,-1.2373170132511304,-0.4820070888417371,-0.0579264318450774,-0.005921329322173818,49.382716049382715,42
2023,Quentin Halys,117.79710144927536,7.531462849362095,2.6085224746100444,WC_DNCTL,69,1.0484716651209631,-1.0837500407027254,-1.0887286537416618,0.09077387045637031,0.1427789729792739,81.48148148148148,16
2023,Radu Albot,107,8.618916073713347,2.7107140549919637,WW_DCTL,50,-1.200388893840697,-0.4586923106035478,-0.43810785020857346,-0.2516184505285753,-0.1996133480056717,14.814814814814813,70
2023,Richard Gasquet,109.4074074074074,8.342328478575059,2.6370451950232905,WW_DCTL,81,-0.6989651003063676,-0.6176722193659376,-0.9071337003721066,-0.14441681272273577,-0.09241171019983219,29.629629629629626,58
2023,Rinky Hijikata,108.4423076923077,9.168135832337919,2.9453274971067764,WC_DNCTL,156,-0.8999796684244192,-0.14300603742495294,1.055600199495005,-0.33110847389530595,-0.2791033713724024,4.938271604938271,78
2023,Roberto Carballes Baena,108.208,8.335984954478404,2.837446530987318,WW_DCTL,125,-0.9487821484573788,-0.6213184164472422,0.36875691357801266,-0.2688905916276392,-0.2168854891047356,12.345679012345679,72
2023,Roman Safiullin,116.875,8.636995373139333,2.9874257262308404,WW_DCTL,120,0.8564129361760837,-0.4483005019188735,1.3236260344772441,-0.017616298384970586,0.03438880413793299,53.086419753086425,39
2023,Sebastian Baez,103.95689655172414,9.581133854457493,2.540867467776327,WC_DNCTL,116,-1.8342178296730172,0.09438128228759397,-1.5194662423441945,-0.31155848707680867,-0.2595533845539051,7.4074074074074066,76
2023,Sebastian Korda,121.24705882352941,6.062974836294987,2.5160692748502753,WC_DNCTL,85,1.767041654067356,-1.927822929146427,-1.6773483315282356,0.20962698374378852,0.2616320862666921,96.29629629629629,4
2023,Sebastian Ofner,115.07563025210084,11.595703225154423,2.6491874932083435,WC_DNCTL,119,0.4816334941147335,1.2523365209842958,-0.8298276075181471,0.08991644747049876,0.14192154999340234,79.01234567901234,18
2023,Stan Wawrinka,115.37142857142857,9.2666245024998,2.664683919797933,WW_DCTL,105,0.5432434712802184,-0.08639569020877919,-0.73116686186836,0.07913562487605563,0.1311407273989592,77.77777777777779,19
2023,Stefanos Tsitsipas,117.78350515463917,6.253710238936349,2.593828717447215,WW_DCTL,97,1.0456397781650992,-1.8181900408944414,-1.1822790622632962,0.11032460796416399,0.16232971048706757,85.18518518518519,13
2023,Tallon Griekspoor,114.1195652173913,7.030299246916482,2.4000131618361356,WC_DNCTL,92,0.28250070292428925,-1.371814094161082,-2.416240138680933,0.03330911267354164,0.08531421519644522,64.19753086419753,30
2023,Taro Daniel,113.03389830508475,8.905569937994667,2.4229992391215185,WC_DNCTL,59,0.0563739493019318,-0.29392640645283735,-2.2698952048067573,0.037156435393180254,0.08916153791608383,65.4320987654321,29
2023,Taylor Fritz,120.84375,8.984581090313618,2.5955873746915588,WC_DNCTL,96,1.6830389881132075,-0.24851155051688018,-1.1710822593057746,0.24295965976090228,0.29496476228380586,98.76543209876543,2
2023,Tommy Paul,111.88557213930348,12.845693472756537,2.8290012780866545,WC_DNCTL,201,-0.1828037073294677,1.9708189801065261,0.31498871459591693,-0.06161158506291753,-0.00960648254001395,48.148148148148145,43
2023,Ugo Humbert,118,5.656854249492381,2.2516291673878226,WC_DNCTL,6,1.0907321320007801,-2.1612571647061434,-3.360953131068433,0.1928228102554772,0.24482791277838079,95.06172839506173,5
2023,Yannick Hanfmann,113.52307692307693,12.159239918046497,2.790539056232772,WW_DCTL,65,0.1582618963086556,1.5762520312784112,0.0701121641529374,0.04190584669323816,0.09391094921614174,67.90123456790124,27
2023,Yibing Wu,113.20472440944881,9.262776318246045,2.8433514852707824,WC_DNCTL,127,0.09195424743566868,-0.08860758977447357,0.4063518513055193,-0.11938185686157132,-0.06737675433866774,33.33333333333333,55
2023,Yoshihito Nishioka,108.27083333333333,9.92469428937681,2.5437120982886268,WC_DNCTL,48,-0.9356949874461334,0.2918565398837687,-1.501355398155756,-0.15173797162930436,-0.09973286910640078,25.925925925925924,61
2023,Yosuke Watanuki,111.68354430379746,14.012397719197123,2.7439118826658846,WW_DCTL,79,-0.22488281839611096,2.6414294409953443,-0.2267479980951509,0.047200021820477,0.09920512434338058,69.1358024691358,26
2024,Adam Walton,108.63235294117646,7.491098023982639,2.629495163220274,WC_DNCTL,68,-0.8603963351930995,-1.1069513569180358,-0.9552023156143855,-0.240928199457985,-0.16104301870152682,20,73
2024,Adrian Mannarino,102.88235294117646,12.09851281321319,2.710136024338288,WW_DCTL,68,-2.0580277805193266,1.5413466712568378,-0.4417879847847845,-0.30065038661179816,-0.22076520585533999,13.333333333333334,79
2024,Alejandro Davidovich Fokina,111.95945945945945,6.970464478517853,3.0729007710196736,WC_DNCTL,74,-0.16741418071560987,-1.4062065477202403,1.8678180522021874,-0.3200922192166743,-0.24020703846021613,10,82
2024,Alejandro Tabilo,108.53703703703704,7.980431167627716,2.713427669616663,WC_DNCTL,54,-0.8802490871995476,-0.8256873382182373,-0.42083114188287224,-0.2652709937308984,-0.18538581297444023,16.666666666666664,76
2024,Aleksandar Kovacevic,116.8840579710145,8.150308965424811,2.3386675723734327,WW_DCTL,69,0.8582995641617911,-0.7280432020774432,-2.8068077036434222,0.2353327572144236,0.31521793797088177,93.33333333333333,7
2024,Aleksandar Vukic,111.92682926829268,11.03039039178224,2.473782315047491,WW_DCTL,41,-0.17421051863010287,0.927400102101218,-1.9465757538171922,0.08473488021135633,0.1646200609678145,80,19
2024,Alex De Minaur,114.48730964467005,8.503066155898717,2.8944839340602404,WC_DNCTL,197,0.3590958837855964,-0.5252817372012655,0.7318956465348345,-0.11611146648590931,-0.03622628572945115,44.44444444444444,51
2024,Alexander Bublik,105.05,13.654998145696482,2.558694969562842,WC_DNCTL,40,-1.606542166603505,2.435999578681958,-1.4059642934166858,-0.16876680007920497,-0.08888161932274681,32.22222222222222,62
2024,Alexander Shevchenko,106.61643835616438,10.936216765340214,2.6341556788493965,WC_DNCTL,73,-1.280278543558707,0.8732700008141702,-0.9255303170782456,-0.21921019217131454,-0.13932501141485637,24.444444444444443,69
2024,Alexander Zverev,123.97767857142857,6.444272457120473,2.631025761100044,WC_DNCTL,224,2.3357853193391476,-1.7086566974148703,-0.9454574930106031,0.26889036920499,0.34877554996144816,95.55555555555556,5
2024,Alexandre Muller,107.91390728476821,9.793154341920683,2.892584669948503,WC_DNCTL,151,-1.0100368760405016,0.2162486340601948,0.7198036450423254,-0.3109137932232135,-0.23102861246675532,12.222222222222221,80
2024,Alexei Popyrin,115.78761061946902,9.517325674257775,2.741825939201879,WC_DNCTL,113,0.6299274204477868,0.05770494956423587,-0.24002852676105363,0.01996808300957076,0.09985326376602892,68.88888888888889,29
2024,Andrey Rublev,115.78544061302682,8.8556771609059,2.7106717740931967,WC_DNCTL,261,0.6294754434127019,-0.3226042983355465,-0.4383770390422042,0.014523532296349284,0.09440871305280744,64.44444444444444,33
2024,Arthur Cazaux,113.53488372093024,12.230618948651358,2.6999619711034013,WC_DNCTL,43,0.16072106020043556,1.6172800165263936,-0.5065628974158615,0.032374913547286166,0.11226009430374433,72.22222222222221,26
2024,Arthur Fils,118.65333333333334,8.044627774859197,2.7617751018683863,WC_DNCTL,75,1.2268108353537897,-0.7887877413458141,-0.11301864791009755,0.07209695043386799,0.15198213119032616,77.77777777777779,21
2024,Arthur Rinderknech,114.87591240875912,9.25333426033275,2.6032774748851413,WC_DNCTL,137,0.440035516831468,-0.09403479450805677,-1.122121873836642,0.03749960420586662,0.11738478496232478,73.33333333333333,25
2024,Ben Shelton,115.55,11.062884858103143,2.832399655888802,WC_DNCTL,160,0.580436994426996,0.946077611077703,0.3366250890220577,0.016862186683290314,0.09674736743974847,65.55555555555556,32
2024,Borna Coric,112.71428571428571,12.34449491157288,2.020464865311431,WC_DNCTL,35,-0.01019615314382703,1.682734832699336,-4.8327016195742205,0.285242682975028,0.36512786373148615,96.66666666666667,4
2024,Botic Van De Zandschulp,111.82467532467533,10.033364677746048,2.901352371639443,WC_DNCTL,154,-0.19548752300231573,0.35431924150810307,0.7756247713814864,-0.1705202415522249,-0.09063506079576673,31.11111111111111,63
2024,Brandon Nakashima,116.94736842105263,9.341152477513756,2.6174397335991473,WC_DNCTL,228,0.8714861008197773,-0.04355772178130742,-1.0319553443641187,0.10688036114121813,0.1867655418976763,83.33333333333334,16
2024,Carlos Alcaraz,117.02222222222223,9.158922348500319,2.7205167745437895,WBW_DNCTL,45,0.8870769297037607,-0.14830185996230524,-0.37569709926624995,0.02003576780039107,0.09992094855684923,70,28
2024,Casper Ruud,112.38372093023256,9.099324733980211,2.836682711510782,WC_DNCTL,258,-0.07904741924809286,-0.18255799973649,0.3638939215416744,-0.1499746462705639,-0.07008946551410573,35.55555555555556,59
2024,Christopher Eubanks,111.08,10.102184982177935,2.2668823330355607,WC_DNCTL,100,-0.3505912769831313,0.3938764953831762,-3.2638411493076482,0.06531974135873797,0.14520492211519614,76.66666666666667,22
2024,Constant Lestienne,105.12765957446808,8.931178950553422,2.3992779534991446,WC_DNCTL,47,-1.5903669407924383,-0.27920659055491104,-2.4209209728278323,-0.23019652348128655,-0.15031134272482838,23.333333333333332,70
2024,Corentin Moutet,101.92857142857143,9.838681393761272,2.7480638507320547,WW_DCTL,42,-2.25668495120917,0.2424171487552178,-0.2003137577266236,-0.41166917092887223,-0.33178399017241406,4.444444444444445,87
2024,Daniel Altmaier,109.46428571428571,7.0606831647686015,2.3444793303050036,WC_DNCTL,56,-0.6871182744151726,-1.3543497082924434,-2.7698061170034385,-0.10665038516127079,-0.02676520440481263,47.77777777777778,48
2024,Daniel Evans,109.56084656084656,8.71735559910371,2.933192089636952,WC_DNCTL,189,-0.667006221158026,-0.40211021133279684,0.9783379776004946,-0.29919343017256317,-0.219308249416105,14.444444444444443,78
2024,Daniil Medvedev,115.74058577405857,9.555216868461239,2.4918581211830526,WC_DNCTL,239,0.620132910260803,0.07948444619839573,-1.8314929312551476,0.12183529602291554,0.20172047677937371,86.66666666666667,13
2024,David Goffin,102.55172413793103,8.763903068924213,2.62309269452584,WW_DCTL,116,-2.1268923807797275,-0.37535517012610886,-0.9959647669924745,-0.3680078117924991,-0.2881226310360409,7.777777777777778,84
2024,Denis Shapovalov,113.5625,7.587521250276947,2.5340723338208275,WC_DNCTL,48,0.16647308180336606,-1.0515282071156016,-1.562728666682083,-0.02594625470967593,0.05393892604678223,56.666666666666664,40
2024,Dominik Koepfer,107.45121951219512,5.81218906302143,2.872063263125604,WBC_DNCTL,82,-1.1064072109624987,-2.071972197062804,0.5891504723754067,0.22761624501356484,0.307501425770023,92.22222222222223,8
2024,Dusan Lajovic,106.015625,12.898249158285257,2.4498493325914485,WW_DCTL,64,-1.4054181901873066,2.0010274863344475,-2.098949327239771,-0.06192729306232503,0.01795788769413313,51.11111111111111,45
2024,Fabian Marozsan,111.6030534351145,7.683828562249799,2.918079671793255,WW_DCTL,131,-0.2416477567259082,-0.9961716837583635,0.8821220916728344,-0.2005457822429495,-0.12066060148649134,27.77777777777778,66
2024,Fabio Fognini,110.47222222222223,6.50048838214093,2.4451236730445896,WC_DNCTL,36,-0.4771814993200274,-1.6763443204759216,-2.129036076070844,-0.1278580103276291,-0.04797282957117095,38.88888888888889,56
2024,Facundo Diaz Acosta,109.38372093023256,6.820675496392288,2.682957917881162,WC_DNCTL,86,-0.7038986081139503,-1.4923038244257532,-0.614822215154432,-0.25482908432492213,-0.17494390356846395,18.88888888888889,74
2024,Federico Coria,108.47272727272727,9.525510670581054,2.7973781716304953,WC_DNCTL,55,-0.8936437647610951,0.0624096072985964,0.11365460413568826,-0.2595858847298003,-0.17970070397334215,17.77777777777778,75
2024,Flavio Cobolli,110.67836257309942,11.523201643926525,2.82587763116516,WW_DCTL,171,-0.434245818213748,1.2106633043565675,0.2951014630002264,-0.08996771408904469,-0.010082533332586532,48.888888888888886,47
2024,Frances Tiafoe,117.50877192982456,8.034337776520616,2.8993673226790984,WC_DNCTL,228,0.9884173174496457,-0.7947023341395182,0.7629866054503486,-0.02480789721647525,0.05507728353998291,57.77777777777777,39
2024,Francisco Cerundolo,109.72881355932203,8.675829501183507,2.8840715868820292,WC_DNCTL,59,-0.6320214282621487,-0.4259790159164266,0.6656035932909664,-0.2742923963173885,-0.19440721556093032,15.555555555555555,77
2024,Gabriel Diallo,119.45454545454545,9.629129898516041,2.8953777695860032,WC_DNCTL,154,1.3936902841781653,0.1219689501349846,0.7375864087857443,0.08891630149271013,0.1688014822491683,81.11111111111111,18
2024,Gael Monfils,115.08196721311475,10.820189588553449,2.7484297297208307,WC_DNCTL,61,0.4829533799891806,0.8065786874517793,-0.19798432431553808,0.028189644203171937,0.1080748249596301,71.11111111111111,27
2024,Grigor Dimitrov,118.31481481481481,9.281299051172454,2.729810799671651,WC_DNCTL,162,1.1563029357706531,-0.07796089974776356,-0.31652504150819255,0.10721430306453417,0.18709948382099234,85.55555555555556,14
2024,Hamad Medjedovic,119.14285714285714,8.693182879212227,2.822173432772194,WC_DNCTL,77,1.3287706801401535,-0.416004459919634,0.27151802759517113,0.08231597900939447,0.16220115976585264,78.88888888888889,20
2024,Holger Rune,112.83783783783784,8.732167586043614,2.8979455971065056,WBC_DNCTL,37,0.015537743952322968,-0.39359642266805833,0.75393493768098,0.48631868918486404,0.5662038699413222,100,1
2024,Hubert Hurkacz,117.90625,8.520788146947517,2.5136399122082125,WC_DNCTL,32,1.0712055323487222,-0.5150953059601338,-1.6928152992406933,0.1606329968496666,0.24051817760612476,90,10
2024,Hugo Gaston,103,9.176939370847789,2.963875210299606,WBW_DNCTL,38,-2.033523812328507,-0.137945847547726,1.1736875019529982,-0.5719021571425028,-0.49201697638604464,1.1111111111111112,90
2024,Jack Draper,115.67796610169492,8.072418347268314,2.5663733900836334,WC_DNCTL,236,0.6070902513531967,-0.7728139856759438,-1.3570782686538656,0.0484312166789127,0.12831639743537088,75.55555555555556,23
2024,Jakub Mensik,120.78205128205128,4.903344832131485,2.648550720602555,WC_DNCTL,78,1.6701881490259562,-2.594367183120898,-0.8338817331408012,0.10718107630663154,0.1870662570630897,84.44444444444444,15
2024,James Duckworth,108.04761904761905,13.375987839828662,2.7685821414264358,WW_DCTL,63,-0.9821868913796034,2.275627118924843,-0.06968042444405478,-0.10810863355324363,-0.028223452796785467,46.666666666666664,49
2024,Jannik Sinner,117.47142857142858,7.803540100187741,2.820800320167786,WC_DNCTL,280,0.9806393034863203,-0.9273626347854191,0.26277586290134214,-2.3732561882772174e-4,0.07964785513763044,62.22222222222222,35
2024,Jiri Lehecka,118.953125,8.542015091616078,2.948837603168986,WC_DNCTL,64,1.2892525617967037,-0.5028942608444813,1.077947911685639,0.019576108535697134,0.0994612892921553,66.66666666666666,31
2024,Jordan Thompson,109.95541401273886,9.459321782109683,2.5586772020703563,WC_DNCTL,157,-0.5848242406904675,0.02436486619225177,-1.406077413305767,-0.11144605203037006,-0.0315608712739119,45.55555555555556,50
2024,Juncheng Shang,106.26857142857143,9.288596748521826,2.863983200286973,WC_DNCTL,175,-1.3527335646498955,-0.07376625299146676,0.537707320630217,-0.3708293425944307,-0.2909441618379725,6.666666666666667,85
2024,Karen Khachanov,112.14141414141415,9.550093600364153,2.81744279946914,WC_DNCTL,99,-0.12951598093591027,0.07653964061435414,0.2413996124639978,-0.13824110244286725,-0.05835592168640909,37.77777777777778,57
2024,Lorenzo Musetti,112.72619047619048,8.195005329268255,2.930597649536767,WC_DNCTL,168,-0.007716584934039485,-0.7023521589115753,0.9618200150013032,-0.20123913473599997,-0.12135395397954181,26.666666666666668,67
2024,Lorenzo Sonego,113.9076923076923,9.268095605562458,2.8178345288804203,WW_DCTL,65,0.2383710230863271,-0.08555011421480002,0.24389362717031915,-0.03503929859263233,0.04484588216382583,54.44444444444444,42
2024,Luca Nardi,106.73529411764706,6.096739434243132,2.579311742431411,WBW_DNCTL,34,-1.2555228222700376,-1.9084153606381178,-1.2747039559223763,-0.36745514801473733,-0.28756996725827916,8.88888888888889,83
2024,Luciano Darderi,110.23728813559322,11.471612614069157,2.4417183110493395,WC_DNCTL,59,-0.5261144470984447,1.1810104225786846,-2.150716916599881,0.001579541401808715,0.08146472215826688,63.33333333333333,34
2024,Mackenzie Mcdonald,110.8225806451613,8.3263834936636,2.5866086668687864,WC_DNCTL,62,-0.4042075402858132,-0.6268372444465958,-1.2282467935708161,-0.12349226047672279,-0.04360707972026463,40,55
2024,Marcos Giron,106.54098360655738,11.070341413723131,2.5998122268724133,WW_DCTL,61,-1.2959945402245445,0.9503635680511341,-1.1441839893069827,-0.15506681546689705,-0.07518163471043889,34.44444444444444,60
2024,Mariano Navone,108.39473684210526,6.565690415950152,2.912548285943683,WC_DNCTL,114,-0.9098879025258693,-1.6388668140066616,0.8469055435712189,-0.39069367871682925,-0.3108084979603711,5.555555555555555,86
2024,Matteo Arnaldi,108.80952380952381,7.270619283245737,2.5342436128428614,WC_DNCTL,21,-0.8234945259533544,-1.233680431910984,-1.5616381884398682,-0.20169765491922387,-0.12181247416276571,25.555555555555554,68
2024,Matteo Berrettini,122.88636363636364,5.958054579837395,2.3274934683473782,WC_DNCTL,44,2.108482174471685,-1.988130090755084,-2.877949616832585,0.3416575116405287,0.4215426923969869,98.88888888888889,2
2024,Mattia Bellucci,113.96078431372548,8.991019484605125,2.55032904611298,WC_DNCTL,51,0.24942922411602952,-0.24481082295341755,-1.459227427394096,0.01986272667749711,0.09974790743395527,67.77777777777779,30
2024,Max Purcell,112.74074074074075,9.697665903156917,2.549234063992182,WBW_DNCTL,54,-0.004686001566524006,0.1613627912047459,-1.4661988250828837,-0.045398527848055314,0.034486652908402846,53.333333333333336,43
2024,Maximilian Marterer,115.88372093023256,7.691087304163553,2.725586932156558,WC_DNCTL,43,0.6499456344287409,-0.9919994282145047,-0.3434170424579446,-0.020068412301489258,0.0598167684549689,60,37
2024,Miomir Kecmanovic,113.22619047619048,6.872945371801206,2.8549191353545003,WC_DNCTL,84,0.09642527987693676,-1.4622595991257117,0.4799993452020879,-0.18889324258154422,-0.10900806182508606,30,64
2024,Novak Djokovic,114.89189189189189,6.974645996943005,2.8411505069802274,WC_DNCTL,74,0.4433637831757919,-1.4038030508555792,0.39233893303370115,-0.12193681075819618,-0.04205163000173802,42.22222222222222,53
2024,Nuno Borges,115.39411764705882,6.255219887746988,2.668473429586068,WC_DNCTL,170,0.5479692365741622,-1.8173223091725659,-0.7070402763498805,-0.0532230475059664,0.026662133250491757,52.22222222222223,44
2024,Pavel Kotov,102.5505617977528,16.301848219223945,2.6749371205889365,WC_DNCTL,89,-2.127134477327138,3.9573837282015045,-0.6658880422973394,-0.2316692370093632,-0.15178405625290503,22.22222222222222,71
2024,Pedro Martinez,103.97727272727273,11.080023164201368,3.124316428087205,WC_DNCTL,44,-1.8299738038343247,0.9559285457824047,2.195164943114716,-0.5089462177948154,-0.42906103703835724,2.2222222222222223,89
2024,Rinky Hijikata,108.08088235294117,10.526900389396628,2.7662453126489015,WC_DNCTL,136,-0.9752586860875578,0.6379988561703616,-0.0845582589121828,-0.23313381583534182,-0.15324863507888364,21.11111111111111,72
2024,Roberto Bautista Agut,106.20652173913044,9.442175717187617,2.7333351044590195,WC_DNCTL,92,-1.3656575053885502,0.014509471789689265,-0.2940869306180044,-0.3152362347601825,-0.2353510540037243,11.11111111111111,81
2024,Roberto Carballes Baena,108.14754098360656,9.11744859335434,2.6085859496440076,WW_DCTL,61,-0.9613747778810787,-0.17214057841909247,-1.0883245286909768,-0.15576193442237607,-0.07587675366591791,33.33333333333333,61
2024,Roman Safiullin,106.73913043478261,10.716246761997954,2.440251218626855,WC_DNCTL,23,-1.2547237798290325,0.7468333432181187,-2.1600574204575076,-0.14143456247319142,-0.061549381716733256,36.666666666666664,58
2024,Sebastian Baez,104.23655913978494,9.075046831191138,2.816900835479369,WC_DNCTL,93,-1.7759686627959856,-0.1965127064485509,0.23794910269408465,-0.42877510224737303,-0.34888992149091486,3.3333333333333335,88
2024,Sebastian Korda,113.32631578947368,9.46375179219756,2.876268524465285,WC_DNCTL,95,0.11727975355712818,0.026911193691989927,0.6159240138126241,-0.12309474547007437,-0.043209564713616214,41.11111111111111,54
2024,Sebastian Ofner,115.53521126760563,7.342305955246121,2.837439920011838,WC_DNCTL,71,0.57735674208751675,-1.192475617326287,0.3687148236312399,-0.0877326740518769,-0.007847493295418742,50,46
2024,Stan Wawrinka,115.1063829787234,9.35120090533178,2.500566385641993,WW_DCTL,47,0.4880387867117259,-0.037781981416248056,-1.7760502225850219,0.13942636370920714,0.2193115444656653,87.77777777777777,12
2024,Stefanos Tsitsipas,119.78125,5.730643748984732,2.291677696490336,WC_DNCTL,64,1.461737525389883,-2.1188436649573528,-3.105977074453834,0.2410100281400286,0.32089520889648676,94.44444444444444,6
2024,Sumit Nagal,94.88095238095238,10.729949834975546,2.884722628973761,WC_DNCTL,42,-3.7245893314019787,0.7547097387254901,0.669748568124249,-0.7399098320618169,-0.6600246513053588,0,91
2024,Tallon Griekspoor,115.52054794520548,10.860363188423989,2.743299070787748,WC_DNCTL,73,0.5743026106093637,0.8296700890704309,-0.23064957349967777,0.04680377442733663,0.1266889551837948,74.44444444444444,24
2024,Taylor Fritz,119.08680555555556,9.42656004909915,2.4216640645347063,WW_DCTL,288,1.3170960464857497,0.00553373487449261,-2.278395830389434,0.3136898795104248,0.393575060266883,97.77777777777777,3
2024,Thanasi Kokkinakis,117.55844155844156,7.120196453701457,2.529355748616578,WC_DNCTL,77,0.998762692946931,-1.3201420380606508,-1.592757642103077,0.10356919960990507,0.18345438036636325,82.22222222222221,17
2024,Thiago Monteiro,116.18181818181819,6.230771286326503,2.641249800455479,WC_DNCTL,22,0.7120344417790495,-1.831375131828092,-0.8803643348861603,-0.01505705043427974,0.06482813032217842,61.111111111111114,36
2024,Thiago Seyboth Wild,113.84905660377359,7.9333672800760056,2.5690708754471063,WC_DNCTL,53,0.22615815998512953,-0.8527392114059462,-1.3399042501276583,-0.02074458286834502,0.05914059788811314,58.88888888888889,38
2024,Tomas Machac,112.62874251497006,6.294471678418333,2.7839792343853804,WC_DNCTL,167,-0.02801340974108497,-1.794760754679962,0.028347896045591365,-0.19666087746080235,-0.11677569670434419,28.888888888888886,65
2024,Tommy Paul,110.91189427312776,14.18902696518901,2.8803603160836064,WW_DCTL,227,-0.385604964746891,2.7429542450940967,0.6419751301634311,-0.031009064751524762,0.0488761160049334,55.55555555555556,41
2024,Ugo Humbert,116,7.047458170621991,2.2522381921018906,WC_DNCTL,25,0.6741646727568752,-1.3619513086525754,-3.357075667314985,0.160431361521163,0.24031654227762117,88.88888888888889,11
2024,Yunchaokete Bu,113.6590909090909,9.0398167861095,2.1444941835559255,WC_DNCTL,44,0.18659139659639504,-0.21676259997676,-4.043046988573215,0.17698292155815165,0.2568681023146098,91.11111111111111,9
2024,Zizou Bergs,110.49579831932773,11.551560133518858,2.7670001370644703,WC_DNCTL,119,-0.4722709818849637,1.2269634934007445,-0.07975253552530105,-0.1205032891797938,-0.040618108423335644,43.333333333333336,52
