predictor,outcome,n,rmse,cor,p_value
SQS_prob,serve_efficiency,0,NA,NA,NA
SQS_prob,win_pct,0,NA,NA,NA
welo,serve_efficiency,168,1.4865776302245035,-0.11157303148172232,0.14990861840859535
welo,win_pct,168,1.1940637224062063,0.2828370865509491,2.0339723758240982e-4
