predictor,outcome,n,rmse,cor,p_value,serve_type
SQS_first,serve_efficiency,142,1.0363117962305886,0.4592206250391952,9.019281813223718e-9,first
welo,serve_efficiency,142,1.4023809483550624,0.009689822510947903,0.9088813465410239,first
SQS_first,win_pct,142,1.3610161360849136,0.0672488687196518,0.4265085171980535,first
welo,win_pct,142,1.210486998607854,0.26216458908011214,0.0016229257997858388,first
