outcome,n_players,rmse,cor,p_value
serve_efficiency,166,0.07449576788133298,0.4688183615278556,1.8850543769228751e-10
win_percentage,166,0.15983423144830144,0.01223944434553281,0.8756322366279704
