predictor,outcome,n,rmse,cor,p_value,serve_type
SQS_first,serve_efficiency,142,1.0363117962305886,0.4592206250391952,9.019281813223718e-9,first
avg_speed_first,serve_efficiency,142,1.1608509247939989,0.32143393091311434,9.599418134311567e-5,first
welo,serve_efficiency,142,1.4023809483550624,0.009689822510947903,0.9088813465410239,first
SQS_first,win_pct,142,1.3610161360849136,0.0672488687196518,0.4265085171980535,first
avg_speed_first,win_pct,142,1.2886336183250642,0.16382312934960386,0.05140232570148162,first
welo,win_pct,142,1.210486998607854,0.26216458908011214,0.0016229257997858388,first
