outcome,n_players,rmse,cor,p_value
serve_efficiency,168,0.17892538502407562,0.13698618039900817,0.07661988702375822
win_percentage,168,0.0668211664661621,0.1636952716284535,0.03398788650082703
