"cluster","avg_overperf_lm","avg_overperf_rf","avg_overperf_xgb","avg_rf_weighted_baseline"
"1",-0.0108007090660581,-0.00751121591420575,-0.00329869302377275,-0.337898830846473
"2",0.00143062370891343,0.00716616263113472,0.00875631269657893,0.235369510033918
"3",0.00509097770193517,0.00394173267147821,0.00982122857407962,0.280510787039522
"4",0.000883731893915917,-0.00392353677865525,-0.00461516350618393,-0.225888939663597
