"cluster","avg_overperf_lm","avg_overperf_rf","avg_overperf_xgb","avg_rf_weighted_baseline"
"1",0.229016448629441,0.115169373905077,-0.0100644639828525,-0.178689416945902
"2",0.334716960022878,0.257505507669576,0.0948137866093166,0.338938259916232
"3",0.366348941268217,0.226236102670982,0.104078528315041,0.379698184511259
"4",0.32999084018086,0.149961443603649,-0.021517724508347,-0.0775510570819484
