"cluster","avg_overperf_lm","avg_overperf_rf","avg_overperf_xgb","avg_rf_weighted_baseline"
"1",-0.0705842654512497,-0.0613135723769762,-0.0281735589919817,-0.270862206022638
"2",0.00934934206756212,0.0584969246215208,0.0747861321230661,0.188673942903404
"3",0.0332703083956814,0.0321761102601624,0.0838813919972174,0.224859524965902
"4",0.00577532143550851,-0.0320275783574309,-0.0394173026595857,-0.181074247460762
