"cluster","avg_overperf_lm","avg_overperf_rf","avg_overperf_xgb","avg_rf_weighted_baseline"
"1",0.0328830662011542,0.0647853305397881,-0.0621190748384988,0.0132650886537987
"2",-0.008996020700511,-0.015787596991304,0.0259489692914336,-0.126440380002647
"3",-0.0293716026078879,-0.0337397673139345,-0.0823408780355906,-0.403840115088183
"4",0.0838403834126864,0.0831236141840012,0.00658024836714893,-0.0736762504670687
