"cluster","avg_overperf_lm","avg_overperf_rf","avg_overperf_xgb","avg_rf_weighted_baseline"
"1",0.00470706323312444,0.00979807086402642,-0.00108414245486068,0.288047116495108
"2",-0.00306668228083538,-0.00639465201444448,0.0163315113680612,0.0890562223929987
"3",-0.00684887048419113,-0.010002495591796,-0.00508304952308418,-0.306060889622875
"4",0.0141659422437082,0.0134835115475978,0.0125013032381696,0.164211342760005
