"cluster","avg_overperf_lm","avg_overperf_rf","avg_overperf_xgb","avg_rf_weighted_baseline"
"1",0.0251687186489363,0.0479846925056522,-0.0051884687924948,0.170088523590678
"2",-0.0163975837351966,-0.0313169209380133,0.0781590432950528,0.052586679456121
"3",-0.0366209854727598,-0.0489858342445419,-0.0243263638491282,-0.180725450329888
"4",0.0757454482913993,0.0660336268727506,0.0598285044792319,0.0969649173605472
