"cluster","avg_overperf_lm","avg_overperf_rf","avg_overperf_xgb","avg_rf_weighted_baseline"
"1",0.00425155155610005,0.00738249964101769,0.00469215578156722,0.395449026857909
"2",-0.00207064240677563,-0.00239224624590745,-0.00162867840819554,-0.222899209452859
"3",-0.0034283588647993,-0.00648976196180322,-0.00208696442003063,-0.0893616407964575
"4",0.000275349770180094,0.00118065509738096,0.00465381373332768,-0.0553671379634431
