"cluster","avg_overperf_lm","avg_overperf_rf","avg_overperf_xgb","avg_rf_weighted_baseline"
"1",0.0376763461754992,0.0633362276393436,0.0416154746804035,0.331212186278914
"2",-0.0183495928707285,-0.0205236519021723,-0.014445007415364,-0.186691405133361
"3",-0.0303813875239716,-0.0556772178699707,-0.0185096188242239,-0.074845713119685
"4",0.00244009113467406,0.0101291220653503,0.0412754129663455,-0.046373285979706
