outcome,n_players,rmse,cor,p_value
serve_efficiency,126,0.07179555679855146,0.4727213423431108,2.282753558322376e-8
win_percentage,126,0.17575906193942273,0.14600431139240866,0.10282386646386446
