outcome,n_players,rmse,cor,p_value
serve_efficiency,129,0.18612034403190234,0.34054277563829216,7.85200016063816e-5
win_percentage,129,0.06732558169475729,0.14405935835746925,0.10335922180571532
