outcome,n_players,rmse,cor,p_value
serve_efficiency,153,0.19604373662949695,0.29368114147338703,2.2921497229916058e-4
win_percentage,153,0.083875673211958,0.22165987216040978,0.005893713268141357
