"cluster","avg_overperf_lm","avg_overperf_rf","avg_overperf_xgb","avg_rf_weighted_baseline"
"1",-0.0963823411529269,0.105475842679641,0.195784810206041,0.215315813631065
"2",0.0132029924749697,0.11742125711847,0.295783038749379,-0.577601340508517
"3",-0.0535321875386336,0.0821634921198766,0.168535946136183,-0.0668237614989404
"4",0.0645628008718779,0.202970213060486,0.268520825280132,0.0386703308347776
