"cluster","avg_overperf_lm","avg_overperf_rf","avg_overperf_xgb","avg_rf_weighted_baseline"
"1",-0.00245837675656051,0.00559534080488614,0.00163601750419883,0.216485885156127
"2",0.0155024756288377,0.00751337546477806,0.020651353888845,-0.366234693160815
"3",0.00456469155266476,0.00185215578555089,-0.00354553744868006,0.00913946122327894
"4",0.0239202620845644,0.0212496810115305,0.015467260457799,0.0866678362531164
