"cluster","avg_overperf_lm","avg_overperf_rf","avg_overperf_xgb","avg_rf_weighted_baseline"
"1",-0.0138705735012123,0.0325486191491197,0.00724701561260263,0.272942379995782
"2",0.0874675645572699,0.0437060055955569,0.0914786569640835,-0.461743585343899
"3",0.0257547544421887,0.0107741628921139,-0.0157055564379394,0.0115229050446493
"4",0.134962125934032,0.123611375678959,0.0685148402961322,0.109269597317859
